types, dx, dy, counts
Farmland, 2, 0, 6;24;6
Farmland, 2, 1, 7;20;11
Farmland, 2, 1, 7;22;9
Farmland, 2, 1, 9;22;7
Farmland, 2, 1, 11;20;7
Farmland, 3, 0, 8;20;8
Farmland, 3, 1, 7;18;13
Farmland, 3, 1, 13;18;7
Farmland, 4, 0, 12;18;12
Farmland, 4, 1, 13;17;14
Farmland, 4, 1, 14;17;13
Farmland, 6, 0, 16;16;16
Farmland, 6, 1, 16;13;19
Farmland, 6, 1, 16;14;18
Farmland, 6, 1, 18;14;16
Farmland, 6, 1, 19;13;16
Farmland, 7, 4, 24;8;24
Farmland, 8, 0, 20;12;20
Farmland, 8, 0, 22;10;22
Farmland, 8, 2, 23;9;23
Farmland, 8, 4, 24;7;25
Farmland, 8, 6, 26;5;27
Farmland, 8, 6, 26;6;26
Farmland, 8, 6, 27;5;26
Farmland, 8, 8, 28;4;28
Starfall Hammock, 2, 0, 0;8;0
Starfall Hammock, 2, 1, 2;6;2
Starfall Hammock, 2, 2, 4;4;4
Starfall Hammock, 7, 0, 3;5;3
Starfall Hammock, 7, 0, 5;3;5
Starfall Hammock, 7, 2, 6;2;6
Starfall Hammock, 7, 7, 7;1;7
Starfall Hammock;Farmland, 2, 0, 0;1;5;13;3;1
Starfall Hammock;Farmland, 2, 0, 0;1;8;8;0;1
Starfall Hammock;Farmland, 2, 0, 0;6;0;24;0;6
Starfall Hammock;Farmland, 2, 0, 0;6;0;24;1;5
Starfall Hammock;Farmland, 2, 0, 0;6;0;24;2;4
Starfall Hammock;Farmland, 2, 0, 1;1;5;12;3;1
Starfall Hammock;Farmland, 2, 0, 1;5;0;24;0;6
Starfall Hammock;Farmland, 2, 0, 1;5;0;24;1;5
Starfall Hammock;Farmland, 2, 0, 1;5;0;24;2;4
Starfall Hammock;Farmland, 2, 0, 1;5;0;24;3;1
Starfall Hammock;Farmland, 2, 0, 2;1;5;11;3;1
Starfall Hammock;Farmland, 2, 0, 2;4;0;24;2;4
Starfall Hammock;Farmland, 2, 0, 3;1;0;24;2;4
Starfall Hammock;Farmland, 2, 0, 3;1;0;24;3;1
Starfall Hammock;Farmland, 2, 0, 3;1;4;14;3;1
Starfall Hammock;Farmland, 2, 0, 3;1;5;11;2;1
Starfall Hammock;Farmland, 2, 0, 3;1;5;12;0;2
Starfall Hammock;Farmland, 2, 0, 3;1;5;12;1;1
Starfall Hammock;Farmland, 2, 1, 0;7;0;19;5;2
Starfall Hammock;Farmland, 2, 1, 0;7;0;20;0;11
Starfall Hammock;Farmland, 2, 1, 0;8;0;19;0;11
Starfall Hammock;Farmland, 2, 1, 0;8;0;22;0;8
Starfall Hammock;Farmland, 2, 1, 0;9;0;22;0;7
Starfall Hammock;Farmland, 2, 1, 0;9;0;22;1;6
Starfall Hammock;Farmland, 2, 1, 0;10;0;21;1;6
Starfall Hammock;Farmland, 2, 1, 0;11;0;20;1;6
Starfall Hammock;Farmland, 2, 1, 1;2;3;12;5;2
Starfall Hammock;Farmland, 2, 1, 1;6;0;20;0;11
Starfall Hammock;Farmland, 2, 1, 1;6;0;22;0;9
Starfall Hammock;Farmland, 2, 1, 1;6;0;22;2;7
Starfall Hammock;Farmland, 2, 1, 1;7;0;22;1;7
Starfall Hammock;Farmland, 2, 1, 1;8;0;22;1;6
Starfall Hammock;Farmland, 2, 1, 2;1;3;12;5;1
Starfall Hammock;Farmland, 2, 1, 2;5;0;20;0;11
Starfall Hammock;Farmland, 2, 1, 2;5;0;20;2;9
Starfall Hammock;Farmland, 2, 1, 2;6;0;19;0;11
Starfall Hammock;Farmland, 2, 1, 2;6;0;19;1;10
Starfall Hammock;Farmland, 2, 1, 2;9;0;20;2;5
Starfall Hammock;Farmland, 2, 1, 4;1;1;16;5;1
Starfall Hammock;Farmland, 2, 1, 5;1;0;16;5;1
Starfall Hammock;Farmland, 2, 1, 5;1;3;12;2;1
Starfall Hammock;Farmland, 2, 1, 5;2;3;12;0;3
Starfall Hammock;Farmland, 2, 2, 0;11;0;18;3;8
Starfall Hammock;Farmland, 2, 2, 0;11;0;18;5;2
Starfall Hammock;Farmland, 2, 2, 2;9;0;18;1;10
Starfall Hammock;Farmland, 2, 2, 4;1;3;4;5;1
Starfall Hammock;Farmland, 2, 2, 5;0;0;18;5;2
Starfall Hammock;Farmland, 2, 2, 5;2;0;18;1;10
Starfall Hammock;Farmland, 2, 2, 5;2;3;8;0;5
Starfall Hammock;Farmland, 3, 0, 0;2;8;6;0;2
Starfall Hammock;Farmland, 3, 0, 1;2;5;7;3;5
Starfall Hammock;Farmland, 3, 0, 1;3;5;7;3;4
Starfall Hammock;Farmland, 3, 0, 1;8;0;19;3;3
Starfall Hammock;Farmland, 3, 0, 1;10;0;19;2;4
Starfall Hammock;Farmland, 3, 0, 2;1;5;7;3;5
Starfall Hammock;Farmland, 3, 0, 3;2;5;10;1;2
Starfall Hammock;Farmland, 3, 0, 3;4;5;8;2;1
Starfall Hammock;Farmland, 3, 0, 3;5;0;19;3;2
Starfall Hammock;Farmland, 3, 0, 3;5;5;7;2;1
Starfall Hammock;Farmland, 3, 1, 0;13;0;18;1;6
Starfall Hammock;Farmland, 3, 1, 1;2;3;8;5;6
Starfall Hammock;Farmland, 3, 1, 1;3;3;9;5;4
Starfall Hammock;Farmland, 3, 1, 1;6;0;18;1;12
Starfall Hammock;Farmland, 3, 1, 1;12;0;18;1;6
Starfall Hammock;Farmland, 3, 1, 2;1;3;10;5;3
Starfall Hammock;Farmland, 3, 1, 2;5;0;18;0;13
Starfall Hammock;Farmland, 3, 1, 2;7;0;16;1;14
Starfall Hammock;Farmland, 3, 1, 2;13;0;16;1;8
Starfall Hammock;Farmland, 3, 1, 2;14;0;15;1;8
Starfall Hammock;Farmland, 3, 1, 4;4;4;8;2;2
Starfall Hammock;Farmland, 3, 1, 5;3;3;10;1;3
Starfall Hammock;Farmland, 3, 1, 5;4;3;9;1;3
Starfall Hammock;Farmland, 3, 2, 2;10;0;16;1;13
Starfall Hammock;Farmland, 3, 2, 3;9;0;16;0;14
Starfall Hammock;Farmland, 3, 2, 3;10;0;13;0;16
Starfall Hammock;Farmland, 3, 2, 3;12;0;11;1;15
Starfall Hammock;Farmland, 3, 2, 5;2;0;15;5;5
Starfall Hammock;Farmland, 3, 3, 0;17;0;14;3;9
Starfall Hammock;Farmland, 3, 3, 0;19;0;12;3;11
Starfall Hammock;Farmland, 3, 3, 0;20;0;11;3;11
Starfall Hammock;Farmland, 3, 3, 1;16;0;14;2;10
Starfall Hammock;Farmland, 3, 3, 2;10;0;14;0;17
Starfall Hammock;Farmland, 3, 3, 3;9;0;14;0;17
Starfall Hammock;Farmland, 3, 3, 3;11;0;11;1;19
Starfall Hammock;Farmland, 3, 3, 3;17;0;11;0;14
Starfall Hammock;Farmland, 4, 0, 0;12;0;18;0;12
Starfall Hammock;Farmland, 4, 0, 0;12;0;18;1;11
Starfall Hammock;Farmland, 4, 0, 0;12;0;18;2;10
Starfall Hammock;Farmland, 4, 0, 1;11;0;18;0;12
Starfall Hammock;Farmland, 4, 0, 1;11;0;18;1;11
Starfall Hammock;Farmland, 4, 0, 1;11;0;18;2;10
Starfall Hammock;Farmland, 4, 0, 1;11;0;18;3;7
Starfall Hammock;Farmland, 4, 0, 2;9;4;11;3;5
Starfall Hammock;Farmland, 4, 0, 2;10;0;18;0;12
Starfall Hammock;Farmland, 4, 0, 3;5;4;10;2;10
Starfall Hammock;Farmland, 4, 0, 3;5;4;11;2;9
Starfall Hammock;Farmland, 4, 0, 3;5;4;11;3;6
Starfall Hammock;Farmland, 4, 0, 3;6;4;11;3;5
Starfall Hammock;Farmland, 4, 0, 3;7;0;18;1;11
Starfall Hammock;Farmland, 4, 0, 3;7;0;18;3;7
Starfall Hammock;Farmland, 4, 1, 0;13;0;17;0;14
Starfall Hammock;Farmland, 4, 1, 0;13;0;17;1;13
Starfall Hammock;Farmland, 4, 1, 0;14;0;17;0;13
Starfall Hammock;Farmland, 4, 1, 0;14;0;17;1;12
Starfall Hammock;Farmland, 4, 1, 0;16;0;15;2;11
Starfall Hammock;Farmland, 4, 1, 1;12;0;17;1;13
Starfall Hammock;Farmland, 4, 1, 1;12;0;17;2;12
Starfall Hammock;Farmland, 4, 1, 1;13;0;17;0;13
Starfall Hammock;Farmland, 4, 1, 1;13;0;17;2;11
Starfall Hammock;Farmland, 4, 1, 4;6;1;12;5;6
Starfall Hammock;Farmland, 4, 1, 5;6;2;12;3;5
Starfall Hammock;Farmland, 4, 2, 0;16;0;13;3;13
Starfall Hammock;Farmland, 4, 2, 2;14;0;13;2;14
Starfall Hammock;Farmland, 4, 2, 4;5;4;6;1;7
Starfall Hammock;Farmland, 4, 2, 5;6;3;4;1;10
Starfall Hammock;Farmland, 4, 2, 5;7;0;13;0;16
Starfall Hammock;Farmland, 4, 3, 0;19;0;9;5;11
Starfall Hammock;Farmland, 4, 3, 1;9;3;5;5;7
Starfall Hammock;Farmland, 4, 3, 2;16;0;12;2;16
Starfall Hammock;Farmland, 4, 3, 3;15;0;11;0;19
Starfall Hammock;Farmland, 4, 3, 3;15;0;12;0;18
Starfall Hammock;Farmland, 4, 3, 4;4;4;3;4;5
Starfall Hammock;Farmland, 4, 3, 5;7;3;5;2;8
Starfall Hammock;Farmland, 4, 3, 5;10;0;10;0;19
Starfall Hammock;Farmland, 4, 3, 5;11;0;9;5;10
Starfall Hammock;Farmland, 5, 0, 2;12;0;14;1;13
Starfall Hammock;Farmland, 5, 0, 3;5;4;9;2;11
Starfall Hammock;Farmland, 5, 0, 3;8;0;13;3;11
Starfall Hammock;Farmland, 5, 0, 3;8;4;7;2;10
Starfall Hammock;Farmland, 5, 0, 3;10;0;13;1;13
Starfall Hammock;Farmland, 5, 1, 0;16;0;10;5;10
Starfall Hammock;Farmland, 5, 1, 1;12;2;9;5;8
Starfall Hammock;Farmland, 5, 1, 1;13;2;8;5;8
Starfall Hammock;Farmland, 5, 1, 1;16;0;13;2;12
Starfall Hammock;Farmland, 5, 1, 1;17;0;13;2;11
Starfall Hammock;Farmland, 5, 1, 5;7;2;9;2;12
Starfall Hammock;Farmland, 5, 1, 5;7;2;9;3;9
Starfall Hammock;Farmland, 5, 2, 1;7;3;7;5;8
Starfall Hammock;Farmland, 5, 2, 1;8;3;6;5;8
Starfall Hammock;Farmland, 5, 2, 2;17;0;11;5;8
Starfall Hammock;Farmland, 5, 2, 5;8;3;3;1;11
Starfall Hammock;Farmland, 5, 2, 5;8;3;7;1;7
Starfall Hammock;Farmland, 5, 2, 5;10;0;10;2;16
Starfall Hammock;Farmland, 5, 3, 1;9;3;4;5;10
Starfall Hammock;Farmland, 5, 3, 5;7;3;4;4;5
Starfall Hammock;Farmland, 5, 3, 5;9;3;5;1;9
Starfall Hammock;Farmland, 5, 4, 1;15;2;6;5;10
Starfall Hammock;Farmland, 5, 4, 1;17;2;6;1;17
Starfall Hammock;Farmland, 5, 4, 2;16;2;6;5;8
Starfall Hammock;Farmland, 5, 4, 3;19;0;8;5;13
Starfall Hammock;Farmland, 5, 4, 5;8;2;6;2;16
Starfall Hammock;Farmland, 5, 4, 5;8;2;6;5;9
Starfall Hammock;Farmland, 5, 4, 5;9;2;6;5;8
Starfall Hammock;Farmland, 5, 4, 5;10;2;5;1;16
Starfall Hammock;Farmland, 5, 4, 5;10;2;6;1;15
Starfall Hammock;Farmland, 5, 4, 5;13;0;8;2;20
Starfall Hammock;Farmland, 5, 4, 5;13;0;8;5;13
Starfall Hammock;Farmland, 5, 5, 2;18;2;4;5;11
Starfall Hammock;Farmland, 5, 5, 3;17;2;4;1;19
Starfall Hammock;Farmland, 5, 5, 3;17;2;4;5;11
Starfall Hammock;Farmland, 5, 5, 3;20;0;7;5;13
Starfall Hammock;Farmland, 5, 5, 5;11;2;4;5;11
Starfall Hammock;Farmland, 5, 5, 5;12;0;7;2;22
Starfall Hammock;Farmland, 5, 5, 5;12;0;7;5;15
Starfall Hammock;Farmland, 5, 5, 5;13;0;6;5;15
Starfall Hammock;Farmland, 5, 5, 5;14;0;5;5;15
Starfall Hammock;Farmland, 6, 0, 0;16;0;16;0;16
Starfall Hammock;Farmland, 6, 0, 0;16;0;16;1;15
Starfall Hammock;Farmland, 6, 0, 1;15;0;14;5;7
Starfall Hammock;Farmland, 6, 0, 1;15;0;16;0;16
Starfall Hammock;Farmland, 6, 0, 1;15;0;16;1;15
Starfall Hammock;Farmland, 6, 0, 1;15;0;16;2;14
Starfall Hammock;Farmland, 6, 0, 2;12;4;10;2;12
Starfall Hammock;Farmland, 6, 0, 2;12;4;10;3;9
Starfall Hammock;Farmland, 6, 0, 2;13;2;11;5;7
Starfall Hammock;Farmland, 6, 0, 2;14;0;16;0;16
Starfall Hammock;Farmland, 6, 0, 2;14;2;10;5;7
Starfall Hammock;Farmland, 6, 0, 3;9;4;10;1;13
Starfall Hammock;Farmland, 6, 0, 3;9;4;10;3;9
Starfall Hammock;Farmland, 6, 0, 3;10;2;11;5;7
Starfall Hammock;Farmland, 6, 0, 4;8;3;11;3;9
Starfall Hammock;Farmland, 6, 0, 4;9;2;11;4;8
Starfall Hammock;Farmland, 6, 0, 5;7;0;14;1;15
Starfall Hammock;Farmland, 6, 0, 5;7;0;14;5;7
Starfall Hammock;Farmland, 6, 0, 5;7;1;12;4;9
Starfall Hammock;Farmland, 6, 0, 5;7;2;11;1;14
Starfall Hammock;Farmland, 6, 1, 0;16;0;13;0;19
Starfall Hammock;Farmland, 6, 1, 0;16;0;13;1;18
Starfall Hammock;Farmland, 6, 1, 0;16;0;14;2;16
Starfall Hammock;Farmland, 6, 1, 0;18;0;14;0;16
Starfall Hammock;Farmland, 6, 1, 0;18;0;14;1;15
Starfall Hammock;Farmland, 6, 1, 0;19;0;13;1;15
Starfall Hammock;Farmland, 6, 1, 1;13;4;8;1;13
Starfall Hammock;Farmland, 6, 1, 1;13;4;8;3;9
Starfall Hammock;Farmland, 6, 1, 1;14;1;11;6;8
Starfall Hammock;Farmland, 6, 1, 1;15;0;12;6;8
Starfall Hammock;Farmland, 6, 1, 1;15;0;13;0;19
Starfall Hammock;Farmland, 6, 1, 1;15;0;13;1;18
Starfall Hammock;Farmland, 6, 1, 1;15;0;14;0;18
Starfall Hammock;Farmland, 6, 1, 1;15;0;14;1;17
Starfall Hammock;Farmland, 6, 1, 1;15;1;10;6;8
Starfall Hammock;Farmland, 6, 1, 1;17;0;14;1;15
Starfall Hammock;Farmland, 6, 1, 1;18;0;13;1;15
Starfall Hammock;Farmland, 6, 1, 3;10;1;11;6;8
Starfall Hammock;Farmland, 6, 1, 3;11;1;10;6;8
Starfall Hammock;Farmland, 6, 1, 4;11;0;10;6;8
Starfall Hammock;Farmland, 6, 1, 5;10;0;10;5;10
Starfall Hammock;Farmland, 6, 1, 5;10;0;11;5;9
Starfall Hammock;Farmland, 6, 1, 6;8;0;10;4;11
Starfall Hammock;Farmland, 6, 1, 6;8;0;12;1;15
Starfall Hammock;Farmland, 6, 1, 6;8;1;10;1;15
Starfall Hammock;Farmland, 6, 1, 6;8;1;10;3;11
Starfall Hammock;Farmland, 6, 2, 1;11;4;4;4;8
Starfall Hammock;Farmland, 6, 2, 1;17;0;11;6;8
Starfall Hammock;Farmland, 6, 2, 1;18;0;12;3;16
Starfall Hammock;Farmland, 6, 2, 2;12;2;5;6;8
Starfall Hammock;Farmland, 6, 2, 4;7;3;3;5;8
Starfall Hammock;Farmland, 6, 2, 4;7;4;2;4;7
Starfall Hammock;Farmland, 6, 2, 4;8;4;4;1;11
Starfall Hammock;Farmland, 6, 2, 6;5;2;6;4;7
Starfall Hammock;Farmland, 6, 2, 6;8;0;11;1;17
Starfall Hammock;Farmland, 6, 3, 3;17;0;10;1;20
Starfall Hammock;Farmland, 6, 3, 4;8;2;5;6;6
Starfall Hammock;Farmland, 6, 3, 5;9;3;3;4;7
Starfall Hammock;Farmland, 6, 3, 6;9;2;4;0;14
Starfall Hammock;Farmland, 6, 4, 1;18;1;7;6;9
Starfall Hammock;Farmland, 6, 4, 2;16;2;6;1;18
Starfall Hammock;Farmland, 6, 4, 2;17;2;5;5;10
Starfall Hammock;Farmland, 6, 4, 3;18;0;8;6;10
Starfall Hammock;Farmland, 6, 4, 5;9;2;6;1;18
Starfall Hammock;Farmland, 6, 4, 5;10;1;5;6;10
Starfall Hammock;Farmland, 6, 4, 5;10;2;5;5;10
Starfall Hammock;Farmland, 6, 4, 6;9;1;7;2;17
Starfall Hammock;Farmland, 6, 5, 2;17;2;3;3;19
Starfall Hammock;Farmland, 6, 5, 2;20;1;5;6;10
Starfall Hammock;Farmland, 6, 5, 2;20;1;6;6;9
Starfall Hammock;Farmland, 6, 5, 5;10;2;3;5;13
Starfall Hammock;Farmland, 6, 5, 5;13;1;6;6;9
Starfall Hammock;Farmland, 6, 5, 6;9;1;6;2;20
Starfall Hammock;Farmland, 6, 5, 6;10;1;6;2;19
Starfall Hammock;Farmland, 6, 5, 6;11;1;5;5;12
Starfall Hammock;Farmland, 6, 5, 6;12;0;6;2;21
Starfall Hammock;Farmland, 6, 6, 1;20;2;4;3;18
Starfall Hammock;Farmland, 6, 6, 1;20;2;4;5;12
Starfall Hammock;Farmland, 6, 6, 1;22;0;6;7;10
Starfall Hammock;Farmland, 6, 6, 1;23;0;7;0;24
Starfall Hammock;Farmland, 6, 6, 3;21;0;7;2;22
Starfall Hammock;Farmland, 6, 6, 5;12;2;4;2;19
Starfall Hammock;Farmland, 6, 6, 5;13;0;6;7;11
Starfall Hammock;Farmland, 6, 6, 5;14;0;6;7;10
Starfall Hammock;Farmland, 6, 6, 6;12;0;7;6;12
Starfall Hammock;Farmland, 6, 6, 7;10;0;6;2;21
Starfall Hammock;Farmland, 6, 6, 7;10;0;6;5;14
Starfall Hammock;Farmland, 6, 6, 7;11;0;6;2;20
Starfall Hammock;Farmland, 6, 6, 7;11;0;6;5;13
Starfall Hammock;Farmland, 7, 0, 0;20;0;12;2;14
Starfall Hammock;Farmland, 7, 0, 1;13;3;4;5;8
Starfall Hammock;Farmland, 7, 0, 1;14;3;4;5;7
Starfall Hammock;Farmland, 7, 0, 1;19;0;12;5;7
Starfall Hammock;Farmland, 7, 0, 2;14;0;12;1;19
Starfall Hammock;Farmland, 7, 0, 4;9;4;1;2;14
Starfall Hammock;Farmland, 7, 0, 5;7;0;12;5;9
Starfall Hammock;Farmland, 7, 0, 5;8;0;12;1;18
Starfall Hammock;Farmland, 7, 1, 6;10;0;9;1;19
Starfall Hammock;Farmland, 7, 2, 1;12;2;6;6;10
Starfall Hammock;Farmland, 7, 2, 1;19;0;10;3;19
Starfall Hammock;Farmland, 7, 2, 1;21;0;10;6;9
Starfall Hammock;Farmland, 7, 2, 6;9;0;10;1;21
Starfall Hammock;Farmland, 7, 2, 6;9;0;10;6;9
Starfall Hammock;Farmland, 7, 2, 6;10;2;5;2;12
Starfall Hammock;Farmland, 7, 2, 6;10;2;6;1;12
Starfall Hammock;Farmland, 7, 3, 0;14;2;4;6;11
Starfall Hammock;Farmland, 7, 3, 1;13;2;4;6;11
Starfall Hammock;Farmland, 7, 3, 1;23;0;8;3;18
Starfall Hammock;Farmland, 7, 3, 3;18;0;8;2;22
Starfall Hammock;Farmland, 7, 3, 6;11;2;4;2;12
Starfall Hammock;Farmland, 7, 4, 0;24;0;8;0;24
Starfall Hammock;Farmland, 7, 4, 0;24;0;8;2;22
Starfall Hammock;Farmland, 7, 4, 1;23;0;8;2;22
Starfall Hammock;Farmland, 7, 4, 1;23;0;8;6;12
Starfall Hammock;Farmland, 7, 4, 2;22;0;8;0;24
Starfall Hammock;Farmland, 7, 4, 2;22;0;8;2;22
Starfall Hammock;Farmland, 7, 4, 6;11;0;8;6;11
Starfall Hammock;Farmland, 7, 4, 6;12;0;8;1;23
Starfall Hammock;Farmland, 7, 5, 0;26;0;5;6;13
Starfall Hammock;Farmland, 7, 5, 2;20;2;4;2;19
Starfall Hammock;Farmland, 7, 5, 6;14;0;5;2;23
Starfall Hammock;Farmland, 7, 5, 6;14;0;5;6;13
Starfall Hammock;Farmland, 7, 6, 1;22;2;3;2;20
Starfall Hammock;Farmland, 7, 6, 3;23;0;6;2;23
Starfall Hammock;Farmland, 7, 6, 6;11;1;2;7;9
Starfall Hammock;Farmland, 7, 6, 7;9;0;4;7;9
Starfall Hammock;Farmland, 7, 6, 7;9;1;2;6;11
Starfall Hammock;Farmland, 7, 6, 7;11;0;5;2;24
Starfall Hammock;Farmland, 7, 7, 2;19;2;1;6;14
Starfall Hammock;Farmland, 7, 7, 7;5;0;4;7;13
Starfall Hammock;Farmland, 7, 7, 7;12;0;4;2;25
Starfall Hammock;Farmland, 8, 0, 0;20;0;12;0;20
Starfall Hammock;Farmland, 8, 0, 0;20;0;12;1;19
Starfall Hammock;Farmland, 8, 0, 0;22;0;10;0;22
Starfall Hammock;Farmland, 8, 0, 0;22;0;10;1;21
Starfall Hammock;Farmland, 8, 0, 1;14;5;2;2;14
Starfall Hammock;Farmland, 8, 0, 1;15;5;2;3;10
Starfall Hammock;Farmland, 8, 0, 1;16;3;2;5;11
Starfall Hammock;Farmland, 8, 0, 1;18;3;2;5;9
Starfall Hammock;Farmland, 8, 0, 1;19;0;12;1;19
Starfall Hammock;Farmland, 8, 0, 1;19;0;12;2;18
Starfall Hammock;Farmland, 8, 0, 1;21;0;8;5;13
Starfall Hammock;Farmland, 8, 0, 1;21;0;10;0;22
Starfall Hammock;Farmland, 8, 0, 1;21;0;10;1;21
Starfall Hammock;Farmland, 8, 0, 1;21;0;10;2;20
Starfall Hammock;Farmland, 8, 0, 2;18;0;12;0;20
Starfall Hammock;Farmland, 8, 0, 2;20;0;10;0;22
Starfall Hammock;Farmland, 8, 0, 2;20;0;10;1;21
Starfall Hammock;Farmland, 8, 0, 3;10;5;2;3;11
Starfall Hammock;Farmland, 8, 0, 3;11;5;2;1;14
Starfall Hammock;Farmland, 8, 0, 5;8;3;2;5;9
Starfall Hammock;Farmland, 8, 0, 5;9;3;2;1;18
Starfall Hammock;Farmland, 8, 0, 5;9;3;2;5;8
Starfall Hammock;Farmland, 8, 0, 5;10;3;2;2;16
Starfall Hammock;Farmland, 8, 0, 5;12;0;9;1;21
Starfall Hammock;Farmland, 8, 1, 1;20;0;9;0;23
Starfall Hammock;Farmland, 8, 1, 2;13;5;2;3;11
Starfall Hammock;Farmland, 8, 1, 2;14;5;2;1;14
Starfall Hammock;Farmland, 8, 1, 3;11;5;2;2;13
Starfall Hammock;Farmland, 8, 1, 6;8;1;3;6;10
Starfall Hammock;Farmland, 8, 1, 6;9;1;4;6;8
Starfall Hammock;Farmland, 8, 2, 0;22;0;10;2;20
Starfall Hammock;Farmland, 8, 2, 0;23;0;9;0;23
Starfall Hammock;Farmland, 8, 2, 0;23;0;9;2;21
Starfall Hammock;Farmland, 8, 2, 2;20;0;10;2;20
Starfall Hammock;Farmland, 8, 2, 2;22;0;7;6;12
Starfall Hammock;Farmland, 8, 2, 6;13;0;6;1;23
Starfall Hammock;Farmland, 8, 3, 0;25;0;7;2;20
Starfall Hammock;Farmland, 8, 3, 1;25;0;6;6;11
Starfall Hammock;Farmland, 8, 3, 3;19;0;6;0;26
Starfall Hammock;Farmland, 8, 3, 3;19;0;7;2;23
Starfall Hammock;Farmland, 8, 3, 6;12;0;5;1;25
Starfall Hammock;Farmland, 8, 4, 0;24;0;7;0;25
Starfall Hammock;Farmland, 8, 4, 1;19;2;3;6;11
Starfall Hammock;Farmland, 8, 4, 1;20;2;3;1;21
Starfall Hammock;Farmland, 8, 4, 1;25;0;4;6;15
Starfall Hammock;Farmland, 8, 4, 2;19;2;2;6;11
Starfall Hammock;Farmland, 8, 4, 2;20;2;2;1;21
Starfall Hammock;Farmland, 8, 4, 2;22;0;6;0;26
Starfall Hammock;Farmland, 8, 4, 2;22;0;7;0;25
Starfall Hammock;Farmland, 8, 4, 2;22;0;7;2;23
Starfall Hammock;Farmland, 8, 4, 2;22;0;8;1;23
Starfall Hammock;Farmland, 8, 4, 6;15;0;4;1;25
Starfall Hammock;Farmland, 8, 5, 1;19;2;2;6;13
Starfall Hammock;Farmland, 8, 5, 1;20;2;2;6;12
Starfall Hammock;Farmland, 8, 5, 1;25;0;3;6;16
Starfall Hammock;Farmland, 8, 5, 2;18;2;3;6;12
Starfall Hammock;Farmland, 8, 5, 2;21;2;3;2;20
Starfall Hammock;Farmland, 8, 5, 2;22;0;5;0;27
Starfall Hammock;Farmland, 8, 5, 2;22;0;5;2;25
Starfall Hammock;Farmland, 8, 5, 2;25;0;5;2;22
Starfall Hammock;Farmland, 8, 5, 3;21;0;5;0;27
Starfall Hammock;Farmland, 8, 5, 6;10;2;2;6;10
Starfall Hammock;Farmland, 8, 5, 6;12;2;2;2;19
Starfall Hammock;Farmland, 8, 5, 6;12;2;3;2;18
Starfall Hammock;Farmland, 8, 5, 6;12;2;3;3;17
Starfall Hammock;Farmland, 8, 5, 6;14;0;4;6;16
Starfall Hammock;Farmland, 8, 5, 6;16;0;3;1;25
Starfall Hammock;Farmland, 8, 5, 6;16;0;3;6;15
Starfall Hammock;Farmland, 8, 5, 6;16;0;4;6;14
Starfall Hammock;Farmland, 8, 6, 0;22;2;1;6;13
Starfall Hammock;Farmland, 8, 6, 0;26;0;5;0;27
Starfall Hammock;Farmland, 8, 6, 0;26;0;6;0;26
Starfall Hammock;Farmland, 8, 6, 0;26;0;6;2;24
Starfall Hammock;Farmland, 8, 6, 0;27;0;5;0;26
Starfall Hammock;Farmland, 8, 6, 0;27;0;5;2;24
Starfall Hammock;Farmland, 8, 6, 1;23;1;2;7;12
Starfall Hammock;Farmland, 8, 6, 1;25;0;4;7;13
Starfall Hammock;Farmland, 8, 6, 1;25;0;5;0;27
Starfall Hammock;Farmland, 8, 6, 1;25;0;5;2;25
Starfall Hammock;Farmland, 8, 6, 1;25;0;6;0;26
Starfall Hammock;Farmland, 8, 6, 1;25;0;6;2;24
Starfall Hammock;Farmland, 8, 6, 1;26;0;5;2;24
Starfall Hammock;Farmland, 8, 6, 2;24;0;6;1;25
Starfall Hammock;Farmland, 8, 6, 2;24;0;6;2;24
Starfall Hammock;Farmland, 8, 6, 2;24;0;6;3;23
Starfall Hammock;Farmland, 8, 6, 6;12;2;0;6;12
Starfall Hammock;Farmland, 8, 6, 6;13;1;1;7;10
Starfall Hammock;Farmland, 8, 6, 7;10;0;3;7;11
Starfall Hammock;Farmland, 8, 6, 7;10;1;1;6;13
Starfall Hammock;Farmland, 8, 6, 7;11;0;2;7;11
Starfall Hammock;Farmland, 8, 6, 7;11;0;3;7;10
Starfall Hammock;Farmland, 8, 6, 7;13;0;4;2;24
Starfall Hammock;Farmland, 8, 7, 0;24;1;2;7;13
Starfall Hammock;Farmland, 8, 7, 1;22;2;0;6;14
Starfall Hammock;Farmland, 8, 7, 1;23;2;2;2;22
Starfall Hammock;Farmland, 8, 7, 1;27;0;3;7;14
Starfall Hammock;Farmland, 8, 7, 2;22;1;2;7;13
Starfall Hammock;Farmland, 8, 7, 6;14;2;1;2;20
Starfall Hammock;Farmland, 8, 7, 7;9;0;2;7;14
Starfall Hammock;Farmland, 8, 7, 7;9;1;0;7;10
Starfall Hammock;Farmland, 8, 7, 7;10;1;0;7;9
Starfall Hammock;Farmland, 8, 7, 7;13;1;2;2;22
Starfall Hammock;Farmland, 8, 7, 7;14;0;2;7;9
Starfall Hammock;Farmland, 8, 7, 7;14;0;3;2;26
Starfall Hammock;Farmland, 8, 8, 0;28;0;4;0;28
Starfall Hammock;Farmland, 8, 8, 0;28;0;4;2;26
Starfall Hammock;Farmland, 8, 8, 1;21;2;1;6;14
Starfall Hammock;Farmland, 8, 8, 1;24;2;1;2;22
Starfall Hammock;Farmland, 8, 8, 1;27;0;4;0;28
Starfall Hammock;Farmland, 8, 8, 1;27;0;4;2;26
Starfall Hammock;Farmland, 8, 8, 2;24;1;0;7;14
Starfall Hammock;Farmland, 8, 8, 2;26;0;4;0;28
Starfall Hammock;Farmland, 8, 8, 2;26;0;4;2;26
Starfall Hammock;Farmland, 8, 8, 3;25;0;4;2;26
Starfall Hammock;Farmland, 8, 8, 6;14;2;0;2;21
Starfall Hammock;Farmland, 8, 8, 7;7;1;0;7;13
Starfall Hammock;Farmland, 8, 8, 7;13;0;1;7;13
Starfall Hammock;Farmland, 8, 8, 7;13;1;0;7;7
Starfall Hammock;Farmland, 8, 8, 7;14;1;0;2;24
Starfall Hammock;Tidewhisper Sandcastle, 2, 0, 0;0;0;8;0;0
Starfall Hammock;Tidewhisper Sandcastle, 2, 0, 0;0;3;5;0;0
Starfall Hammock;Tidewhisper Sandcastle, 2, 0, 0;0;8;0;0;0
Starfall Hammock;Tidewhisper Sandcastle, 2, 0, 0;2;0;6;0;2
Starfall Hammock;Tidewhisper Sandcastle, 2, 0, 0;2;0;6;2;0
Starfall Hammock;Tidewhisper Sandcastle, 2, 0, 0;2;1;5;0;2
Starfall Hammock;Tidewhisper Sandcastle, 2, 0, 0;3;1;4;0;2
Starfall Hammock;Tidewhisper Sandcastle, 2, 0, 1;1;1;4;0;3
Starfall Hammock;Tidewhisper Sandcastle, 2, 0, 1;1;1;5;0;2
Starfall Hammock;Tidewhisper Sandcastle, 2, 0, 1;1;1;5;1;1
Starfall Hammock;Tidewhisper Sandcastle, 2, 0, 1;1;6;0;2;0
Starfall Hammock;Tidewhisper Sandcastle, 2, 0, 2;0;6;0;2;0
Starfall Hammock;Tidewhisper Sandcastle, 2, 0, 3;0;1;4;1;1
Starfall Hammock;Tidewhisper Sandcastle, 2, 1, 0;0;2;6;0;0
Starfall Hammock;Tidewhisper Sandcastle, 2, 1, 0;0;4;4;0;0
Starfall Hammock;Tidewhisper Sandcastle, 2, 1, 0;0;5;3;0;0
Starfall Hammock;Tidewhisper Sandcastle, 2, 1, 0;3;2;2;1;2
Starfall Hammock;Tidewhisper Sandcastle, 2, 1, 2;0;2;4;2;0
Starfall Hammock;Tidewhisper Sandcastle, 2, 2, 0;0;1;7;0;0
Starfall Hammock;Tidewhisper Sandcastle, 2, 2, 0;4;0;4;0;4
Starfall Hammock;Tidewhisper Sandcastle, 2, 2, 0;5;2;1;3;1
Starfall Hammock;Tidewhisper Sandcastle, 2, 2, 1;4;1;2;2;2
Starfall Hammock;Tidewhisper Sandcastle, 2, 2, 2;2;2;2;2;2
Starfall Hammock;Tidewhisper Sandcastle, 2, 2, 3;1;0;4;0;4
Starfall Hammock;Tidewhisper Sandcastle, 2, 2, 3;1;4;0;4;0
Starfall Hammock;Tidewhisper Sandcastle, 2, 2, 4;0;4;0;4;0
Starfall Hammock;Tidewhisper Sandcastle, 2, 2, 5;0;1;2;2;2
Starfall Hammock;Tidewhisper Sandcastle, 3, 0, 0;2;1;4;0;3
Starfall Hammock;Tidewhisper Sandcastle, 3, 0, 0;3;2;2;0;3
Starfall Hammock;Tidewhisper Sandcastle, 3, 0, 3;0;3;2;0;2
Starfall Hammock;Tidewhisper Sandcastle, 3, 1, 0;2;2;2;1;3
Starfall Hammock;Tidewhisper Sandcastle, 3, 1, 1;3;2;2;2;0
Starfall Hammock;Tidewhisper Sandcastle, 3, 2, 0;4;0;4;2;2
Starfall Hammock;Tidewhisper Sandcastle, 3, 2, 0;5;1;2;0;4
Starfall Hammock;Tidewhisper Sandcastle, 3, 2, 1;3;0;3;5;0
Starfall Hammock;Tidewhisper Sandcastle, 3, 2, 1;3;1;2;2;3
Starfall Hammock;Tidewhisper Sandcastle, 3, 2, 1;4;0;3;2;2
Starfall Hammock;Tidewhisper Sandcastle, 3, 2, 2;2;0;3;2;3
Starfall Hammock;Tidewhisper Sandcastle, 3, 2, 2;2;0;3;3;2
Starfall Hammock;Tidewhisper Sandcastle, 3, 2, 5;0;2;1;3;1
Starfall Hammock;Tidewhisper Sandcastle, 3, 3, 1;3;0;4;0;4
Starfall Hammock;Tidewhisper Sandcastle, 3, 3, 2;2;2;2;0;4
Starfall Hammock;Tidewhisper Sandcastle, 3, 3, 2;2;3;1;3;1
Starfall Hammock;Tidewhisper Sandcastle, 3, 3, 3;1;0;3;2;3
Starfall Hammock;Tidewhisper Sandcastle, 3, 3, 3;2;1;2;2;2
Starfall Hammock;Tidewhisper Sandcastle, 3, 3, 4;0;4;0;1;3
Starfall Hammock;Tidewhisper Sandcastle, 3, 3, 4;1;1;2;1;3
Starfall Hammock;Tidewhisper Sandcastle, 3, 3, 5;0;1;2;1;3
Starfall Hammock;Tidewhisper Sandcastle, 4, 0, 2;1;4;0;2;1
Starfall Hammock;Tidewhisper Sandcastle, 4, 0, 3;0;1;3;1;2
Starfall Hammock;Tidewhisper Sandcastle, 4, 1, 3;0;3;1;2;1
Starfall Hammock;Tidewhisper Sandcastle, 4, 2, 0;4;0;4;1;3
Starfall Hammock;Tidewhisper Sandcastle, 4, 2, 0;4;1;3;1;3
Starfall Hammock;Tidewhisper Sandcastle, 4, 2, 1;3;0;4;1;3
Starfall Hammock;Tidewhisper Sandcastle, 4, 2, 2;2;0;4;1;3
Starfall Hammock;Tidewhisper Sandcastle, 4, 2, 2;2;4;0;1;3
Starfall Hammock;Tidewhisper Sandcastle, 4, 2, 2;2;4;0;4;0
Starfall Hammock;Tidewhisper Sandcastle, 4, 2, 3;1;2;2;2;2
Starfall Hammock;Tidewhisper Sandcastle, 4, 2, 4;0;0;4;0;4
Starfall Hammock;Tidewhisper Sandcastle, 4, 2, 4;0;1;2;1;4
Starfall Hammock;Tidewhisper Sandcastle, 4, 2, 4;0;4;0;2;2
Starfall Hammock;Tidewhisper Sandcastle, 4, 2, 5;0;1;2;3;1
Starfall Hammock;Tidewhisper Sandcastle, 4, 3, 2;2;0;4;0;4
Starfall Hammock;Tidewhisper Sandcastle, 4, 3, 2;2;1;2;2;3
Starfall Hammock;Tidewhisper Sandcastle, 4, 3, 3;2;2;1;2;2
Starfall Hammock;Tidewhisper Sandcastle, 4, 3, 4;0;4;0;0;4
Starfall Hammock;Tidewhisper Sandcastle, 4, 3, 5;0;2;1;2;2
Starfall Hammock;Tidewhisper Sandcastle, 4, 3, 5;0;3;0;3;1
Starfall Hammock;Tidewhisper Sandcastle, 4, 4, 0;5;1;1;4;1
Starfall Hammock;Tidewhisper Sandcastle, 5, 0, 3;0;2;2;3;0
Starfall Hammock;Tidewhisper Sandcastle, 5, 2, 1;3;4;0;1;3
Starfall Hammock;Tidewhisper Sandcastle, 5, 2, 2;2;1;2;3;2
Starfall Hammock;Tidewhisper Sandcastle, 5, 2, 2;3;0;3;2;2
Starfall Hammock;Tidewhisper Sandcastle, 5, 2, 3;1;2;1;3;2
Starfall Hammock;Tidewhisper Sandcastle, 5, 2, 3;1;4;0;1;3
Starfall Hammock;Tidewhisper Sandcastle, 5, 2, 4;0;2;2;1;3
Starfall Hammock;Tidewhisper Sandcastle, 5, 3, 2;2;1;3;1;3
Starfall Hammock;Tidewhisper Sandcastle, 5, 3, 2;2;1;3;2;2
Starfall Hammock;Tidewhisper Sandcastle, 5, 3, 2;2;2;1;0;5
Starfall Hammock;Tidewhisper Sandcastle, 5, 3, 2;2;4;0;0;4
Starfall Hammock;Tidewhisper Sandcastle, 5, 5, 0;5;1;1;3;2
Starfall Hammock;Tidewhisper Sandcastle, 6, 2, 0;4;4;0;0;4
Starfall Hammock;Tidewhisper Sandcastle, 6, 2, 1;3;4;0;4;0
Starfall Hammock;Tidewhisper Sandcastle, 6, 2, 3;1;0;4;2;2
Starfall Hammock;Tidewhisper Sandcastle, 6, 2, 3;1;3;1;1;3
Starfall Hammock;Tidewhisper Sandcastle, 6, 2, 4;0;1;3;3;1
Starfall Hammock;Tidewhisper Sandcastle, 6, 3, 0;4;4;0;4;0
Starfall Hammock;Tidewhisper Sandcastle, 6, 3, 1;3;1;3;1;3
Starfall Hammock;Tidewhisper Sandcastle, 6, 3, 1;3;3;1;0;4
Starfall Hammock;Tidewhisper Sandcastle, 6, 3, 1;3;4;0;3;1
Starfall Hammock;Tidewhisper Sandcastle, 6, 3, 3;2;3;0;2;2
Starfall Hammock;Tidewhisper Sandcastle, 6, 6, 4;1;0;0;3;4
Starfall Hammock;Tidewhisper Sandcastle, 7, 0, 0;3;0;5;0;3
Starfall Hammock;Tidewhisper Sandcastle, 7, 0, 0;5;0;3;0;5
Starfall Hammock;Tidewhisper Sandcastle, 7, 0, 0;5;0;3;1;4
Starfall Hammock;Tidewhisper Sandcastle, 7, 0, 0;5;2;1;1;4
Starfall Hammock;Tidewhisper Sandcastle, 7, 0, 1;2;0;5;1;2
Starfall Hammock;Tidewhisper Sandcastle, 7, 0, 1;4;0;3;1;4
Starfall Hammock;Tidewhisper Sandcastle, 7, 0, 1;4;1;2;1;4
Starfall Hammock;Tidewhisper Sandcastle, 7, 0, 1;4;3;0;5;0
Starfall Hammock;Tidewhisper Sandcastle, 7, 0, 2;1;0;5;0;3
Starfall Hammock;Tidewhisper Sandcastle, 7, 0, 2;1;0;5;2;1
Starfall Hammock;Tidewhisper Sandcastle, 7, 0, 2;1;2;3;0;3
Starfall Hammock;Tidewhisper Sandcastle, 7, 0, 2;1;5;0;1;2
Starfall Hammock;Tidewhisper Sandcastle, 7, 0, 2;3;0;3;0;5
Starfall Hammock;Tidewhisper Sandcastle, 7, 0, 3;0;5;0;1;2
Starfall Hammock;Tidewhisper Sandcastle, 7, 0, 3;0;5;0;3;0
Starfall Hammock;Tidewhisper Sandcastle, 7, 0, 3;2;0;3;0;5
Starfall Hammock;Tidewhisper Sandcastle, 7, 0, 3;2;1;2;1;4
Starfall Hammock;Tidewhisper Sandcastle, 7, 0, 3;2;3;0;5;0
Starfall Hammock;Tidewhisper Sandcastle, 7, 0, 4;1;0;3;0;5
Starfall Hammock;Tidewhisper Sandcastle, 7, 0, 4;1;0;3;5;0
Starfall Hammock;Tidewhisper Sandcastle, 7, 0, 4;1;2;1;1;4
Starfall Hammock;Tidewhisper Sandcastle, 7, 0, 5;0;0;3;1;4
Starfall Hammock;Tidewhisper Sandcastle, 7, 0, 5;0;1;2;5;0
Starfall Hammock;Tidewhisper Sandcastle, 7, 0, 5;0;3;0;0;5
Starfall Hammock;Tidewhisper Sandcastle, 7, 0, 5;0;3;0;2;3
Starfall Hammock;Tidewhisper Sandcastle, 7, 0, 5;0;3;0;5;0
Starfall Hammock;Tidewhisper Sandcastle, 7, 1, 0;3;0;5;1;2
Starfall Hammock;Tidewhisper Sandcastle, 7, 1, 0;3;5;0;3;0
Starfall Hammock;Tidewhisper Sandcastle, 7, 1, 1;2;1;4;3;0
Starfall Hammock;Tidewhisper Sandcastle, 7, 1, 1;4;2;1;3;2
Starfall Hammock;Tidewhisper Sandcastle, 7, 1, 2;1;3;2;2;1
Starfall Hammock;Tidewhisper Sandcastle, 7, 1, 3;0;0;5;3;0
Starfall Hammock;Tidewhisper Sandcastle, 7, 1, 5;0;3;0;1;4
Starfall Hammock;Tidewhisper Sandcastle, 7, 2, 0;3;5;0;2;1
Starfall Hammock;Tidewhisper Sandcastle, 7, 2, 0;6;0;2;0;6
Starfall Hammock;Tidewhisper Sandcastle, 7, 2, 0;6;0;2;1;5
Starfall Hammock;Tidewhisper Sandcastle, 7, 2, 0;6;0;2;2;4
Starfall Hammock;Tidewhisper Sandcastle, 7, 2, 0;6;1;1;0;6
Starfall Hammock;Tidewhisper Sandcastle, 7, 2, 1;2;0;5;0;3
Starfall Hammock;Tidewhisper Sandcastle, 7, 2, 1;5;0;2;1;5
Starfall Hammock;Tidewhisper Sandcastle, 7, 2, 2;1;1;4;1;2
Starfall Hammock;Tidewhisper Sandcastle, 7, 2, 2;4;0;2;0;6
Starfall Hammock;Tidewhisper Sandcastle, 7, 2, 2;4;0;2;1;5
Starfall Hammock;Tidewhisper Sandcastle, 7, 2, 2;4;0;2;4;2
Starfall Hammock;Tidewhisper Sandcastle, 7, 2, 3;0;1;4;0;3
Starfall Hammock;Tidewhisper Sandcastle, 7, 2, 3;0;5;0;2;1
Starfall Hammock;Tidewhisper Sandcastle, 7, 2, 3;3;0;2;0;6
Starfall Hammock;Tidewhisper Sandcastle, 7, 2, 3;3;1;1;6;0
Starfall Hammock;Tidewhisper Sandcastle, 7, 2, 3;3;2;0;6;0
Starfall Hammock;Tidewhisper Sandcastle, 7, 2, 4;2;1;1;0;6
Starfall Hammock;Tidewhisper Sandcastle, 7, 2, 4;2;2;0;6;0
Starfall Hammock;Tidewhisper Sandcastle, 7, 2, 5;1;0;2;1;5
Starfall Hammock;Tidewhisper Sandcastle, 7, 2, 5;1;0;2;2;4
Starfall Hammock;Tidewhisper Sandcastle, 7, 2, 6;0;0;2;6;0
Starfall Hammock;Tidewhisper Sandcastle, 7, 2, 6;0;1;1;1;5
Starfall Hammock;Tidewhisper Sandcastle, 7, 2, 6;0;1;1;6;0
Starfall Hammock;Tidewhisper Sandcastle, 7, 2, 6;0;2;0;2;4
Starfall Hammock;Tidewhisper Sandcastle, 7, 2, 6;0;2;0;6;0
Starfall Hammock;Tidewhisper Sandcastle, 7, 3, 0;3;0;5;2;1
Starfall Hammock;Tidewhisper Sandcastle, 7, 3, 0;3;0;5;3;0
Starfall Hammock;Tidewhisper Sandcastle, 7, 3, 0;3;3;2;2;1
Starfall Hammock;Tidewhisper Sandcastle, 7, 3, 0;6;0;2;3;3
Starfall Hammock;Tidewhisper Sandcastle, 7, 3, 0;6;0;2;6;0
Starfall Hammock;Tidewhisper Sandcastle, 7, 3, 1;2;5;0;3;0
Starfall Hammock;Tidewhisper Sandcastle, 7, 3, 2;1;1;4;2;1
Starfall Hammock;Tidewhisper Sandcastle, 7, 3, 2;1;5;0;3;0
Starfall Hammock;Tidewhisper Sandcastle, 7, 3, 2;4;0;2;3;3
Starfall Hammock;Tidewhisper Sandcastle, 7, 3, 2;4;1;1;0;6
Starfall Hammock;Tidewhisper Sandcastle, 7, 3, 2;4;1;1;1;5
Starfall Hammock;Tidewhisper Sandcastle, 7, 3, 2;4;1;1;3;3
Starfall Hammock;Tidewhisper Sandcastle, 7, 3, 3;0;5;0;0;3
Starfall Hammock;Tidewhisper Sandcastle, 7, 3, 3;3;0;2;1;5
Starfall Hammock;Tidewhisper Sandcastle, 7, 3, 3;3;0;2;2;4
Starfall Hammock;Tidewhisper Sandcastle, 7, 3, 3;3;0;2;3;3
Starfall Hammock;Tidewhisper Sandcastle, 7, 3, 4;2;0;2;1;5
Starfall Hammock;Tidewhisper Sandcastle, 7, 3, 6;0;0;2;2;4
Starfall Hammock;Tidewhisper Sandcastle, 7, 3, 6;0;2;0;1;5
Starfall Hammock;Tidewhisper Sandcastle, 7, 4, 0;6;1;1;2;4
Starfall Hammock;Tidewhisper Sandcastle, 7, 4, 0;6;2;0;1;5
Starfall Hammock;Tidewhisper Sandcastle, 7, 4, 1;5;0;2;3;3
Starfall Hammock;Tidewhisper Sandcastle, 7, 4, 1;5;2;0;6;0
Starfall Hammock;Tidewhisper Sandcastle, 7, 4, 2;4;0;2;6;0
Starfall Hammock;Tidewhisper Sandcastle, 7, 4, 3;3;1;1;0;6
Starfall Hammock;Tidewhisper Sandcastle, 7, 4, 3;3;1;1;1;5
Starfall Hammock;Tidewhisper Sandcastle, 7, 4, 3;3;2;0;2;4
Starfall Hammock;Tidewhisper Sandcastle, 7, 4, 6;0;2;0;0;6
Starfall Hammock;Tidewhisper Sandcastle, 7, 5, 1;5;1;1;2;4
Starfall Hammock;Tidewhisper Sandcastle, 7, 5, 1;5;1;1;6;0
Starfall Hammock;Tidewhisper Sandcastle, 7, 5, 2;4;1;1;2;4
Starfall Hammock;Tidewhisper Sandcastle, 7, 5, 2;4;2;0;0;6
Starfall Hammock;Tidewhisper Sandcastle, 7, 5, 3;3;1;1;3;3
Starfall Hammock;Tidewhisper Sandcastle, 7, 5, 6;0;0;2;0;6
Starfall Hammock;Tidewhisper Sandcastle, 7, 5, 6;0;1;1;0;6
Starfall Hammock;Tidewhisper Sandcastle, 7, 6, 0;6;0;2;4;2
Starfall Hammock;Tidewhisper Sandcastle, 7, 6, 1;5;1;0;7;0
Starfall Hammock;Tidewhisper Sandcastle, 7, 6, 2;4;2;0;1;5
Starfall Hammock;Tidewhisper Sandcastle, 7, 7, 0;7;0;1;0;7
Starfall Hammock;Tidewhisper Sandcastle, 7, 7, 0;7;0;1;1;6
Starfall Hammock;Tidewhisper Sandcastle, 7, 7, 0;7;0;1;3;4
Starfall Hammock;Tidewhisper Sandcastle, 7, 7, 0;7;1;0;0;7
Starfall Hammock;Tidewhisper Sandcastle, 7, 7, 0;7;1;0;2;5
Starfall Hammock;Tidewhisper Sandcastle, 7, 7, 1;6;0;1;1;6
Starfall Hammock;Tidewhisper Sandcastle, 7, 7, 2;5;0;1;1;6
Starfall Hammock;Tidewhisper Sandcastle, 7, 7, 2;5;0;1;2;5
Starfall Hammock;Tidewhisper Sandcastle, 7, 7, 2;5;1;0;0;7
Starfall Hammock;Tidewhisper Sandcastle, 7, 7, 3;4;0;1;0;7
Starfall Hammock;Tidewhisper Sandcastle, 7, 7, 3;4;1;0;4;3
Starfall Hammock;Tidewhisper Sandcastle, 7, 7, 3;4;1;0;7;0
Starfall Hammock;Tidewhisper Sandcastle, 7, 7, 4;2;1;1;1;5
Starfall Hammock;Tidewhisper Sandcastle, 7, 7, 4;3;0;1;0;7
Starfall Hammock;Tidewhisper Sandcastle, 7, 7, 4;3;0;1;1;6
Starfall Hammock;Tidewhisper Sandcastle, 7, 7, 4;3;0;1;2;5
Starfall Hammock;Tidewhisper Sandcastle, 7, 7, 4;3;1;0;0;7
Starfall Hammock;Tidewhisper Sandcastle, 7, 7, 4;3;1;0;7;0
Starfall Hammock;Tidewhisper Sandcastle, 7, 7, 6;1;0;1;0;7
Starfall Hammock;Tidewhisper Sandcastle, 7, 7, 7;0;0;1;3;4
Starfall Hammock;Tidewhisper Sandcastle, 7, 7, 7;0;0;1;7;0
Starfall Hammock;Tidewhisper Sandcastle, 7, 7, 7;0;1;0;3;4
Starfall Hammock;Tidewhisper Sandcastle, 7, 7, 7;0;1;0;4;3
Starfall Hammock;Tidewhisper Sandcastle, 7, 7, 7;0;1;0;7;0
Starfall Hammock;Tidewhisper Sandcastle, 8, 0, 0;5;0;3;2;3
Starfall Hammock;Tidewhisper Sandcastle, 8, 0, 0;5;2;1;0;5
Starfall Hammock;Tidewhisper Sandcastle, 8, 0, 1;2;2;3;1;2
Starfall Hammock;Tidewhisper Sandcastle, 8, 0, 1;2;3;2;0;3
Starfall Hammock;Tidewhisper Sandcastle, 8, 0, 1;4;0;3;0;5
Starfall Hammock;Tidewhisper Sandcastle, 8, 0, 1;4;1;2;0;5
Starfall Hammock;Tidewhisper Sandcastle, 8, 0, 2;3;1;2;0;5
Starfall Hammock;Tidewhisper Sandcastle, 8, 0, 2;3;2;1;2;3
Starfall Hammock;Tidewhisper Sandcastle, 8, 0, 3;0;0;5;1;2
Starfall Hammock;Tidewhisper Sandcastle, 8, 0, 3;2;1;2;0;5
Starfall Hammock;Tidewhisper Sandcastle, 8, 0, 4;1;3;0;5;0
Starfall Hammock;Tidewhisper Sandcastle, 8, 0, 5;0;0;3;0;5
Starfall Hammock;Tidewhisper Sandcastle, 8, 1, 0;3;1;4;2;1
Starfall Hammock;Tidewhisper Sandcastle, 8, 1, 0;5;0;3;3;2
Starfall Hammock;Tidewhisper Sandcastle, 8, 1, 1;2;0;5;2;1
Starfall Hammock;Tidewhisper Sandcastle, 8, 1, 1;2;5;0;2;1
Starfall Hammock;Tidewhisper Sandcastle, 8, 1, 2;1;1;4;3;0
Starfall Hammock;Tidewhisper Sandcastle, 8, 1, 3;2;0;3;1;4
Starfall Hammock;Tidewhisper Sandcastle, 8, 2, 1;2;3;2;2;1
Starfall Hammock;Tidewhisper Sandcastle, 8, 2, 2;1;3;2;1;2
Starfall Hammock;Tidewhisper Sandcastle, 8, 2, 2;4;0;2;2;4
Starfall Hammock;Tidewhisper Sandcastle, 8, 2, 2;4;2;0;6;0
Starfall Hammock;Tidewhisper Sandcastle, 8, 2, 3;3;0;2;6;0
Starfall Hammock;Tidewhisper Sandcastle, 8, 2, 5;1;0;2;0;6
Starfall Hammock;Tidewhisper Sandcastle, 8, 2, 5;1;0;2;3;3
Starfall Hammock;Tidewhisper Sandcastle, 8, 2, 5;1;1;1;2;4
Starfall Hammock;Tidewhisper Sandcastle, 8, 2, 6;0;0;2;5;1
Starfall Hammock;Tidewhisper Sandcastle, 8, 2, 6;0;2;0;3;3
Starfall Hammock;Tidewhisper Sandcastle, 8, 2, 6;0;2;0;5;1
Starfall Hammock;Tidewhisper Sandcastle, 8, 3, 0;3;2;3;2;1
Starfall Hammock;Tidewhisper Sandcastle, 8, 3, 0;3;5;0;1;2
Starfall Hammock;Tidewhisper Sandcastle, 8, 3, 0;6;2;0;0;6
Starfall Hammock;Tidewhisper Sandcastle, 8, 3, 2;1;0;5;3;0
Starfall Hammock;Tidewhisper Sandcastle, 8, 3, 3;3;1;1;2;4
Starfall Hammock;Tidewhisper Sandcastle, 8, 3, 5;1;0;2;5;1
Starfall Hammock;Tidewhisper Sandcastle, 8, 3, 5;1;2;0;6;0
Starfall Hammock;Tidewhisper Sandcastle, 8, 4, 0;6;1;1;1;5
Starfall Hammock;Tidewhisper Sandcastle, 8, 4, 1;5;0;2;0;6
Starfall Hammock;Tidewhisper Sandcastle, 8, 4, 1;5;0;2;2;4
Starfall Hammock;Tidewhisper Sandcastle, 8, 4, 1;5;2;0;3;3
Starfall Hammock;Tidewhisper Sandcastle, 8, 4, 3;3;1;1;4;2
Starfall Hammock;Tidewhisper Sandcastle, 8, 4, 4;2;1;1;2;4
Starfall Hammock;Tidewhisper Sandcastle, 8, 4, 4;2;2;0;3;3
Starfall Hammock;Tidewhisper Sandcastle, 8, 4, 5;1;1;1;3;3
Starfall Hammock;Tidewhisper Sandcastle, 8, 5, 4;2;0;2;0;6
Starfall Hammock;Tidewhisper Sandcastle, 8, 5, 4;2;1;1;3;3
Starfall Hammock;Tidewhisper Sandcastle, 8, 5, 6;0;1;1;4;2
Starfall Hammock;Tidewhisper Sandcastle, 8, 6, 0;6;0;1;2;5
Starfall Hammock;Tidewhisper Sandcastle, 8, 6, 1;5;2;0;2;4
Starfall Hammock;Tidewhisper Sandcastle, 8, 6, 2;5;0;1;5;1
Starfall Hammock;Tidewhisper Sandcastle, 8, 6, 3;3;2;0;1;5
Starfall Hammock;Tidewhisper Sandcastle, 8, 6, 5;2;0;0;2;5
Starfall Hammock;Tidewhisper Sandcastle, 8, 7, 0;6;2;0;5;1
Starfall Hammock;Tidewhisper Sandcastle, 8, 7, 0;7;0;1;7;0
Starfall Hammock;Tidewhisper Sandcastle, 8, 7, 1;5;0;2;4;2
Starfall Hammock;Tidewhisper Sandcastle, 8, 7, 1;6;1;0;3;4
Starfall Hammock;Tidewhisper Sandcastle, 8, 7, 2;5;0;1;0;7
Starfall Hammock;Tidewhisper Sandcastle, 8, 7, 2;5;0;1;3;4
Starfall Hammock;Tidewhisper Sandcastle, 8, 7, 2;5;0;1;4;3
Starfall Hammock;Tidewhisper Sandcastle, 8, 7, 2;5;1;0;1;6
Starfall Hammock;Tidewhisper Sandcastle, 8, 7, 3;4;0;1;2;5
Starfall Hammock;Tidewhisper Sandcastle, 8, 7, 4;3;1;0;2;5
Starfall Hammock;Tidewhisper Sandcastle, 8, 7, 7;0;0;1;0;7
Starfall Hammock;Tidewhisper Sandcastle, 8, 7, 7;0;1;0;5;2
Starfall Hammock;Tidewhisper Sandcastle, 8, 8, 0;7;0;1;4;3
Starfall Hammock;Tidewhisper Sandcastle, 8, 8, 1;6;1;0;0;7
Starfall Hammock;Tidewhisper Sandcastle, 8, 8, 1;6;1;0;4;3
Starfall Hammock;Tidewhisper Sandcastle, 8, 8, 2;4;1;1;6;0
Starfall Hammock;Tidewhisper Sandcastle, 8, 8, 2;5;0;1;7;0
Starfall Hammock;Tidewhisper Sandcastle, 8, 8, 2;5;1;0;3;4
Starfall Hammock;Tidewhisper Sandcastle, 8, 8, 3;3;0;2;4;2
Starfall Hammock;Tidewhisper Sandcastle, 8, 8, 7;0;0;1;2;5
Starfall Hammock;Tidewhisper Sandcastle, 8, 8, 7;0;1;0;1;6
Starfall Hammock;Tidewhisper Sandcastle, 8, 8, 7;0;1;0;2;5
Starfall Hammock;Tidewhisper Sandcastle;Farmland, 2, 0, 0;0;1;0;5;13;0;3;1
Starfall Hammock;Tidewhisper Sandcastle;Farmland, 2, 0, 0;0;1;0;8;8;0;0;1
Starfall Hammock;Tidewhisper Sandcastle;Farmland, 2, 0, 0;0;1;5;0;13;3;0;1
Starfall Hammock;Tidewhisper Sandcastle;Farmland, 2, 0, 0;0;1;8;0;8;0;0;1
Starfall Hammock;Tidewhisper Sandcastle;Farmland, 2, 0, 0;0;6;0;0;24;0;0;6
Starfall Hammock;Tidewhisper Sandcastle;Farmland, 2, 0, 0;0;6;0;0;24;0;2;4
Starfall Hammock;Tidewhisper Sandcastle;Farmland, 2, 0, 0;2;1;0;5;11;0;3;1
Starfall Hammock;Tidewhisper Sandcastle;Farmland, 2, 0, 0;2;4;0;0;24;0;2;4
Starfall Hammock;Tidewhisper Sandcastle;Farmland, 2, 0, 0;3;1;0;0;24;0;2;4
Starfall Hammock;Tidewhisper Sandcastle;Farmland, 2, 0, 0;3;1;0;0;24;0;3;1
Starfall Hammock;Tidewhisper Sandcastle;Farmland, 2, 0, 0;3;1;0;4;14;0;3;1
Starfall Hammock;Tidewhisper Sandcastle;Farmland, 2, 0, 0;3;1;0;5;11;0;2;1
Starfall Hammock;Tidewhisper Sandcastle;Farmland, 2, 0, 0;3;1;0;5;11;1;1;1
Starfall Hammock;Tidewhisper Sandcastle;Farmland, 2, 0, 0;3;1;0;5;12;0;1;1
Starfall Hammock;Tidewhisper Sandcastle;Farmland, 2, 0, 1;0;1;0;5;12;0;3;1
Starfall Hammock;Tidewhisper Sandcastle;Farmland, 2, 0, 1;1;4;0;0;24;0;0;6
Starfall Hammock;Tidewhisper Sandcastle;Farmland, 2, 0, 1;1;4;0;0;24;0;1;5
Starfall Hammock;Tidewhisper Sandcastle;Farmland, 2, 0, 1;1;4;0;0;24;0;2;4
Starfall Hammock;Tidewhisper Sandcastle;Farmland, 2, 0, 1;1;4;0;0;24;1;1;4
Starfall Hammock;Tidewhisper Sandcastle;Farmland, 2, 0, 2;0;1;5;0;11;3;0;1
Starfall Hammock;Tidewhisper Sandcastle;Farmland, 2, 0, 2;0;4;0;0;24;0;0;6
Starfall Hammock;Tidewhisper Sandcastle;Farmland, 2, 0, 2;0;4;0;0;24;0;2;4
Starfall Hammock;Tidewhisper Sandcastle;Farmland, 2, 0, 2;0;4;0;0;24;0;3;1
Starfall Hammock;Tidewhisper Sandcastle;Farmland, 2, 0, 2;0;4;0;0;24;3;0;1
Starfall Hammock;Tidewhisper Sandcastle;Farmland, 2, 0, 3;0;1;0;0;24;0;2;4
Starfall Hammock;Tidewhisper Sandcastle;Farmland, 2, 0, 3;0;1;0;0;24;3;0;1
Starfall Hammock;Tidewhisper Sandcastle;Farmland, 2, 0, 3;0;1;4;0;14;3;0;1
Starfall Hammock;Tidewhisper Sandcastle;Farmland, 2, 0, 3;0;1;5;0;11;2;0;1
Starfall Hammock;Tidewhisper Sandcastle;Farmland, 2, 0, 3;0;1;5;0;12;0;0;2
Starfall Hammock;Tidewhisper Sandcastle;Farmland, 2, 0, 3;0;1;5;0;13;0;0;1
Starfall Hammock;Tidewhisper Sandcastle;Farmland, 2, 1, 0;0;3;3;0;12;5;0;2
Starfall Hammock;Tidewhisper Sandcastle;Farmland, 2, 1, 0;0;7;0;0;20;0;0;11
Starfall Hammock;Tidewhisper Sandcastle;Farmland, 2, 1, 0;0;7;0;0;21;0;0;10
Starfall Hammock;Tidewhisper Sandcastle;Farmland, 2, 1, 0;0;7;0;0;22;0;0;9
Starfall Hammock;Tidewhisper Sandcastle;Farmland, 2, 1, 0;0;8;0;0;20;0;0;10
Starfall Hammock;Tidewhisper Sandcastle;Farmland, 2, 1, 0;0;9;0;0;22;0;1;6
Starfall Hammock;Tidewhisper Sandcastle;Farmland, 2, 1, 0;0;10;0;0;21;0;0;7
Starfall Hammock;Tidewhisper Sandcastle;Farmland, 2, 1, 0;0;11;0;0;20;0;1;6
Starfall Hammock;Tidewhisper Sandcastle;Farmland, 2, 1, 0;2;1;0;3;12;0;5;1
Starfall Hammock;Tidewhisper Sandcastle;Farmland, 2, 1, 0;2;5;0;0;22;1;1;7
Starfall Hammock;Tidewhisper Sandcastle;Farmland, 2, 1, 0;5;1;0;0;16;0;2;9
Starfall Hammock;Tidewhisper Sandcastle;Farmland, 2, 1, 0;5;1;0;0;16;0;5;1
Starfall Hammock;Tidewhisper Sandcastle;Farmland, 2, 1, 0;5;1;0;1;16;0;4;1
Starfall Hammock;Tidewhisper Sandcastle;Farmland, 2, 1, 0;5;1;0;3;12;0;2;1
Starfall Hammock;Tidewhisper Sandcastle;Farmland, 2, 1, 0;5;2;0;3;12;0;0;3
Starfall Hammock;Tidewhisper Sandcastle;Farmland, 2, 1, 0;5;2;0;3;12;1;0;2
Starfall Hammock;Tidewhisper Sandcastle;Farmland, 2, 1, 1;0;2;0;3;12;0;5;2
Starfall Hammock;Tidewhisper Sandcastle;Farmland, 2, 1, 1;0;2;3;0;12;5;0;2
Starfall Hammock;Tidewhisper Sandcastle;Farmland, 2, 1, 1;0;6;0;0;20;0;5;1
Starfall Hammock;Tidewhisper Sandcastle;Farmland, 2, 1, 1;0;8;0;0;18;5;0;1
Starfall Hammock;Tidewhisper Sandcastle;Farmland, 2, 1, 1;0;10;0;0;20;1;1;5
Starfall Hammock;Tidewhisper Sandcastle;Farmland, 2, 1, 1;1;5;0;0;20;0;0;11
Starfall Hammock;Tidewhisper Sandcastle;Farmland, 2, 1, 1;1;5;0;0;20;0;2;9
Starfall Hammock;Tidewhisper Sandcastle;Farmland, 2, 1, 1;1;5;0;0;20;1;1;9
Starfall Hammock;Tidewhisper Sandcastle;Farmland, 2, 1, 1;1;7;0;0;22;0;1;6
Starfall Hammock;Tidewhisper Sandcastle;Farmland, 2, 1, 2;0;1;3;0;12;5;0;1
Starfall Hammock;Tidewhisper Sandcastle;Farmland, 2, 1, 2;0;5;0;0;22;0;0;9
Starfall Hammock;Tidewhisper Sandcastle;Farmland, 2, 1, 2;0;5;0;0;22;0;1;8
Starfall Hammock;Tidewhisper Sandcastle;Farmland, 2, 1, 2;0;7;0;0;22;0;2;5
Starfall Hammock;Tidewhisper Sandcastle;Farmland, 2, 1, 2;0;8;0;0;21;0;2;5
Starfall Hammock;Tidewhisper Sandcastle;Farmland, 2, 1, 5;0;1;0;0;16;5;0;1
Starfall Hammock;Tidewhisper Sandcastle;Farmland, 2, 1, 5;0;1;0;0;18;1;0;8
Starfall Hammock;Tidewhisper Sandcastle;Farmland, 2, 1, 5;0;1;1;0;16;4;0;1
Starfall Hammock;Tidewhisper Sandcastle;Farmland, 2, 1, 5;0;1;3;0;12;2;0;1
Starfall Hammock;Tidewhisper Sandcastle;Farmland, 2, 1, 5;0;2;3;0;12;0;1;2
Starfall Hammock;Tidewhisper Sandcastle;Farmland, 2, 1, 5;0;2;3;0;12;1;0;2
Starfall Hammock;Tidewhisper Sandcastle;Farmland, 2, 2, 0;0;5;3;0;8;5;0;2
Starfall Hammock;Tidewhisper Sandcastle;Farmland, 2, 2, 0;1;2;3;0;10;5;0;2
Starfall Hammock;Tidewhisper Sandcastle;Farmland, 2, 2, 0;1;10;0;0;18;5;0;2
Starfall Hammock;Tidewhisper Sandcastle;Farmland, 2, 2, 0;2;9;0;0;18;0;1;10
Starfall Hammock;Tidewhisper Sandcastle;Farmland, 2, 2, 0;3;8;0;0;18;0;1;10
Starfall Hammock;Tidewhisper Sandcastle;Farmland, 2, 2, 0;5;2;0;0;18;0;1;10
Starfall Hammock;Tidewhisper Sandcastle;Farmland, 2, 2, 0;5;2;0;0;18;0;5;0
Starfall Hammock;Tidewhisper Sandcastle;Farmland, 2, 2, 0;5;2;0;3;8;0;0;5
Starfall Hammock;Tidewhisper Sandcastle;Farmland, 2, 2, 1;0;10;0;0;18;0;2;9
Starfall Hammock;Tidewhisper Sandcastle;Farmland, 2, 2, 1;0;10;0;0;18;0;5;2
Starfall Hammock;Tidewhisper Sandcastle;Farmland, 2, 2, 1;2;8;0;0;18;0;0;11
Starfall Hammock;Tidewhisper Sandcastle;Farmland, 2, 2, 1;2;8;0;0;18;0;1;10
Starfall Hammock;Tidewhisper Sandcastle;Farmland, 2, 2, 2;1;8;0;0;18;0;0;11
Starfall Hammock;Tidewhisper Sandcastle;Farmland, 2, 2, 2;1;8;0;0;18;0;1;10
Starfall Hammock;Tidewhisper Sandcastle;Farmland, 2, 2, 3;0;8;0;0;18;0;1;10
Starfall Hammock;Tidewhisper Sandcastle;Farmland, 2, 2, 5;0;0;0;0;18;5;0;2
Starfall Hammock;Tidewhisper Sandcastle;Farmland, 2, 2, 5;0;2;0;0;18;0;0;11
Starfall Hammock;Tidewhisper Sandcastle;Farmland, 3, 0, 0;0;2;0;8;6;0;0;2
Starfall Hammock;Tidewhisper Sandcastle;Farmland, 3, 0, 0;0;2;5;0;7;3;0;6
Starfall Hammock;Tidewhisper Sandcastle;Farmland, 3, 0, 0;0;2;8;0;6;0;0;2
Starfall Hammock;Tidewhisper Sandcastle;Farmland, 3, 0, 0;0;10;0;0;20;0;2;4
Starfall Hammock;Tidewhisper Sandcastle;Farmland, 3, 0, 0;1;2;0;5;9;0;3;3
Starfall Hammock;Tidewhisper Sandcastle;Farmland, 3, 0, 0;2;1;0;5;7;0;3;5
Starfall Hammock;Tidewhisper Sandcastle;Farmland, 3, 0, 0;3;1;0;0;19;0;2;9
Starfall Hammock;Tidewhisper Sandcastle;Farmland, 3, 0, 0;3;2;0;4;12;0;3;2
Starfall Hammock;Tidewhisper Sandcastle;Farmland, 3, 0, 0;3;3;0;5;10;1;0;1
Starfall Hammock;Tidewhisper Sandcastle;Farmland, 3, 0, 0;3;4;0;5;8;0;1;2
Starfall Hammock;Tidewhisper Sandcastle;Farmland, 3, 0, 0;3;4;0;5;8;0;2;1
Starfall Hammock;Tidewhisper Sandcastle;Farmland, 3, 0, 1;0;2;0;5;8;0;3;4
Starfall Hammock;Tidewhisper Sandcastle;Farmland, 3, 0, 1;1;6;0;0;20;0;2;6
Starfall Hammock;Tidewhisper Sandcastle;Farmland, 3, 0, 1;1;8;0;0;20;1;1;4
Starfall Hammock;Tidewhisper Sandcastle;Farmland, 3, 0, 2;0;1;5;0;7;3;0;5
Starfall Hammock;Tidewhisper Sandcastle;Farmland, 3, 0, 2;0;4;0;0;20;0;1;9
Starfall Hammock;Tidewhisper Sandcastle;Farmland, 3, 0, 2;0;6;0;0;16;0;3;7
Starfall Hammock;Tidewhisper Sandcastle;Farmland, 3, 0, 2;0;8;0;0;20;2;0;4
Starfall Hammock;Tidewhisper Sandcastle;Farmland, 3, 0, 3;0;3;5;0;8;1;0;3
Starfall Hammock;Tidewhisper Sandcastle;Farmland, 3, 0, 3;0;4;5;0;8;2;0;1
Starfall Hammock;Tidewhisper Sandcastle;Farmland, 3, 0, 3;0;5;5;0;9;0;0;1
Starfall Hammock;Tidewhisper Sandcastle;Farmland, 3, 1, 0;0;13;0;0;18;0;2;5
Starfall Hammock;Tidewhisper Sandcastle;Farmland, 3, 1, 0;0;15;0;0;16;1;1;7
Starfall Hammock;Tidewhisper Sandcastle;Farmland, 3, 1, 0;1;3;0;3;9;0;5;4
Starfall Hammock;Tidewhisper Sandcastle;Farmland, 3, 1, 0;1;6;0;0;18;1;0;12
Starfall Hammock;Tidewhisper Sandcastle;Farmland, 3, 1, 0;2;2;0;3;9;0;5;3
Starfall Hammock;Tidewhisper Sandcastle;Farmland, 3, 1, 0;2;5;0;0;18;0;0;13
Starfall Hammock;Tidewhisper Sandcastle;Farmland, 3, 1, 0;2;7;0;0;15;0;0;16
Starfall Hammock;Tidewhisper Sandcastle;Farmland, 3, 1, 0;5;4;0;3;8;0;2;2
Starfall Hammock;Tidewhisper Sandcastle;Farmland, 3, 1, 0;5;5;0;3;8;1;0;3
Starfall Hammock;Tidewhisper Sandcastle;Farmland, 3, 1, 0;5;6;0;3;8;0;0;3
Starfall Hammock;Tidewhisper Sandcastle;Farmland, 3, 1, 1;0;2;0;3;8;0;5;6
Starfall Hammock;Tidewhisper Sandcastle;Farmland, 3, 1, 1;1;8;0;0;18;0;2;8
Starfall Hammock;Tidewhisper Sandcastle;Farmland, 3, 1, 1;1;11;0;0;18;1;1;5
Starfall Hammock;Tidewhisper Sandcastle;Farmland, 3, 1, 2;0;7;0;0;15;1;0;15
Starfall Hammock;Tidewhisper Sandcastle;Farmland, 3, 1, 2;0;12;0;0;14;0;5;2
Starfall Hammock;Tidewhisper Sandcastle;Farmland, 3, 1, 5;0;3;0;0;13;1;0;13
Starfall Hammock;Tidewhisper Sandcastle;Farmland, 3, 1, 5;0;3;3;0;9;2;0;2
Starfall Hammock;Tidewhisper Sandcastle;Farmland, 3, 1, 5;0;3;3;0;10;1;0;3
Starfall Hammock;Tidewhisper Sandcastle;Farmland, 3, 1, 5;0;6;3;0;8;1;0;2
Starfall Hammock;Tidewhisper Sandcastle;Farmland, 3, 2, 0;0;4;3;0;8;5;0;5
Starfall Hammock;Tidewhisper Sandcastle;Farmland, 3, 2, 0;0;13;0;0;15;5;0;5
Starfall Hammock;Tidewhisper Sandcastle;Farmland, 3, 2, 0;0;14;0;0;16;0;3;9
Starfall Hammock;Tidewhisper Sandcastle;Farmland, 3, 2, 0;0;15;0;0;15;0;3;9
Starfall Hammock;Tidewhisper Sandcastle;Farmland, 3, 2, 0;0;16;0;0;14;1;2;9
Starfall Hammock;Tidewhisper Sandcastle;Farmland, 3, 2, 0;5;3;0;0;14;0;1;15
Starfall Hammock;Tidewhisper Sandcastle;Farmland, 3, 2, 0;5;4;0;3;6;1;0;6
Starfall Hammock;Tidewhisper Sandcastle;Farmland, 3, 2, 0;5;6;0;3;7;0;1;3
Starfall Hammock;Tidewhisper Sandcastle;Farmland, 3, 2, 1;2;9;0;0;16;0;0;14
Starfall Hammock;Tidewhisper Sandcastle;Farmland, 3, 2, 4;0;2;3;0;4;5;0;1
Starfall Hammock;Tidewhisper Sandcastle;Farmland, 3, 2, 5;0;5;0;0;15;0;1;12
Starfall Hammock;Tidewhisper Sandcastle;Farmland, 3, 3, 0;0;17;0;0;14;0;3;9
Starfall Hammock;Tidewhisper Sandcastle;Farmland, 3, 3, 0;0;19;0;0;12;0;3;11
Starfall Hammock;Tidewhisper Sandcastle;Farmland, 3, 3, 0;0;20;0;0;11;1;2;11
Starfall Hammock;Tidewhisper Sandcastle;Farmland, 3, 3, 0;1;3;3;0;6;5;0;8
Starfall Hammock;Tidewhisper Sandcastle;Farmland, 3, 3, 0;1;11;0;0;14;1;1;15
Starfall Hammock;Tidewhisper Sandcastle;Farmland, 3, 3, 0;2;15;0;0;14;0;2;10
Starfall Hammock;Tidewhisper Sandcastle;Farmland, 3, 3, 0;5;5;0;0;11;0;1;19
Starfall Hammock;Tidewhisper Sandcastle;Farmland, 3, 3, 0;5;7;0;3;6;0;1;4
Starfall Hammock;Tidewhisper Sandcastle;Farmland, 3, 3, 0;5;7;0;3;6;1;0;4
Starfall Hammock;Tidewhisper Sandcastle;Farmland, 3, 3, 1;0;18;0;0;12;1;2;11
Starfall Hammock;Tidewhisper Sandcastle;Farmland, 3, 3, 1;1;11;0;0;14;1;1;14
Starfall Hammock;Tidewhisper Sandcastle;Farmland, 3, 3, 2;1;9;0;0;14;0;0;17
Starfall Hammock;Tidewhisper Sandcastle;Farmland, 3, 3, 2;1;11;0;0;11;0;0;20
Starfall Hammock;Tidewhisper Sandcastle;Farmland, 3, 3, 2;1;11;0;0;11;0;1;19
Starfall Hammock;Tidewhisper Sandcastle;Farmland, 3, 3, 2;1;11;0;0;12;0;0;19
Starfall Hammock;Tidewhisper Sandcastle;Farmland, 3, 3, 5;0;10;0;0;11;5;0;4
Starfall Hammock;Tidewhisper Sandcastle;Farmland, 4, 0, 0;0;12;0;0;18;0;0;12
Starfall Hammock;Tidewhisper Sandcastle;Farmland, 4, 0, 0;0;12;0;0;18;0;1;11
Starfall Hammock;Tidewhisper Sandcastle;Farmland, 4, 0, 0;0;12;0;0;18;1;1;10
Starfall Hammock;Tidewhisper Sandcastle;Farmland, 4, 0, 0;3;5;0;4;11;0;1;10
Starfall Hammock;Tidewhisper Sandcastle;Farmland, 4, 0, 0;3;5;0;4;11;0;3;6
Starfall Hammock;Tidewhisper Sandcastle;Farmland, 4, 0, 0;3;7;0;0;18;0;3;7
Starfall Hammock;Tidewhisper Sandcastle;Farmland, 4, 0, 0;3;7;0;0;18;1;1;10
Starfall Hammock;Tidewhisper Sandcastle;Farmland, 4, 0, 1;1;10;0;0;18;0;0;12
Starfall Hammock;Tidewhisper Sandcastle;Farmland, 4, 0, 1;1;10;0;0;18;0;1;11
Starfall Hammock;Tidewhisper Sandcastle;Farmland, 4, 0, 1;1;10;0;0;18;0;3;7
Starfall Hammock;Tidewhisper Sandcastle;Farmland, 4, 0, 1;1;10;0;0;18;1;1;10
Starfall Hammock;Tidewhisper Sandcastle;Farmland, 4, 0, 2;0;10;0;0;18;1;1;10
Starfall Hammock;Tidewhisper Sandcastle;Farmland, 4, 0, 2;0;10;0;0;18;3;0;7
Starfall Hammock;Tidewhisper Sandcastle;Farmland, 4, 0, 2;0;10;0;4;10;0;3;5
Starfall Hammock;Tidewhisper Sandcastle;Farmland, 4, 0, 2;0;10;4;0;10;3;0;5
Starfall Hammock;Tidewhisper Sandcastle;Farmland, 4, 0, 3;0;5;4;0;11;1;1;9
Starfall Hammock;Tidewhisper Sandcastle;Farmland, 4, 0, 3;0;5;4;0;11;3;0;6
Starfall Hammock;Tidewhisper Sandcastle;Farmland, 4, 0, 3;0;5;4;0;12;1;1;8
Starfall Hammock;Tidewhisper Sandcastle;Farmland, 4, 0, 3;0;5;4;0;12;3;0;5
Starfall Hammock;Tidewhisper Sandcastle;Farmland, 4, 0, 3;0;7;0;0;18;1;1;10
Starfall Hammock;Tidewhisper Sandcastle;Farmland, 4, 0, 3;0;7;0;0;18;3;0;7
Starfall Hammock;Tidewhisper Sandcastle;Farmland, 4, 0, 3;0;7;4;0;10;1;1;8
Starfall Hammock;Tidewhisper Sandcastle;Farmland, 4, 1, 0;0;13;0;0;17;0;0;14
Starfall Hammock;Tidewhisper Sandcastle;Farmland, 4, 1, 0;0;14;0;0;17;0;0;13
Starfall Hammock;Tidewhisper Sandcastle;Farmland, 4, 1, 0;0;14;0;0;17;0;2;11
Starfall Hammock;Tidewhisper Sandcastle;Farmland, 4, 1, 0;1;11;0;2;11;0;5;5
Starfall Hammock;Tidewhisper Sandcastle;Farmland, 4, 1, 0;2;11;0;0;15;0;2;14
Starfall Hammock;Tidewhisper Sandcastle;Farmland, 4, 1, 0;2;13;0;0;13;0;2;14
Starfall Hammock;Tidewhisper Sandcastle;Farmland, 4, 1, 0;3;6;0;2;11;0;5;6
Starfall Hammock;Tidewhisper Sandcastle;Farmland, 4, 1, 1;0;12;0;0;17;0;0;14
Starfall Hammock;Tidewhisper Sandcastle;Farmland, 4, 1, 1;0;13;0;0;17;0;2;11
Starfall Hammock;Tidewhisper Sandcastle;Farmland, 4, 1, 1;1;9;0;4;9;0;1;10
Starfall Hammock;Tidewhisper Sandcastle;Farmland, 4, 1, 1;1;11;0;0;14;5;0;7
Starfall Hammock;Tidewhisper Sandcastle;Farmland, 4, 1, 1;1;12;0;0;17;0;2;11
Starfall Hammock;Tidewhisper Sandcastle;Farmland, 4, 1, 2;0;11;0;0;17;0;0;14
Starfall Hammock;Tidewhisper Sandcastle;Farmland, 4, 1, 2;0;11;0;0;17;1;1;12
Starfall Hammock;Tidewhisper Sandcastle;Farmland, 4, 1, 3;0;5;2;0;11;5;0;7
Starfall Hammock;Tidewhisper Sandcastle;Farmland, 4, 1, 4;0;7;1;0;12;5;0;5
Starfall Hammock;Tidewhisper Sandcastle;Farmland, 4, 1, 5;0;6;1;0;13;4;0;5
Starfall Hammock;Tidewhisper Sandcastle;Farmland, 4, 1, 5;0;6;2;0;12;3;0;5
Starfall Hammock;Tidewhisper Sandcastle;Farmland, 4, 1, 5;0;7;2;0;11;1;0;9
Starfall Hammock;Tidewhisper Sandcastle;Farmland, 4, 1, 5;0;7;2;0;11;2;0;8
Starfall Hammock;Tidewhisper Sandcastle;Farmland, 4, 2, 0;0;16;0;0;13;0;3;13
Starfall Hammock;Tidewhisper Sandcastle;Farmland, 4, 2, 0;1;8;3;0;6;5;0;6
Starfall Hammock;Tidewhisper Sandcastle;Farmland, 4, 2, 0;1;11;0;3;3;0;5;6
Starfall Hammock;Tidewhisper Sandcastle;Farmland, 4, 2, 0;1;15;0;0;13;1;2;13
Starfall Hammock;Tidewhisper Sandcastle;Farmland, 4, 2, 0;4;5;0;4;6;1;0;7
Starfall Hammock;Tidewhisper Sandcastle;Farmland, 4, 2, 0;5;6;0;3;3;0;0;12
Starfall Hammock;Tidewhisper Sandcastle;Farmland, 4, 2, 0;5;6;0;3;4;0;1;10
Starfall Hammock;Tidewhisper Sandcastle;Farmland, 4, 2, 0;5;7;0;0;13;1;1;14
Starfall Hammock;Tidewhisper Sandcastle;Farmland, 4, 2, 1;0;8;0;3;6;0;5;6
Starfall Hammock;Tidewhisper Sandcastle;Farmland, 4, 2, 1;0;15;0;0;13;0;3;13
Starfall Hammock;Tidewhisper Sandcastle;Farmland, 4, 2, 1;0;15;0;0;13;5;0;7
Starfall Hammock;Tidewhisper Sandcastle;Farmland, 4, 2, 1;1;14;0;0;13;1;1;14
Starfall Hammock;Tidewhisper Sandcastle;Farmland, 4, 2, 1;2;13;0;0;13;0;0;16
Starfall Hammock;Tidewhisper Sandcastle;Farmland, 4, 2, 2;0;14;0;0;13;0;5;7
Starfall Hammock;Tidewhisper Sandcastle;Farmland, 4, 2, 2;0;14;0;0;13;2;0;14
Starfall Hammock;Tidewhisper Sandcastle;Farmland, 4, 2, 2;1;13;0;0;13;0;0;16
Starfall Hammock;Tidewhisper Sandcastle;Farmland, 4, 2, 2;1;13;0;0;13;0;1;15
Starfall Hammock;Tidewhisper Sandcastle;Farmland, 4, 2, 5;0;6;3;0;6;0;1;8
Starfall Hammock;Tidewhisper Sandcastle;Farmland, 4, 3, 0;0;18;0;0;12;0;3;15
Starfall Hammock;Tidewhisper Sandcastle;Farmland, 4, 3, 0;0;19;0;0;11;0;3;15
Starfall Hammock;Tidewhisper Sandcastle;Farmland, 4, 3, 0;0;20;0;0;10;0;3;15
Starfall Hammock;Tidewhisper Sandcastle;Farmland, 4, 3, 0;1;18;0;0;9;0;5;11
Starfall Hammock;Tidewhisper Sandcastle;Farmland, 4, 3, 0;2;17;0;0;9;5;0;11
Starfall Hammock;Tidewhisper Sandcastle;Farmland, 4, 3, 0;4;4;0;4;3;0;4;5
Starfall Hammock;Tidewhisper Sandcastle;Farmland, 4, 3, 0;5;7;0;3;5;0;2;8
Starfall Hammock;Tidewhisper Sandcastle;Farmland, 4, 3, 1;0;9;0;3;5;0;5;7
Starfall Hammock;Tidewhisper Sandcastle;Farmland, 4, 3, 1;0;9;3;0;5;5;0;7
Starfall Hammock;Tidewhisper Sandcastle;Farmland, 4, 3, 1;1;8;3;0;4;5;0;8
Starfall Hammock;Tidewhisper Sandcastle;Farmland, 4, 3, 4;0;5;4;0;3;4;0;4
Starfall Hammock;Tidewhisper Sandcastle;Farmland, 4, 3, 5;0;6;3;0;4;4;0;5
Starfall Hammock;Tidewhisper Sandcastle;Farmland, 4, 3, 5;0;8;3;0;4;0;0;10
Starfall Hammock;Tidewhisper Sandcastle;Farmland, 4, 3, 5;0;8;3;0;4;0;1;9
Starfall Hammock;Tidewhisper Sandcastle;Farmland, 4, 3, 5;0;10;0;0;9;0;2;18
Starfall Hammock;Tidewhisper Sandcastle;Farmland, 4, 3, 5;0;10;0;0;9;5;0;11
Starfall Hammock;Tidewhisper Sandcastle;Farmland, 4, 4, 0;5;6;0;2;5;0;2;16
Starfall Hammock;Tidewhisper Sandcastle;Farmland, 4, 4, 2;1;12;0;2;5;0;5;9
Starfall Hammock;Tidewhisper Sandcastle;Farmland, 4, 4, 3;0;15;0;2;2;0;5;9
Starfall Hammock;Tidewhisper Sandcastle;Farmland, 4, 4, 3;0;17;0;0;8;5;0;11
Starfall Hammock;Tidewhisper Sandcastle;Farmland, 4, 4, 5;0;6;2;0;5;2;1;15
Starfall Hammock;Tidewhisper Sandcastle;Farmland, 5, 0, 0;0;16;0;0;14;1;1;10
Starfall Hammock;Tidewhisper Sandcastle;Farmland, 5, 0, 0;3;8;0;0;14;1;1;13
Starfall Hammock;Tidewhisper Sandcastle;Farmland, 5, 0, 0;3;11;0;0;12;0;3;9
Starfall Hammock;Tidewhisper Sandcastle;Farmland, 5, 0, 1;1;10;4;0;8;1;1;10
Starfall Hammock;Tidewhisper Sandcastle;Farmland, 5, 0, 2;0;10;0;4;8;0;3;7
Starfall Hammock;Tidewhisper Sandcastle;Farmland, 5, 0, 2;0;11;0;0;14;3;0;10
Starfall Hammock;Tidewhisper Sandcastle;Farmland, 5, 0, 2;0;11;0;4;8;0;3;6
Starfall Hammock;Tidewhisper Sandcastle;Farmland, 5, 0, 2;0;14;0;0;13;0;3;8
Starfall Hammock;Tidewhisper Sandcastle;Farmland, 5, 0, 3;0;7;0;0;14;1;1;14
Starfall Hammock;Tidewhisper Sandcastle;Farmland, 5, 0, 3;0;8;4;0;7;1;1;10
Starfall Hammock;Tidewhisper Sandcastle;Farmland, 5, 0, 3;0;9;0;0;14;3;0;9
Starfall Hammock;Tidewhisper Sandcastle;Farmland, 5, 1, 0;0;18;0;0;13;1;1;11
Starfall Hammock;Tidewhisper Sandcastle;Farmland, 5, 1, 0;0;19;0;0;12;2;0;12
Starfall Hammock;Tidewhisper Sandcastle;Farmland, 5, 1, 0;3;9;0;2;8;0;5;8
Starfall Hammock;Tidewhisper Sandcastle;Farmland, 5, 1, 0;5;8;0;2;8;0;2;12
Starfall Hammock;Tidewhisper Sandcastle;Farmland, 5, 1, 1;0;13;0;0;13;1;1;15
Starfall Hammock;Tidewhisper Sandcastle;Farmland, 5, 1, 1;0;17;0;0;13;1;1;11
Starfall Hammock;Tidewhisper Sandcastle;Farmland, 5, 1, 1;1;12;0;0;13;0;2;15
Starfall Hammock;Tidewhisper Sandcastle;Farmland, 5, 1, 2;0;11;0;0;13;1;1;16
Starfall Hammock;Tidewhisper Sandcastle;Farmland, 5, 1, 2;0;16;0;0;10;5;0;8
Starfall Hammock;Tidewhisper Sandcastle;Farmland, 5, 1, 3;0;8;2;0;9;5;0;8
Starfall Hammock;Tidewhisper Sandcastle;Farmland, 5, 1, 4;0;7;1;0;10;5;0;9
Starfall Hammock;Tidewhisper Sandcastle;Farmland, 5, 1, 5;0;8;2;0;9;0;2;11
Starfall Hammock;Tidewhisper Sandcastle;Farmland, 5, 2, 0;0;19;0;0;11;1;2;14
Starfall Hammock;Tidewhisper Sandcastle;Farmland, 5, 2, 0;2;7;4;0;4;4;0;7
Starfall Hammock;Tidewhisper Sandcastle;Farmland, 5, 2, 0;2;17;0;0;10;0;5;9
Starfall Hammock;Tidewhisper Sandcastle;Farmland, 5, 2, 0;5;8;0;3;4;0;2;9
Starfall Hammock;Tidewhisper Sandcastle;Farmland, 5, 2, 0;5;8;0;3;4;1;1;9
Starfall Hammock;Tidewhisper Sandcastle;Farmland, 5, 2, 0;5;10;0;0;10;0;3;15
Starfall Hammock;Tidewhisper Sandcastle;Farmland, 5, 2, 1;1;6;0;3;7;0;5;8
Starfall Hammock;Tidewhisper Sandcastle;Farmland, 5, 2, 1;1;6;0;4;5;0;4;7
Starfall Hammock;Tidewhisper Sandcastle;Farmland, 5, 2, 1;1;9;0;3;4;0;5;8
Starfall Hammock;Tidewhisper Sandcastle;Farmland, 5, 2, 2;0;6;3;0;7;5;0;8
Starfall Hammock;Tidewhisper Sandcastle;Farmland, 5, 2, 2;0;10;0;4;5;1;1;10
Starfall Hammock;Tidewhisper Sandcastle;Farmland, 5, 2, 3;0;16;0;0;9;5;0;10
Starfall Hammock;Tidewhisper Sandcastle;Farmland, 5, 2, 5;0;8;3;0;6;0;2;7
Starfall Hammock;Tidewhisper Sandcastle;Farmland, 5, 2, 5;0;8;3;0;7;0;1;7
Starfall Hammock;Tidewhisper Sandcastle;Farmland, 5, 2, 5;0;9;0;0;11;1;2;15
Starfall Hammock;Tidewhisper Sandcastle;Farmland, 5, 3, 0;1;9;3;0;4;5;0;10
Starfall Hammock;Tidewhisper Sandcastle;Farmland, 5, 3, 0;2;8;3;0;4;5;0;10
Starfall Hammock;Tidewhisper Sandcastle;Farmland, 5, 3, 0;4;5;0;3;4;0;5;7
Starfall Hammock;Tidewhisper Sandcastle;Farmland, 5, 3, 0;5;10;0;3;4;0;2;8
Starfall Hammock;Tidewhisper Sandcastle;Farmland, 5, 3, 1;1;20;0;0;9;2;1;15
Starfall Hammock;Tidewhisper Sandcastle;Farmland, 5, 3, 2;0;8;0;3;4;0;5;10
Starfall Hammock;Tidewhisper Sandcastle;Farmland, 5, 3, 4;0;4;4;0;3;4;0;5
Starfall Hammock;Tidewhisper Sandcastle;Farmland, 5, 3, 4;0;5;3;0;3;5;0;8
Starfall Hammock;Tidewhisper Sandcastle;Farmland, 5, 3, 5;0;8;3;0;3;4;0;5
Starfall Hammock;Tidewhisper Sandcastle;Farmland, 5, 3, 5;0;9;3;0;5;1;0;9
Starfall Hammock;Tidewhisper Sandcastle;Farmland, 5, 3, 5;0;9;3;0;5;2;0;8
Starfall Hammock;Tidewhisper Sandcastle;Farmland, 5, 4, 0;2;16;2;0;6;0;2;16
Starfall Hammock;Tidewhisper Sandcastle;Farmland, 5, 4, 0;5;8;0;2;6;0;5;9
Starfall Hammock;Tidewhisper Sandcastle;Farmland, 5, 4, 0;5;9;0;2;5;0;5;9
Starfall Hammock;Tidewhisper Sandcastle;Farmland, 5, 4, 0;5;13;0;0;8;0;3;19
Starfall Hammock;Tidewhisper Sandcastle;Farmland, 5, 4, 0;5;13;0;0;8;0;5;13
Starfall Hammock;Tidewhisper Sandcastle;Farmland, 5, 4, 1;1;16;0;2;6;0;2;16
Starfall Hammock;Tidewhisper Sandcastle;Farmland, 5, 4, 1;2;14;2;0;6;5;0;9
Starfall Hammock;Tidewhisper Sandcastle;Farmland, 5, 4, 1;2;15;0;2;5;0;5;9
Starfall Hammock;Tidewhisper Sandcastle;Farmland, 5, 4, 1;2;15;2;0;6;5;0;8
Starfall Hammock;Tidewhisper Sandcastle;Farmland, 5, 4, 1;2;19;0;0;8;0;5;13
Starfall Hammock;Tidewhisper Sandcastle;Farmland, 5, 4, 2;1;19;0;0;8;5;0;13
Starfall Hammock;Tidewhisper Sandcastle;Farmland, 5, 4, 5;0;8;2;0;6;5;0;9
Starfall Hammock;Tidewhisper Sandcastle;Farmland, 5, 4, 5;0;9;2;0;6;5;0;8
Starfall Hammock;Tidewhisper Sandcastle;Farmland, 5, 4, 5;0;13;0;0;8;0;3;19
Starfall Hammock;Tidewhisper Sandcastle;Farmland, 5, 4, 5;0;13;0;0;8;5;0;13
Starfall Hammock;Tidewhisper Sandcastle;Farmland, 5, 5, 0;2;18;2;0;4;5;0;11
Starfall Hammock;Tidewhisper Sandcastle;Farmland, 5, 5, 0;5;11;0;2;4;0;5;11
Starfall Hammock;Tidewhisper Sandcastle;Farmland, 5, 5, 0;5;11;0;2;4;1;1;18
Starfall Hammock;Tidewhisper Sandcastle;Farmland, 5, 5, 0;5;11;0;2;4;1;2;17
Starfall Hammock;Tidewhisper Sandcastle;Farmland, 5, 5, 0;5;14;0;0;7;0;5;13
Starfall Hammock;Tidewhisper Sandcastle;Farmland, 5, 5, 0;5;14;0;0;7;1;2;19
Starfall Hammock;Tidewhisper Sandcastle;Farmland, 5, 5, 1;2;17;0;2;4;0;5;11
Starfall Hammock;Tidewhisper Sandcastle;Farmland, 5, 5, 1;2;17;0;2;4;1;2;17
Starfall Hammock;Tidewhisper Sandcastle;Farmland, 5, 5, 1;2;17;2;0;4;1;2;17
Starfall Hammock;Tidewhisper Sandcastle;Farmland, 5, 5, 1;2;17;2;0;4;5;0;11
Starfall Hammock;Tidewhisper Sandcastle;Farmland, 5, 5, 2;0;18;0;2;4;0;5;11
Starfall Hammock;Tidewhisper Sandcastle;Farmland, 5, 5, 2;1;21;0;0;6;0;5;13
Starfall Hammock;Tidewhisper Sandcastle;Farmland, 5, 5, 2;1;21;0;0;6;5;0;13
Starfall Hammock;Tidewhisper Sandcastle;Farmland, 5, 5, 5;0;11;2;0;4;1;2;17
Starfall Hammock;Tidewhisper Sandcastle;Farmland, 5, 5, 5;0;11;2;0;4;5;0;11
Starfall Hammock;Tidewhisper Sandcastle;Farmland, 5, 5, 5;0;14;0;0;7;1;2;19
Starfall Hammock;Tidewhisper Sandcastle;Farmland, 6, 0, 0;0;16;0;0;16;0;0;16
Starfall Hammock;Tidewhisper Sandcastle;Farmland, 6, 0, 0;0;16;0;0;16;0;2;14
Starfall Hammock;Tidewhisper Sandcastle;Farmland, 6, 0, 0;3;9;0;4;10;0;2;12
Starfall Hammock;Tidewhisper Sandcastle;Farmland, 6, 0, 0;3;9;0;4;10;0;3;9
Starfall Hammock;Tidewhisper Sandcastle;Farmland, 6, 0, 0;3;11;0;2;10;0;5;7
Starfall Hammock;Tidewhisper Sandcastle;Farmland, 6, 0, 0;4;9;0;1;12;0;5;7
Starfall Hammock;Tidewhisper Sandcastle;Farmland, 6, 0, 0;4;9;0;2;10;0;4;9
Starfall Hammock;Tidewhisper Sandcastle;Farmland, 6, 0, 0;5;7;0;0;14;0;2;14
Starfall Hammock;Tidewhisper Sandcastle;Farmland, 6, 0, 0;5;7;0;0;14;0;5;7
Starfall Hammock;Tidewhisper Sandcastle;Farmland, 6, 0, 0;5;7;0;2;10;0;1;15
Starfall Hammock;Tidewhisper Sandcastle;Farmland, 6, 0, 0;5;7;0;2;10;0;3;11
Starfall Hammock;Tidewhisper Sandcastle;Farmland, 6, 0, 0;5;7;0;2;11;0;2;13
Starfall Hammock;Tidewhisper Sandcastle;Farmland, 6, 0, 0;5;7;0;2;12;0;3;9
Starfall Hammock;Tidewhisper Sandcastle;Farmland, 6, 0, 1;0;15;0;0;16;0;2;14
Starfall Hammock;Tidewhisper Sandcastle;Farmland, 6, 0, 1;1;12;0;3;11;0;4;8
Starfall Hammock;Tidewhisper Sandcastle;Farmland, 6, 0, 1;1;12;0;4;10;0;3;9
Starfall Hammock;Tidewhisper Sandcastle;Farmland, 6, 0, 1;1;12;4;0;10;0;2;12
Starfall Hammock;Tidewhisper Sandcastle;Farmland, 6, 0, 1;1;12;4;0;10;3;0;9
Starfall Hammock;Tidewhisper Sandcastle;Farmland, 6, 0, 1;1;14;0;0;14;0;5;7
Starfall Hammock;Tidewhisper Sandcastle;Farmland, 6, 0, 1;1;14;0;0;16;0;0;16
Starfall Hammock;Tidewhisper Sandcastle;Farmland, 6, 0, 1;1;14;0;0;16;0;2;14
Starfall Hammock;Tidewhisper Sandcastle;Farmland, 6, 0, 2;0;12;0;4;10;0;2;12
Starfall Hammock;Tidewhisper Sandcastle;Farmland, 6, 0, 2;0;12;2;0;12;5;0;7
Starfall Hammock;Tidewhisper Sandcastle;Farmland, 6, 0, 2;0;13;0;2;11;0;5;7
Starfall Hammock;Tidewhisper Sandcastle;Farmland, 6, 0, 2;0;14;0;0;14;5;0;7
Starfall Hammock;Tidewhisper Sandcastle;Farmland, 6, 0, 2;0;14;0;0;16;0;1;15
Starfall Hammock;Tidewhisper Sandcastle;Farmland, 6, 0, 2;0;14;0;0;16;0;2;14
Starfall Hammock;Tidewhisper Sandcastle;Farmland, 6, 0, 2;0;14;0;0;16;1;1;14
Starfall Hammock;Tidewhisper Sandcastle;Farmland, 6, 0, 3;0;9;3;0;11;4;0;8
Starfall Hammock;Tidewhisper Sandcastle;Farmland, 6, 0, 3;0;9;4;0;10;0;2;12
Starfall Hammock;Tidewhisper Sandcastle;Farmland, 6, 0, 3;0;9;4;0;10;3;0;9
Starfall Hammock;Tidewhisper Sandcastle;Farmland, 6, 0, 4;0;8;3;0;10;3;0;10
Starfall Hammock;Tidewhisper Sandcastle;Farmland, 6, 0, 4;0;9;2;0;10;4;0;9
Starfall Hammock;Tidewhisper Sandcastle;Farmland, 6, 0, 5;0;7;0;0;14;0;2;14
Starfall Hammock;Tidewhisper Sandcastle;Farmland, 6, 0, 5;0;7;0;0;14;5;0;7
Starfall Hammock;Tidewhisper Sandcastle;Farmland, 6, 0, 5;0;7;2;0;10;3;0;11
Starfall Hammock;Tidewhisper Sandcastle;Farmland, 6, 0, 5;0;7;2;0;11;0;2;13
Starfall Hammock;Tidewhisper Sandcastle;Farmland, 6, 1, 0;0;16;0;0;13;0;0;19
Starfall Hammock;Tidewhisper Sandcastle;Farmland, 6, 1, 0;0;18;0;0;14;0;0;16
Starfall Hammock;Tidewhisper Sandcastle;Farmland, 6, 1, 0;0;18;0;0;14;0;1;15
Starfall Hammock;Tidewhisper Sandcastle;Farmland, 6, 1, 0;0;19;0;0;13;0;0;16
Starfall Hammock;Tidewhisper Sandcastle;Farmland, 6, 1, 0;0;19;0;0;13;0;1;15
Starfall Hammock;Tidewhisper Sandcastle;Farmland, 6, 1, 0;1;13;4;0;8;0;1;13
Starfall Hammock;Tidewhisper Sandcastle;Farmland, 6, 1, 0;1;14;0;1;11;0;6;8
Starfall Hammock;Tidewhisper Sandcastle;Farmland, 6, 1, 0;1;15;0;0;12;0;6;8
Starfall Hammock;Tidewhisper Sandcastle;Farmland, 6, 1, 0;3;10;0;1;11;0;6;8
Starfall Hammock;Tidewhisper Sandcastle;Farmland, 6, 1, 0;4;10;0;0;11;0;6;8
Starfall Hammock;Tidewhisper Sandcastle;Farmland, 6, 1, 0;4;10;0;1;10;0;5;10
Starfall Hammock;Tidewhisper Sandcastle;Farmland, 6, 1, 0;4;11;0;0;10;0;6;8
Starfall Hammock;Tidewhisper Sandcastle;Farmland, 6, 1, 0;5;9;0;2;10;0;3;10
Starfall Hammock;Tidewhisper Sandcastle;Farmland, 6, 1, 0;5;10;0;0;10;0;5;10
Starfall Hammock;Tidewhisper Sandcastle;Farmland, 6, 1, 0;6;8;0;0;10;0;4;11
Starfall Hammock;Tidewhisper Sandcastle;Farmland, 6, 1, 0;6;8;0;1;10;0;2;14
Starfall Hammock;Tidewhisper Sandcastle;Farmland, 6, 1, 0;6;8;0;1;10;0;3;11
Starfall Hammock;Tidewhisper Sandcastle;Farmland, 6, 1, 0;6;8;0;1;11;0;2;13
Starfall Hammock;Tidewhisper Sandcastle;Farmland, 6, 1, 1;0;13;0;4;8;0;3;9
Starfall Hammock;Tidewhisper Sandcastle;Farmland, 6, 1, 1;0;17;0;0;10;6;0;8
Starfall Hammock;Tidewhisper Sandcastle;Farmland, 6, 1, 1;1;13;1;0;11;6;0;8
Starfall Hammock;Tidewhisper Sandcastle;Farmland, 6, 1, 1;1;13;2;0;10;5;0;9
Starfall Hammock;Tidewhisper Sandcastle;Farmland, 6, 1, 1;1;14;0;0;13;0;0;19
Starfall Hammock;Tidewhisper Sandcastle;Farmland, 6, 1, 1;1;14;0;0;13;1;0;18
Starfall Hammock;Tidewhisper Sandcastle;Farmland, 6, 1, 1;1;14;0;0;14;0;0;18
Starfall Hammock;Tidewhisper Sandcastle;Farmland, 6, 1, 1;1;16;0;0;14;0;1;15
Starfall Hammock;Tidewhisper Sandcastle;Farmland, 6, 1, 1;1;17;0;0;13;0;2;14
Starfall Hammock;Tidewhisper Sandcastle;Farmland, 6, 1, 2;0;12;0;4;8;0;1;13
Starfall Hammock;Tidewhisper Sandcastle;Farmland, 6, 1, 2;0;12;4;0;8;3;0;9
Starfall Hammock;Tidewhisper Sandcastle;Farmland, 6, 1, 2;0;14;0;0;13;1;0;18
Starfall Hammock;Tidewhisper Sandcastle;Farmland, 6, 1, 2;0;14;0;0;14;0;2;16
Starfall Hammock;Tidewhisper Sandcastle;Farmland, 6, 1, 2;0;14;0;1;10;0;6;8
Starfall Hammock;Tidewhisper Sandcastle;Farmland, 6, 1, 2;0;16;0;0;14;0;2;14
Starfall Hammock;Tidewhisper Sandcastle;Farmland, 6, 1, 3;0;10;1;0;11;6;0;8
Starfall Hammock;Tidewhisper Sandcastle;Farmland, 6, 1, 4;0;10;0;0;11;6;0;8
Starfall Hammock;Tidewhisper Sandcastle;Farmland, 6, 1, 4;0;11;0;0;10;6;0;8
Starfall Hammock;Tidewhisper Sandcastle;Farmland, 6, 1, 5;0;10;0;0;10;5;0;10
Starfall Hammock;Tidewhisper Sandcastle;Farmland, 6, 1, 5;0;10;1;0;10;4;0;10
Starfall Hammock;Tidewhisper Sandcastle;Farmland, 6, 1, 6;0;8;0;0;10;4;0;11
Starfall Hammock;Tidewhisper Sandcastle;Farmland, 6, 1, 6;0;8;1;0;10;0;1;15
Starfall Hammock;Tidewhisper Sandcastle;Farmland, 6, 1, 6;0;8;1;0;10;0;2;14
Starfall Hammock;Tidewhisper Sandcastle;Farmland, 6, 1, 6;0;8;1;0;11;3;0;10
Starfall Hammock;Tidewhisper Sandcastle;Farmland, 6, 2, 0;0;19;0;0;12;1;1;17
Starfall Hammock;Tidewhisper Sandcastle;Farmland, 6, 2, 0;4;7;0;4;2;0;4;7
Starfall Hammock;Tidewhisper Sandcastle;Farmland, 6, 2, 0;4;8;0;4;4;0;2;10
Starfall Hammock;Tidewhisper Sandcastle;Farmland, 6, 2, 0;6;8;0;0;11;0;1;17
Starfall Hammock;Tidewhisper Sandcastle;Farmland, 6, 2, 1;1;11;0;4;6;0;2;11
Starfall Hammock;Tidewhisper Sandcastle;Farmland, 6, 2, 1;1;12;2;0;5;6;0;8
Starfall Hammock;Tidewhisper Sandcastle;Farmland, 6, 2, 1;1;16;0;0;11;0;6;8
Starfall Hammock;Tidewhisper Sandcastle;Farmland, 6, 2, 1;1;16;0;0;11;6;0;8
Starfall Hammock;Tidewhisper Sandcastle;Farmland, 6, 2, 1;1;17;0;0;12;0;2;17
Starfall Hammock;Tidewhisper Sandcastle;Farmland, 6, 2, 1;1;17;0;0;12;0;3;16
Starfall Hammock;Tidewhisper Sandcastle;Farmland, 6, 2, 1;2;16;0;0;12;0;3;16
Starfall Hammock;Tidewhisper Sandcastle;Farmland, 6, 2, 2;0;10;0;4;4;0;4;8
Starfall Hammock;Tidewhisper Sandcastle;Farmland, 6, 2, 2;0;10;4;0;4;4;0;8
Starfall Hammock;Tidewhisper Sandcastle;Farmland, 6, 2, 2;0;11;0;2;6;0;6;8
Starfall Hammock;Tidewhisper Sandcastle;Farmland, 6, 2, 2;0;11;4;0;6;0;2;11
Starfall Hammock;Tidewhisper Sandcastle;Farmland, 6, 2, 2;0;12;0;2;5;0;6;8
Starfall Hammock;Tidewhisper Sandcastle;Farmland, 6, 2, 2;0;17;0;0;12;0;3;16
Starfall Hammock;Tidewhisper Sandcastle;Farmland, 6, 2, 2;0;17;0;0;12;1;2;16
Starfall Hammock;Tidewhisper Sandcastle;Farmland, 6, 2, 2;0;17;0;0;12;2;1;16
Starfall Hammock;Tidewhisper Sandcastle;Farmland, 6, 2, 2;1;16;0;0;12;0;1;18
Starfall Hammock;Tidewhisper Sandcastle;Farmland, 6, 2, 2;1;16;0;0;12;1;1;17
Starfall Hammock;Tidewhisper Sandcastle;Farmland, 6, 2, 3;0;16;0;0;12;0;0;19
Starfall Hammock;Tidewhisper Sandcastle;Farmland, 6, 2, 3;0;16;0;0;12;1;1;17
Starfall Hammock;Tidewhisper Sandcastle;Farmland, 6, 2, 4;0;7;4;0;2;4;0;7
Starfall Hammock;Tidewhisper Sandcastle;Farmland, 6, 2, 4;0;8;4;0;4;0;2;10
Starfall Hammock;Tidewhisper Sandcastle;Farmland, 6, 2, 5;0;8;1;0;7;6;0;5
Starfall Hammock;Tidewhisper Sandcastle;Farmland, 6, 2, 6;0;8;0;0;11;0;2;16
Starfall Hammock;Tidewhisper Sandcastle;Farmland, 6, 2, 6;0;8;2;0;5;0;1;13
Starfall Hammock;Tidewhisper Sandcastle;Farmland, 6, 3, 0;2;18;0;0;7;0;6;11
Starfall Hammock;Tidewhisper Sandcastle;Farmland, 6, 3, 0;4;10;0;2;3;0;6;6
Starfall Hammock;Tidewhisper Sandcastle;Farmland, 6, 3, 0;5;9;0;3;3;0;4;7
Starfall Hammock;Tidewhisper Sandcastle;Farmland, 6, 3, 0;5;10;0;1;6;0;6;6
Starfall Hammock;Tidewhisper Sandcastle;Farmland, 6, 3, 1;1;10;0;4;3;0;4;8
Starfall Hammock;Tidewhisper Sandcastle;Farmland, 6, 3, 1;1;10;2;0;5;6;0;10
Starfall Hammock;Tidewhisper Sandcastle;Farmland, 6, 3, 1;1;20;0;0;9;0;3;17
Starfall Hammock;Tidewhisper Sandcastle;Farmland, 6, 3, 1;2;17;0;0;9;0;2;20
Starfall Hammock;Tidewhisper Sandcastle;Farmland, 6, 3, 1;2;19;0;0;9;0;3;17
Starfall Hammock;Tidewhisper Sandcastle;Farmland, 6, 3, 2;1;18;0;0;10;0;3;17
Starfall Hammock;Tidewhisper Sandcastle;Farmland, 6, 3, 3;0;17;0;0;9;0;0;22
Starfall Hammock;Tidewhisper Sandcastle;Farmland, 6, 3, 3;0;17;0;0;10;0;0;21
Starfall Hammock;Tidewhisper Sandcastle;Farmland, 6, 3, 4;0;8;2;0;4;6;0;7
Starfall Hammock;Tidewhisper Sandcastle;Farmland, 6, 3, 4;0;8;4;0;3;0;1;11
Starfall Hammock;Tidewhisper Sandcastle;Farmland, 6, 3, 6;0;6;1;0;4;5;0;12
Starfall Hammock;Tidewhisper Sandcastle;Farmland, 6, 3, 6;0;7;2;0;4;4;0;8
Starfall Hammock;Tidewhisper Sandcastle;Farmland, 6, 3, 6;0;9;0;0;9;1;1;18
Starfall Hammock;Tidewhisper Sandcastle;Farmland, 6, 4, 0;0;22;0;0;8;0;3;19
Starfall Hammock;Tidewhisper Sandcastle;Farmland, 6, 4, 0;1;18;1;0;7;6;0;9
Starfall Hammock;Tidewhisper Sandcastle;Farmland, 6, 4, 0;3;19;0;0;8;1;1;20
Starfall Hammock;Tidewhisper Sandcastle;Farmland, 6, 4, 0;6;9;0;1;7;0;2;17
Starfall Hammock;Tidewhisper Sandcastle;Farmland, 6, 4, 1;1;17;0;1;7;0;6;9
Starfall Hammock;Tidewhisper Sandcastle;Farmland, 6, 4, 1;1;17;0;2;5;1;2;16
Starfall Hammock;Tidewhisper Sandcastle;Farmland, 6, 4, 1;2;19;0;0;8;0;3;19
Starfall Hammock;Tidewhisper Sandcastle;Farmland, 6, 4, 2;0;17;1;0;7;6;0;9
Starfall Hammock;Tidewhisper Sandcastle;Farmland, 6, 4, 2;1;16;2;0;5;5;0;10
Starfall Hammock;Tidewhisper Sandcastle;Farmland, 6, 4, 5;0;9;2;0;6;0;2;17
Starfall Hammock;Tidewhisper Sandcastle;Farmland, 6, 4, 6;0;9;1;0;7;0;1;18
Starfall Hammock;Tidewhisper Sandcastle;Farmland, 6, 4, 6;0;9;1;0;7;0;2;17
Starfall Hammock;Tidewhisper Sandcastle;Farmland, 6, 5, 0;6;12;0;0;6;1;2;20
Starfall Hammock;Tidewhisper Sandcastle;Farmland, 6, 5, 2;0;22;0;0;7;1;1;21
Starfall Hammock;Tidewhisper Sandcastle;Farmland, 6, 5, 2;0;22;0;0;7;1;2;20
Starfall Hammock;Tidewhisper Sandcastle;Farmland, 6, 5, 2;1;19;0;1;6;0;6;9
Starfall Hammock;Tidewhisper Sandcastle;Farmland, 6, 5, 2;1;19;1;0;6;6;0;9
Starfall Hammock;Tidewhisper Sandcastle;Farmland, 6, 5, 5;0;12;1;0;5;6;0;11
Starfall Hammock;Tidewhisper Sandcastle;Farmland, 6, 5, 6;0;12;0;0;6;1;2;20
Starfall Hammock;Tidewhisper Sandcastle;Farmland, 6, 6, 0;1;23;0;0;7;0;0;24
Starfall Hammock;Tidewhisper Sandcastle;Farmland, 6, 6, 0;6;12;0;0;7;0;6;12
Starfall Hammock;Tidewhisper Sandcastle;Farmland, 6, 6, 0;7;10;0;0;6;2;1;20
Starfall Hammock;Tidewhisper Sandcastle;Farmland, 6, 6, 1;1;21;0;0;6;0;7;10
Starfall Hammock;Tidewhisper Sandcastle;Farmland, 6, 6, 1;1;22;0;0;7;0;0;24
Starfall Hammock;Tidewhisper Sandcastle;Farmland, 6, 6, 1;1;22;0;0;7;1;2;21
Starfall Hammock;Tidewhisper Sandcastle;Farmland, 6, 6, 2;1;21;0;0;7;0;1;23
Starfall Hammock;Tidewhisper Sandcastle;Farmland, 6, 6, 2;1;21;0;0;7;2;1;21
Starfall Hammock;Tidewhisper Sandcastle;Farmland, 6, 6, 3;0;18;2;0;4;1;2;18
Starfall Hammock;Tidewhisper Sandcastle;Farmland, 6, 6, 3;0;20;0;0;6;7;0;10
Starfall Hammock;Tidewhisper Sandcastle;Farmland, 6, 6, 3;0;21;0;0;7;1;2;21
Starfall Hammock;Tidewhisper Sandcastle;Farmland, 6, 6, 6;0;12;0;0;7;6;0;12
Starfall Hammock;Tidewhisper Sandcastle;Farmland, 6, 6, 7;0;10;0;0;6;1;2;20
Starfall Hammock;Tidewhisper Sandcastle;Farmland, 7, 0, 0;2;18;0;0;12;1;1;14
Starfall Hammock;Tidewhisper Sandcastle;Farmland, 7, 0, 0;5;9;0;0;11;0;2;17
Starfall Hammock;Tidewhisper Sandcastle;Farmland, 7, 0, 0;5;9;0;0;12;0;5;7
Starfall Hammock;Tidewhisper Sandcastle;Farmland, 7, 0, 1;1;14;0;0;12;0;0;20
Starfall Hammock;Tidewhisper Sandcastle;Farmland, 7, 0, 1;1;14;0;4;2;0;4;8
Starfall Hammock;Tidewhisper Sandcastle;Farmland, 7, 0, 1;1;18;0;0;11;5;0;8
Starfall Hammock;Tidewhisper Sandcastle;Farmland, 7, 0, 1;1;18;0;0;12;0;2;14
Starfall Hammock;Tidewhisper Sandcastle;Farmland, 7, 0, 2;0;12;0;5;2;0;2;13
Starfall Hammock;Tidewhisper Sandcastle;Farmland, 7, 0, 2;0;12;3;0;4;5;0;8
Starfall Hammock;Tidewhisper Sandcastle;Farmland, 7, 0, 2;0;14;0;0;12;0;0;20
Starfall Hammock;Tidewhisper Sandcastle;Farmland, 7, 0, 2;0;14;0;0;12;1;1;18
Starfall Hammock;Tidewhisper Sandcastle;Farmland, 7, 0, 2;0;14;0;3;2;0;5;8
Starfall Hammock;Tidewhisper Sandcastle;Farmland, 7, 0, 2;0;15;0;0;11;0;0;20
Starfall Hammock;Tidewhisper Sandcastle;Farmland, 7, 0, 2;0;17;0;0;12;0;5;8
Starfall Hammock;Tidewhisper Sandcastle;Farmland, 7, 0, 5;0;8;0;0;12;0;2;17
Starfall Hammock;Tidewhisper Sandcastle;Farmland, 7, 1, 0;2;15;2;0;3;6;0;8
Starfall Hammock;Tidewhisper Sandcastle;Farmland, 7, 1, 0;3;19;0;0;6;0;2;20
Starfall Hammock;Tidewhisper Sandcastle;Farmland, 7, 1, 0;6;8;0;1;4;0;6;8
Starfall Hammock;Tidewhisper Sandcastle;Farmland, 7, 1, 1;1;15;2;0;3;6;0;8
Starfall Hammock;Tidewhisper Sandcastle;Farmland, 7, 1, 1;1;20;0;0;9;0;6;8
Starfall Hammock;Tidewhisper Sandcastle;Farmland, 7, 1, 2;0;12;0;5;2;0;1;14
Starfall Hammock;Tidewhisper Sandcastle;Farmland, 7, 1, 2;0;20;0;0;8;6;0;9
Starfall Hammock;Tidewhisper Sandcastle;Farmland, 7, 1, 2;0;20;0;0;10;1;1;15
Starfall Hammock;Tidewhisper Sandcastle;Farmland, 7, 1, 3;0;10;5;0;2;0;2;12
Starfall Hammock;Tidewhisper Sandcastle;Farmland, 7, 1, 6;0;8;1;0;4;6;0;8
Starfall Hammock;Tidewhisper Sandcastle;Farmland, 7, 2, 0;0;22;0;0;10;2;1;17
Starfall Hammock;Tidewhisper Sandcastle;Farmland, 7, 2, 0;6;9;0;0;10;0;1;21
Starfall Hammock;Tidewhisper Sandcastle;Farmland, 7, 2, 0;6;9;0;0;10;0;6;9
Starfall Hammock;Tidewhisper Sandcastle;Farmland, 7, 2, 0;6;10;0;2;6;0;2;11
Starfall Hammock;Tidewhisper Sandcastle;Farmland, 7, 2, 1;1;11;0;2;6;0;6;10
Starfall Hammock;Tidewhisper Sandcastle;Farmland, 7, 2, 1;1;18;0;0;10;1;0;21
Starfall Hammock;Tidewhisper Sandcastle;Farmland, 7, 2, 1;1;19;0;0;10;2;1;18
Starfall Hammock;Tidewhisper Sandcastle;Farmland, 7, 2, 1;1;20;0;0;9;6;0;10
Starfall Hammock;Tidewhisper Sandcastle;Farmland, 7, 2, 1;2;17;0;0;10;1;1;20
Starfall Hammock;Tidewhisper Sandcastle;Farmland, 7, 2, 1;2;18;0;0;10;1;2;18
Starfall Hammock;Tidewhisper Sandcastle;Farmland, 7, 2, 1;2;19;0;0;10;0;1;19
Starfall Hammock;Tidewhisper Sandcastle;Farmland, 7, 2, 2;0;11;0;5;0;0;3;8
Starfall Hammock;Tidewhisper Sandcastle;Farmland, 7, 2, 2;0;11;2;0;6;6;0;10
Starfall Hammock;Tidewhisper Sandcastle;Farmland, 7, 2, 2;0;11;5;0;0;1;1;11
Starfall Hammock;Tidewhisper Sandcastle;Farmland, 7, 2, 2;0;12;2;0;5;6;0;10
Starfall Hammock;Tidewhisper Sandcastle;Farmland, 7, 2, 2;1;17;0;0;10;0;2;20
Starfall Hammock;Tidewhisper Sandcastle;Farmland, 7, 2, 3;0;19;0;0;10;0;3;17
Starfall Hammock;Tidewhisper Sandcastle;Farmland, 7, 2, 6;0;9;0;0;10;6;0;9
Starfall Hammock;Tidewhisper Sandcastle;Farmland, 7, 2, 6;0;10;0;0;10;0;1;20
Starfall Hammock;Tidewhisper Sandcastle;Farmland, 7, 2, 6;0;10;2;0;5;0;2;12
Starfall Hammock;Tidewhisper Sandcastle;Farmland, 7, 2, 6;0;10;2;0;6;0;1;12
Starfall Hammock;Tidewhisper Sandcastle;Farmland, 7, 3, 0;3;18;0;0;8;1;1;22
Starfall Hammock;Tidewhisper Sandcastle;Farmland, 7, 3, 0;6;10;0;2;5;0;2;12
Starfall Hammock;Tidewhisper Sandcastle;Farmland, 7, 3, 0;6;12;0;0;8;0;2;20
Starfall Hammock;Tidewhisper Sandcastle;Farmland, 7, 3, 1;1;11;5;0;0;1;1;11
Starfall Hammock;Tidewhisper Sandcastle;Farmland, 7, 3, 1;1;12;0;2;5;0;6;10
Starfall Hammock;Tidewhisper Sandcastle;Farmland, 7, 3, 1;1;14;2;0;3;6;0;10
Starfall Hammock;Tidewhisper Sandcastle;Farmland, 7, 3, 1;1;22;0;0;8;1;2;18
Starfall Hammock;Tidewhisper Sandcastle;Farmland, 7, 3, 1;2;21;0;0;8;0;3;18
Starfall Hammock;Tidewhisper Sandcastle;Farmland, 7, 3, 6;0;11;2;0;4;0;2;12
Starfall Hammock;Tidewhisper Sandcastle;Farmland, 7, 3, 6;0;12;0;0;8;0;2;20
Starfall Hammock;Tidewhisper Sandcastle;Farmland, 7, 4, 0;0;24;0;0;8;0;0;24
Starfall Hammock;Tidewhisper Sandcastle;Farmland, 7, 4, 0;0;24;0;0;8;2;1;21
Starfall Hammock;Tidewhisper Sandcastle;Farmland, 7, 4, 0;6;11;0;0;8;0;6;11
Starfall Hammock;Tidewhisper Sandcastle;Farmland, 7, 4, 0;6;12;0;0;8;0;1;23
Starfall Hammock;Tidewhisper Sandcastle;Farmland, 7, 4, 1;0;18;0;2;3;0;6;10
Starfall Hammock;Tidewhisper Sandcastle;Farmland, 7, 4, 1;1;17;0;2;3;0;6;10
Starfall Hammock;Tidewhisper Sandcastle;Farmland, 7, 4, 1;1;18;0;2;6;1;1;18
Starfall Hammock;Tidewhisper Sandcastle;Farmland, 7, 4, 1;1;18;2;0;6;0;2;18
Starfall Hammock;Tidewhisper Sandcastle;Farmland, 7, 4, 1;1;22;0;0;8;0;2;22
Starfall Hammock;Tidewhisper Sandcastle;Farmland, 7, 4, 1;1;22;0;0;8;0;6;12
Starfall Hammock;Tidewhisper Sandcastle;Farmland, 7, 4, 1;1;22;0;0;8;1;1;22
Starfall Hammock;Tidewhisper Sandcastle;Farmland, 7, 4, 1;1;22;0;0;8;6;0;12
Starfall Hammock;Tidewhisper Sandcastle;Farmland, 7, 4, 1;2;21;0;0;8;0;0;24
Starfall Hammock;Tidewhisper Sandcastle;Farmland, 7, 4, 1;2;21;0;0;8;1;1;22
Starfall Hammock;Tidewhisper Sandcastle;Farmland, 7, 4, 1;2;21;0;0;8;1;2;21
Starfall Hammock;Tidewhisper Sandcastle;Farmland, 7, 4, 2;0;22;0;0;8;0;2;22
Starfall Hammock;Tidewhisper Sandcastle;Farmland, 7, 4, 2;1;21;0;0;8;1;1;22
Starfall Hammock;Tidewhisper Sandcastle;Farmland, 7, 4, 2;1;21;0;0;8;1;2;21
Starfall Hammock;Tidewhisper Sandcastle;Farmland, 7, 4, 3;0;21;0;0;8;0;3;21
Starfall Hammock;Tidewhisper Sandcastle;Farmland, 7, 4, 6;0;11;0;0;8;6;0;11
Starfall Hammock;Tidewhisper Sandcastle;Farmland, 7, 4, 6;0;12;0;0;8;0;1;23
Starfall Hammock;Tidewhisper Sandcastle;Farmland, 7, 5, 0;2;23;0;0;5;0;6;14
Starfall Hammock;Tidewhisper Sandcastle;Farmland, 7, 5, 0;6;11;0;2;1;1;1;19
Starfall Hammock;Tidewhisper Sandcastle;Farmland, 7, 5, 0;6;12;0;2;2;2;1;16
Starfall Hammock;Tidewhisper Sandcastle;Farmland, 7, 5, 0;6;12;0;2;3;1;1;16
Starfall Hammock;Tidewhisper Sandcastle;Farmland, 7, 5, 0;6;14;0;0;4;0;6;14
Starfall Hammock;Tidewhisper Sandcastle;Farmland, 7, 5, 0;6;14;0;0;5;0;6;13
Starfall Hammock;Tidewhisper Sandcastle;Farmland, 7, 5, 1;1;16;0;2;3;0;6;12
Starfall Hammock;Tidewhisper Sandcastle;Farmland, 7, 5, 2;1;18;0;2;4;1;2;19
Starfall Hammock;Tidewhisper Sandcastle;Farmland, 7, 5, 2;1;19;2;0;3;1;2;19
Starfall Hammock;Tidewhisper Sandcastle;Farmland, 7, 5, 6;0;11;2;0;3;2;1;16
Starfall Hammock;Tidewhisper Sandcastle;Farmland, 7, 5, 6;0;14;0;0;4;1;1;24
Starfall Hammock;Tidewhisper Sandcastle;Farmland, 7, 6, 0;0;26;0;0;6;2;1;22
Starfall Hammock;Tidewhisper Sandcastle;Farmland, 7, 6, 0;6;11;0;2;0;0;6;11
Starfall Hammock;Tidewhisper Sandcastle;Farmland, 7, 6, 1;2;19;2;0;3;1;2;20
Starfall Hammock;Tidewhisper Sandcastle;Farmland, 7, 6, 1;2;22;0;0;6;0;0;26
Starfall Hammock;Tidewhisper Sandcastle;Farmland, 7, 6, 1;2;23;0;0;5;1;2;23
Starfall Hammock;Tidewhisper Sandcastle;Farmland, 7, 6, 1;2;23;0;0;6;2;1;22
Starfall Hammock;Tidewhisper Sandcastle;Farmland, 7, 6, 2;1;18;2;0;1;6;0;13
Starfall Hammock;Tidewhisper Sandcastle;Farmland, 7, 6, 2;1;20;0;1;1;0;7;12
Starfall Hammock;Tidewhisper Sandcastle;Farmland, 7, 6, 2;1;20;0;1;2;0;7;11
Starfall Hammock;Tidewhisper Sandcastle;Farmland, 7, 6, 2;1;20;0;2;3;1;2;19
Starfall Hammock;Tidewhisper Sandcastle;Farmland, 7, 6, 2;1;23;0;0;4;7;0;12
Starfall Hammock;Tidewhisper Sandcastle;Farmland, 7, 6, 2;1;23;0;0;5;0;7;11
Starfall Hammock;Tidewhisper Sandcastle;Farmland, 7, 6, 2;1;23;0;0;6;1;2;22
Starfall Hammock;Tidewhisper Sandcastle;Farmland, 7, 6, 6;0;11;2;0;0;6;0;11
Starfall Hammock;Tidewhisper Sandcastle;Farmland, 7, 6, 6;0;13;2;0;1;1;2;18
Starfall Hammock;Tidewhisper Sandcastle;Farmland, 7, 6, 7;0;9;1;0;2;6;0;11
Starfall Hammock;Tidewhisper Sandcastle;Farmland, 7, 6, 7;0;11;0;0;5;0;2;24
Starfall Hammock;Tidewhisper Sandcastle;Farmland, 7, 7, 0;0;28;0;0;4;2;1;21
Starfall Hammock;Tidewhisper Sandcastle;Farmland, 7, 7, 0;2;26;0;0;4;1;1;22
Starfall Hammock;Tidewhisper Sandcastle;Farmland, 7, 7, 0;6;14;0;2;1;1;2;18
Starfall Hammock;Tidewhisper Sandcastle;Farmland, 7, 7, 0;7;12;0;0;3;1;1;26
Starfall Hammock;Tidewhisper Sandcastle;Farmland, 7, 7, 1;0;26;0;0;3;7;0;13
Starfall Hammock;Tidewhisper Sandcastle;Farmland, 7, 7, 1;1;22;0;2;2;1;1;21
Starfall Hammock;Tidewhisper Sandcastle;Farmland, 7, 7, 1;1;26;0;0;4;2;1;21
Starfall Hammock;Tidewhisper Sandcastle;Farmland, 7, 7, 2;1;18;0;2;1;0;6;14
Starfall Hammock;Tidewhisper Sandcastle;Farmland, 7, 7, 2;1;21;0;0;4;0;0;28
Starfall Hammock;Tidewhisper Sandcastle;Farmland, 7, 7, 2;1;24;0;0;2;0;0;28
Starfall Hammock;Tidewhisper Sandcastle;Farmland, 7, 7, 3;0;18;2;0;1;6;0;14
Starfall Hammock;Tidewhisper Sandcastle;Farmland, 7, 7, 3;0;21;0;0;4;0;0;28
Starfall Hammock;Tidewhisper Sandcastle;Farmland, 8, 0, 0;0;20;0;0;12;0;0;20
Starfall Hammock;Tidewhisper Sandcastle;Farmland, 8, 0, 0;0;20;0;0;12;0;2;18
Starfall Hammock;Tidewhisper Sandcastle;Farmland, 8, 0, 0;0;22;0;0;10;0;0;22
Starfall Hammock;Tidewhisper Sandcastle;Farmland, 8, 0, 0;0;22;0;0;10;0;2;20
Starfall Hammock;Tidewhisper Sandcastle;Farmland, 8, 0, 0;1;14;5;0;2;0;2;14
Starfall Hammock;Tidewhisper Sandcastle;Farmland, 8, 0, 0;1;16;0;3;2;0;5;11
Starfall Hammock;Tidewhisper Sandcastle;Farmland, 8, 0, 0;1;18;3;0;2;5;0;9
Starfall Hammock;Tidewhisper Sandcastle;Farmland, 8, 0, 0;1;19;0;0;12;0;2;18
Starfall Hammock;Tidewhisper Sandcastle;Farmland, 8, 0, 0;1;19;0;0;12;1;0;19
Starfall Hammock;Tidewhisper Sandcastle;Farmland, 8, 0, 0;1;21;0;0;9;5;0;12
Starfall Hammock;Tidewhisper Sandcastle;Farmland, 8, 0, 0;1;21;0;0;10;0;0;22
Starfall Hammock;Tidewhisper Sandcastle;Farmland, 8, 0, 0;1;21;0;0;10;0;2;20
Starfall Hammock;Tidewhisper Sandcastle;Farmland, 8, 0, 0;1;21;0;0;10;1;1;20
Starfall Hammock;Tidewhisper Sandcastle;Farmland, 8, 0, 0;2;20;0;0;10;0;2;20
Starfall Hammock;Tidewhisper Sandcastle;Farmland, 8, 0, 0;2;20;0;0;10;1;1;20
Starfall Hammock;Tidewhisper Sandcastle;Farmland, 8, 0, 0;5;9;0;3;2;0;1;18
Starfall Hammock;Tidewhisper Sandcastle;Farmland, 8, 0, 0;5;9;0;3;2;0;5;8
Starfall Hammock;Tidewhisper Sandcastle;Farmland, 8, 0, 0;5;13;0;0;8;0;2;20
Starfall Hammock;Tidewhisper Sandcastle;Farmland, 8, 0, 1;0;14;0;5;2;0;2;14
Starfall Hammock;Tidewhisper Sandcastle;Farmland, 8, 0, 1;0;19;0;0;12;0;0;20
Starfall Hammock;Tidewhisper Sandcastle;Farmland, 8, 0, 1;1;14;5;0;2;3;0;10
Starfall Hammock;Tidewhisper Sandcastle;Farmland, 8, 0, 1;1;17;0;3;2;0;5;9
Starfall Hammock;Tidewhisper Sandcastle;Farmland, 8, 0, 1;1;18;0;0;12;1;1;18
Starfall Hammock;Tidewhisper Sandcastle;Farmland, 8, 0, 1;1;20;0;0;8;0;5;13
Starfall Hammock;Tidewhisper Sandcastle;Farmland, 8, 0, 1;1;20;0;0;10;0;2;20
Starfall Hammock;Tidewhisper Sandcastle;Farmland, 8, 0, 1;1;20;0;0;10;1;1;20
Starfall Hammock;Tidewhisper Sandcastle;Farmland, 8, 0, 2;0;18;0;0;12;0;2;18
Starfall Hammock;Tidewhisper Sandcastle;Farmland, 8, 0, 3;0;11;5;0;2;3;0;10
Starfall Hammock;Tidewhisper Sandcastle;Farmland, 8, 0, 5;0;8;3;0;2;5;0;9
Starfall Hammock;Tidewhisper Sandcastle;Farmland, 8, 0, 5;0;9;3;0;2;0;2;17
Starfall Hammock;Tidewhisper Sandcastle;Farmland, 8, 0, 5;0;9;3;0;2;5;0;8
Starfall Hammock;Tidewhisper Sandcastle;Farmland, 8, 0, 5;0;11;0;0;10;1;1;20
Starfall Hammock;Tidewhisper Sandcastle;Farmland, 8, 1, 0;0;23;0;0;9;0;0;21
Starfall Hammock;Tidewhisper Sandcastle;Farmland, 8, 1, 0;2;13;0;5;2;1;1;14
Starfall Hammock;Tidewhisper Sandcastle;Farmland, 8, 1, 0;2;17;0;2;3;0;6;9
Starfall Hammock;Tidewhisper Sandcastle;Farmland, 8, 1, 0;3;10;0;5;2;0;3;11
Starfall Hammock;Tidewhisper Sandcastle;Farmland, 8, 1, 0;3;11;0;5;2;0;2;13
Starfall Hammock;Tidewhisper Sandcastle;Farmland, 8, 1, 0;6;9;0;1;3;0;6;9
Starfall Hammock;Tidewhisper Sandcastle;Farmland, 8, 1, 0;6;10;0;1;3;0;6;8
Starfall Hammock;Tidewhisper Sandcastle;Farmland, 8, 1, 0;6;11;0;0;7;1;1;21
Starfall Hammock;Tidewhisper Sandcastle;Farmland, 8, 1, 1;1;13;5;0;2;0;2;14
Starfall Hammock;Tidewhisper Sandcastle;Farmland, 8, 1, 1;1;14;0;5;2;0;3;10
Starfall Hammock;Tidewhisper Sandcastle;Farmland, 8, 1, 1;1;19;0;0;9;0;0;23
Starfall Hammock;Tidewhisper Sandcastle;Farmland, 8, 1, 1;2;18;0;0;10;0;2;19
Starfall Hammock;Tidewhisper Sandcastle;Farmland, 8, 1, 1;2;18;0;0;10;1;1;19
Starfall Hammock;Tidewhisper Sandcastle;Farmland, 8, 1, 1;2;20;0;0;9;1;1;19
Starfall Hammock;Tidewhisper Sandcastle;Farmland, 8, 1, 2;0;13;5;0;2;3;0;11
Starfall Hammock;Tidewhisper Sandcastle;Farmland, 8, 1, 2;0;18;0;0;10;0;2;20
Starfall Hammock;Tidewhisper Sandcastle;Farmland, 8, 1, 2;0;19;0;0;9;6;0;11
Starfall Hammock;Tidewhisper Sandcastle;Farmland, 8, 1, 2;0;22;0;0;8;1;1;19
Starfall Hammock;Tidewhisper Sandcastle;Farmland, 8, 1, 6;0;10;1;0;2;6;0;9
Starfall Hammock;Tidewhisper Sandcastle;Farmland, 8, 1, 6;0;12;0;0;6;1;1;21
Starfall Hammock;Tidewhisper Sandcastle;Farmland, 8, 2, 0;0;22;0;0;10;1;2;19
Starfall Hammock;Tidewhisper Sandcastle;Farmland, 8, 2, 0;2;12;5;0;0;3;0;8
Starfall Hammock;Tidewhisper Sandcastle;Farmland, 8, 2, 0;6;11;0;0;8;0;2;22
Starfall Hammock;Tidewhisper Sandcastle;Farmland, 8, 2, 1;1;11;0;5;0;0;2;12
Starfall Hammock;Tidewhisper Sandcastle;Farmland, 8, 2, 1;2;19;0;0;10;0;0;22
Starfall Hammock;Tidewhisper Sandcastle;Farmland, 8, 2, 1;2;21;0;0;7;0;3;21
Starfall Hammock;Tidewhisper Sandcastle;Farmland, 8, 2, 2;0;22;0;0;7;0;6;12
Starfall Hammock;Tidewhisper Sandcastle;Farmland, 8, 2, 2;1;19;0;0;10;1;2;19
Starfall Hammock;Tidewhisper Sandcastle;Farmland, 8, 2, 2;1;20;0;0;8;0;0;24
Starfall Hammock;Tidewhisper Sandcastle;Farmland, 8, 2, 3;0;19;0;0;10;1;1;20
Starfall Hammock;Tidewhisper Sandcastle;Farmland, 8, 2, 3;0;19;0;0;10;1;2;19
Starfall Hammock;Tidewhisper Sandcastle;Farmland, 8, 2, 3;0;20;0;0;8;1;2;21
Starfall Hammock;Tidewhisper Sandcastle;Farmland, 8, 2, 3;0;20;0;0;9;1;2;20
Starfall Hammock;Tidewhisper Sandcastle;Farmland, 8, 3, 0;3;8;0;5;0;0;0;14
Starfall Hammock;Tidewhisper Sandcastle;Farmland, 8, 3, 0;3;19;0;0;6;2;1;23
Starfall Hammock;Tidewhisper Sandcastle;Farmland, 8, 3, 2;1;19;0;0;7;0;0;25
Starfall Hammock;Tidewhisper Sandcastle;Farmland, 8, 3, 2;1;19;0;0;8;2;1;21
Starfall Hammock;Tidewhisper Sandcastle;Farmland, 8, 3, 2;1;22;0;0;7;1;2;19
Starfall Hammock;Tidewhisper Sandcastle;Farmland, 8, 3, 3;0;8;5;0;0;1;1;12
Starfall Hammock;Tidewhisper Sandcastle;Farmland, 8, 3, 3;0;20;0;0;8;2;1;20
Starfall Hammock;Tidewhisper Sandcastle;Farmland, 8, 3, 3;0;22;0;0;4;2;1;23
Starfall Hammock;Tidewhisper Sandcastle;Farmland, 8, 3, 3;0;23;0;0;6;1;2;19
Starfall Hammock;Tidewhisper Sandcastle;Farmland, 8, 3, 6;0;13;0;0;4;6;0;13
Starfall Hammock;Tidewhisper Sandcastle;Farmland, 8, 4, 0;0;24;0;0;7;0;0;25
Starfall Hammock;Tidewhisper Sandcastle;Farmland, 8, 4, 0;0;24;0;0;8;1;2;21
Starfall Hammock;Tidewhisper Sandcastle;Farmland, 8, 4, 0;0;25;0;0;7;0;0;24
Starfall Hammock;Tidewhisper Sandcastle;Farmland, 8, 4, 0;0;25;0;0;7;1;2;21
Starfall Hammock;Tidewhisper Sandcastle;Farmland, 8, 4, 0;0;26;0;0;6;1;2;21
Starfall Hammock;Tidewhisper Sandcastle;Farmland, 8, 4, 0;2;19;2;0;2;6;0;11
Starfall Hammock;Tidewhisper Sandcastle;Farmland, 8, 4, 0;6;9;0;2;2;0;6;9
Starfall Hammock;Tidewhisper Sandcastle;Farmland, 8, 4, 0;6;10;0;2;2;0;6;8
Starfall Hammock;Tidewhisper Sandcastle;Farmland, 8, 4, 0;6;11;0;2;3;0;2;18
Starfall Hammock;Tidewhisper Sandcastle;Farmland, 8, 4, 0;6;14;0;0;5;1;1;24
Starfall Hammock;Tidewhisper Sandcastle;Farmland, 8, 4, 1;0;25;0;0;4;0;6;15
Starfall Hammock;Tidewhisper Sandcastle;Farmland, 8, 4, 1;2;21;0;0;6;0;3;23
Starfall Hammock;Tidewhisper Sandcastle;Farmland, 8, 4, 1;2;21;0;0;6;1;2;23
Starfall Hammock;Tidewhisper Sandcastle;Farmland, 8, 4, 1;2;21;0;0;8;0;2;22
Starfall Hammock;Tidewhisper Sandcastle;Farmland, 8, 4, 1;2;21;0;0;8;2;1;21
Starfall Hammock;Tidewhisper Sandcastle;Farmland, 8, 4, 2;0;18;2;0;3;6;0;11
Starfall Hammock;Tidewhisper Sandcastle;Farmland, 8, 4, 2;0;24;0;0;5;6;0;14
Starfall Hammock;Tidewhisper Sandcastle;Farmland, 8, 4, 2;0;24;0;0;6;1;1;22
Starfall Hammock;Tidewhisper Sandcastle;Farmland, 8, 4, 2;1;21;0;0;6;0;0;26
Starfall Hammock;Tidewhisper Sandcastle;Farmland, 8, 4, 2;1;21;0;0;6;1;2;23
Starfall Hammock;Tidewhisper Sandcastle;Farmland, 8, 4, 2;1;21;0;0;8;0;3;21
Starfall Hammock;Tidewhisper Sandcastle;Farmland, 8, 4, 3;0;21;0;0;8;0;0;24
Starfall Hammock;Tidewhisper Sandcastle;Farmland, 8, 4, 3;0;21;0;0;8;1;1;22
Starfall Hammock;Tidewhisper Sandcastle;Farmland, 8, 4, 3;0;23;0;0;5;2;1;22
Starfall Hammock;Tidewhisper Sandcastle;Farmland, 8, 4, 6;0;9;2;0;2;6;0;9
Starfall Hammock;Tidewhisper Sandcastle;Farmland, 8, 4, 6;0;11;2;0;3;0;2;18
Starfall Hammock;Tidewhisper Sandcastle;Farmland, 8, 4, 6;0;13;0;0;7;0;1;24
Starfall Hammock;Tidewhisper Sandcastle;Farmland, 8, 5, 0;6;12;0;2;2;0;2;19
Starfall Hammock;Tidewhisper Sandcastle;Farmland, 8, 5, 0;6;12;0;2;2;1;2;18
Starfall Hammock;Tidewhisper Sandcastle;Farmland, 8, 5, 0;6;13;0;2;2;0;3;17
Starfall Hammock;Tidewhisper Sandcastle;Farmland, 8, 5, 0;6;16;0;0;3;0;6;15
Starfall Hammock;Tidewhisper Sandcastle;Farmland, 8, 5, 1;1;22;0;0;5;0;3;24
Starfall Hammock;Tidewhisper Sandcastle;Farmland, 8, 5, 1;1;25;0;0;4;0;6;14
Starfall Hammock;Tidewhisper Sandcastle;Farmland, 8, 5, 1;2;17;0;2;2;0;6;13
Starfall Hammock;Tidewhisper Sandcastle;Farmland, 8, 5, 1;2;18;2;0;2;6;0;12
Starfall Hammock;Tidewhisper Sandcastle;Farmland, 8, 5, 1;2;21;0;0;5;1;2;24
Starfall Hammock;Tidewhisper Sandcastle;Farmland, 8, 5, 1;2;23;0;0;6;1;2;21
Starfall Hammock;Tidewhisper Sandcastle;Farmland, 8, 5, 2;0;19;2;0;2;6;0;12
Starfall Hammock;Tidewhisper Sandcastle;Farmland, 8, 5, 2;0;21;0;2;2;1;2;20
Starfall Hammock;Tidewhisper Sandcastle;Farmland, 8, 5, 2;0;21;2;0;2;1;2;20
Starfall Hammock;Tidewhisper Sandcastle;Farmland, 8, 5, 2;0;24;0;0;4;6;0;15
Starfall Hammock;Tidewhisper Sandcastle;Farmland, 8, 5, 2;1;18;0;2;2;0;6;12
Starfall Hammock;Tidewhisper Sandcastle;Farmland, 8, 5, 2;1;18;2;0;2;6;0;12
Starfall Hammock;Tidewhisper Sandcastle;Farmland, 8, 5, 2;1;21;0;0;6;0;2;24
Starfall Hammock;Tidewhisper Sandcastle;Farmland, 8, 5, 3;0;24;0;0;2;2;1;24
Starfall Hammock;Tidewhisper Sandcastle;Farmland, 8, 5, 6;0;12;2;0;2;0;2;19
Starfall Hammock;Tidewhisper Sandcastle;Farmland, 8, 5, 6;0;12;2;0;2;1;2;18
Starfall Hammock;Tidewhisper Sandcastle;Farmland, 8, 5, 6;0;16;0;0;2;0;3;24
Starfall Hammock;Tidewhisper Sandcastle;Farmland, 8, 6, 0;0;26;0;0;5;0;0;27
Starfall Hammock;Tidewhisper Sandcastle;Farmland, 8, 6, 0;0;26;0;0;6;0;0;26
Starfall Hammock;Tidewhisper Sandcastle;Farmland, 8, 6, 0;0;26;0;0;6;1;1;24
Starfall Hammock;Tidewhisper Sandcastle;Farmland, 8, 6, 0;0;27;0;0;4;1;1;25
Starfall Hammock;Tidewhisper Sandcastle;Farmland, 8, 6, 0;0;27;0;0;5;0;0;26
Starfall Hammock;Tidewhisper Sandcastle;Farmland, 8, 6, 0;0;27;0;0;5;1;1;24
Starfall Hammock;Tidewhisper Sandcastle;Farmland, 8, 6, 0;0;27;0;0;5;2;1;23
Starfall Hammock;Tidewhisper Sandcastle;Farmland, 8, 6, 0;7;10;0;0;4;0;7;10
Starfall Hammock;Tidewhisper Sandcastle;Farmland, 8, 6, 0;7;11;0;0;2;0;7;11
Starfall Hammock;Tidewhisper Sandcastle;Farmland, 8, 6, 0;7;11;0;0;3;0;7;10
Starfall Hammock;Tidewhisper Sandcastle;Farmland, 8, 6, 0;7;12;0;0;5;1;1;24
Starfall Hammock;Tidewhisper Sandcastle;Farmland, 8, 6, 0;7;12;0;1;2;0;2;22
Starfall Hammock;Tidewhisper Sandcastle;Farmland, 8, 6, 1;1;24;0;0;6;0;2;24
Starfall Hammock;Tidewhisper Sandcastle;Farmland, 8, 6, 1;1;24;0;0;6;1;2;23
Starfall Hammock;Tidewhisper Sandcastle;Farmland, 8, 6, 1;2;23;0;0;4;7;0;13
Starfall Hammock;Tidewhisper Sandcastle;Farmland, 8, 6, 1;2;23;0;0;5;0;0;27
Starfall Hammock;Tidewhisper Sandcastle;Farmland, 8, 6, 1;2;23;0;0;6;1;1;24
Starfall Hammock;Tidewhisper Sandcastle;Farmland, 8, 6, 2;0;25;0;0;5;1;1;24
Starfall Hammock;Tidewhisper Sandcastle;Farmland, 8, 6, 2;1;23;0;0;5;1;1;25
Starfall Hammock;Tidewhisper Sandcastle;Farmland, 8, 6, 2;1;23;0;0;6;1;1;24
Starfall Hammock;Tidewhisper Sandcastle;Farmland, 8, 6, 3;0;21;1;0;2;7;0;12
Starfall Hammock;Tidewhisper Sandcastle;Farmland, 8, 6, 3;0;23;0;0;4;0;7;13
Starfall Hammock;Tidewhisper Sandcastle;Farmland, 8, 6, 3;0;23;0;0;6;0;0;26
Starfall Hammock;Tidewhisper Sandcastle;Farmland, 8, 6, 3;0;23;0;0;6;1;1;24
Starfall Hammock;Tidewhisper Sandcastle;Farmland, 8, 6, 3;0;24;0;0;5;1;1;24
Starfall Hammock;Tidewhisper Sandcastle;Farmland, 8, 6, 7;0;10;0;0;4;7;0;10
Starfall Hammock;Tidewhisper Sandcastle;Farmland, 8, 6, 7;0;11;0;0;2;7;0;11
Starfall Hammock;Tidewhisper Sandcastle;Farmland, 8, 6, 7;0;11;0;0;3;7;0;10
Starfall Hammock;Tidewhisper Sandcastle;Farmland, 8, 6, 7;0;12;0;0;5;1;1;24
Starfall Hammock;Tidewhisper Sandcastle;Farmland, 8, 6, 7;0;12;1;0;2;1;2;21
Starfall Hammock;Tidewhisper Sandcastle;Farmland, 8, 6, 7;0;12;1;0;2;2;1;21
Starfall Hammock;Tidewhisper Sandcastle;Farmland, 8, 7, 0;0;28;0;0;2;1;1;26
Starfall Hammock;Tidewhisper Sandcastle;Farmland, 8, 7, 0;0;28;0;0;4;1;1;24
Starfall Hammock;Tidewhisper Sandcastle;Farmland, 8, 7, 0;6;14;0;2;0;1;1;21
Starfall Hammock;Tidewhisper Sandcastle;Farmland, 8, 7, 0;7;13;0;1;2;0;3;21
Starfall Hammock;Tidewhisper Sandcastle;Farmland, 8, 7, 0;7;13;0;1;2;1;2;21
Starfall Hammock;Tidewhisper Sandcastle;Farmland, 8, 7, 0;7;14;0;0;3;2;1;25
Starfall Hammock;Tidewhisper Sandcastle;Farmland, 8, 7, 1;1;22;0;1;2;0;7;13
Starfall Hammock;Tidewhisper Sandcastle;Farmland, 8, 7, 1;2;19;0;2;1;0;6;14
Starfall Hammock;Tidewhisper Sandcastle;Farmland, 8, 7, 1;2;21;0;1;2;0;7;13
Starfall Hammock;Tidewhisper Sandcastle;Farmland, 8, 7, 1;2;21;1;0;2;7;0;13
Starfall Hammock;Tidewhisper Sandcastle;Farmland, 8, 7, 1;2;25;0;0;3;0;7;14
Starfall Hammock;Tidewhisper Sandcastle;Farmland, 8, 7, 1;2;25;0;0;3;7;0;14
Starfall Hammock;Tidewhisper Sandcastle;Farmland, 8, 7, 2;0;26;0;0;2;1;2;25
Starfall Hammock;Tidewhisper Sandcastle;Farmland, 8, 7, 2;1;21;1;0;2;7;0;13
Starfall Hammock;Tidewhisper Sandcastle;Farmland, 8, 7, 3;0;20;2;0;0;6;0;14
Starfall Hammock;Tidewhisper Sandcastle;Farmland, 8, 7, 3;0;21;0;2;1;1;1;23
Starfall Hammock;Tidewhisper Sandcastle;Farmland, 8, 7, 3;0;23;0;0;4;0;3;25
Starfall Hammock;Tidewhisper Sandcastle;Farmland, 8, 7, 6;0;14;2;0;0;1;2;20
Starfall Hammock;Tidewhisper Sandcastle;Farmland, 8, 7, 7;0;13;1;0;2;0;2;22
Starfall Hammock;Tidewhisper Sandcastle;Farmland, 8, 7, 7;0;14;0;0;3;2;1;25
Starfall Hammock;Tidewhisper Sandcastle;Farmland, 8, 8, 0;0;28;0;0;4;0;0;28
Starfall Hammock;Tidewhisper Sandcastle;Farmland, 8, 8, 0;0;28;0;0;4;0;3;25
Starfall Hammock;Tidewhisper Sandcastle;Farmland, 8, 8, 0;6;14;0;2;0;1;2;20
Starfall Hammock;Tidewhisper Sandcastle;Farmland, 8, 8, 0;7;13;0;0;4;0;3;25
Starfall Hammock;Tidewhisper Sandcastle;Farmland, 8, 8, 0;7;14;0;1;0;1;0;25
Starfall Hammock;Tidewhisper Sandcastle;Farmland, 8, 8, 0;7;14;0;1;0;1;2;23
Starfall Hammock;Tidewhisper Sandcastle;Farmland, 8, 8, 1;1;24;0;1;0;0;7;14
Starfall Hammock;Tidewhisper Sandcastle;Farmland, 8, 8, 1;1;26;0;0;4;1;2;25
Starfall Hammock;Tidewhisper Sandcastle;Farmland, 8, 8, 1;2;19;2;0;1;6;0;14
Starfall Hammock;Tidewhisper Sandcastle;Farmland, 8, 8, 1;2;22;0;2;0;1;2;22
Starfall Hammock;Tidewhisper Sandcastle;Farmland, 8, 8, 1;2;23;0;1;0;0;7;14
Starfall Hammock;Tidewhisper Sandcastle;Farmland, 8, 8, 1;2;25;0;0;4;0;0;28
Starfall Hammock;Tidewhisper Sandcastle;Farmland, 8, 8, 1;2;25;0;0;4;0;3;25
Starfall Hammock;Tidewhisper Sandcastle;Farmland, 8, 8, 1;2;25;0;0;4;0;7;13
Starfall Hammock;Tidewhisper Sandcastle;Farmland, 8, 8, 1;2;25;0;0;4;1;1;26
Starfall Hammock;Tidewhisper Sandcastle;Farmland, 8, 8, 1;2;25;0;0;4;1;2;25
Starfall Hammock;Tidewhisper Sandcastle;Farmland, 8, 8, 1;2;25;0;0;4;2;1;25
Starfall Hammock;Tidewhisper Sandcastle;Farmland, 8, 8, 2;0;26;0;0;4;0;3;25
Starfall Hammock;Tidewhisper Sandcastle;Farmland, 8, 8, 2;1;23;1;0;0;7;0;14
Starfall Hammock;Tidewhisper Sandcastle;Farmland, 8, 8, 2;1;25;0;0;4;0;2;26
Starfall Hammock;Tidewhisper Sandcastle;Farmland, 8, 8, 2;1;25;0;0;4;0;3;25
Starfall Hammock;Tidewhisper Sandcastle;Farmland, 8, 8, 2;1;25;0;0;4;1;2;25
Starfall Hammock;Tidewhisper Sandcastle;Farmland, 8, 8, 2;1;25;0;0;4;2;1;25
Starfall Hammock;Tidewhisper Sandcastle;Farmland, 8, 8, 3;0;25;0;0;4;1;2;25
Starfall Hammock;Tidewhisper Sandcastle;Farmland, 8, 8, 6;0;14;2;0;1;1;1;20
Starfall Hammock;Tidewhisper Sandcastle;Farmland, 8, 8, 7;0;13;0;0;4;0;3;25
Starfall Hammock;Tidewhisper Sandcastle;Woodland, 2, 0, 0;0;0;0;0;8;0;0;4
Starfall Hammock;Tidewhisper Sandcastle;Woodland, 2, 0, 0;0;0;0;0;10;0;0;2
Starfall Hammock;Tidewhisper Sandcastle;Woodland, 2, 0, 0;0;0;0;8;0;0;0;0
Starfall Hammock;Tidewhisper Sandcastle;Woodland, 2, 0, 0;0;0;1;0;7;0;0;4
Starfall Hammock;Tidewhisper Sandcastle;Woodland, 2, 0, 0;0;0;1;0;8;0;0;3
Starfall Hammock;Tidewhisper Sandcastle;Woodland, 2, 0, 0;0;0;8;0;0;0;0;0
Starfall Hammock;Tidewhisper Sandcastle;Woodland, 2, 0, 0;0;1;0;0;7;0;0;4
Starfall Hammock;Tidewhisper Sandcastle;Woodland, 2, 0, 0;0;1;0;0;7;3;0;0
Starfall Hammock;Tidewhisper Sandcastle;Woodland, 2, 0, 0;0;1;0;0;10;0;0;1
Starfall Hammock;Tidewhisper Sandcastle;Woodland, 2, 0, 0;0;2;0;0;10;0;0;0
Starfall Hammock;Tidewhisper Sandcastle;Woodland, 2, 0, 0;0;2;1;0;5;0;3;0
Starfall Hammock;Tidewhisper Sandcastle;Woodland, 2, 0, 0;0;2;1;1;8;0;0;0
Starfall Hammock;Tidewhisper Sandcastle;Woodland, 2, 0, 0;0;4;0;0;8;0;0;0
Starfall Hammock;Tidewhisper Sandcastle;Woodland, 2, 0, 0;0;4;1;0;7;0;0;0
Starfall Hammock;Tidewhisper Sandcastle;Woodland, 2, 0, 0;0;4;3;0;2;0;0;3
Starfall Hammock;Tidewhisper Sandcastle;Woodland, 2, 0, 0;2;0;0;6;0;0;2;0
Starfall Hammock;Tidewhisper Sandcastle;Woodland, 2, 0, 0;3;0;1;0;4;0;0;3
Starfall Hammock;Tidewhisper Sandcastle;Woodland, 2, 0, 0;3;0;2;1;1;0;3;0
Starfall Hammock;Tidewhisper Sandcastle;Woodland, 2, 0, 1;0;1;0;0;10;0;0;0
Starfall Hammock;Tidewhisper Sandcastle;Woodland, 2, 0, 1;0;3;0;1;7;0;0;0
Starfall Hammock;Tidewhisper Sandcastle;Woodland, 2, 0, 1;0;3;2;1;1;0;0;4
Starfall Hammock;Tidewhisper Sandcastle;Woodland, 2, 0, 1;1;0;5;0;0;3;0;0
Starfall Hammock;Tidewhisper Sandcastle;Woodland, 2, 0, 2;0;0;0;6;0;0;2;0
Starfall Hammock;Tidewhisper Sandcastle;Woodland, 2, 0, 2;0;0;6;0;0;0;1;1
Starfall Hammock;Tidewhisper Sandcastle;Woodland, 2, 0, 2;0;0;6;0;0;2;0;0
Starfall Hammock;Tidewhisper Sandcastle;Woodland, 2, 0, 3;0;0;2;0;3;0;0;3
Starfall Hammock;Tidewhisper Sandcastle;Woodland, 2, 1, 0;0;2;1;0;5;0;1;5
Starfall Hammock;Tidewhisper Sandcastle;Woodland, 2, 1, 0;0;2;1;0;7;0;0;2
Starfall Hammock;Tidewhisper Sandcastle;Woodland, 2, 1, 0;0;3;0;0;8;0;0;1
Starfall Hammock;Tidewhisper Sandcastle;Woodland, 2, 1, 0;4;0;0;2;2;0;4;0
Starfall Hammock;Tidewhisper Sandcastle;Woodland, 2, 1, 0;5;0;0;0;3;1;1;3
Starfall Hammock;Tidewhisper Sandcastle;Woodland, 2, 1, 1;0;1;0;0;8;1;0;1
Starfall Hammock;Tidewhisper Sandcastle;Woodland, 2, 1, 1;0;3;1;0;7;0;0;0
Starfall Hammock;Tidewhisper Sandcastle;Woodland, 2, 1, 1;1;4;0;0;6;0;0;2
Starfall Hammock;Tidewhisper Sandcastle;Woodland, 2, 1, 1;1;5;1;0;2;1;0;3
Starfall Hammock;Tidewhisper Sandcastle;Woodland, 2, 1, 1;2;4;0;0;5;0;0;2
Starfall Hammock;Tidewhisper Sandcastle;Woodland, 2, 1, 2;0;1;0;0;5;0;1;5
Starfall Hammock;Tidewhisper Sandcastle;Woodland, 2, 1, 4;0;0;2;0;2;4;0;0
Starfall Hammock;Tidewhisper Sandcastle;Woodland, 2, 2, 0;0;2;1;0;4;1;0;6
Starfall Hammock;Tidewhisper Sandcastle;Woodland, 2, 2, 0;0;2;1;0;4;1;1;5
Starfall Hammock;Tidewhisper Sandcastle;Woodland, 2, 2, 0;1;3;0;1;7;0;0;0
Starfall Hammock;Tidewhisper Sandcastle;Woodland, 2, 2, 0;4;0;0;4;0;0;0;5
Starfall Hammock;Tidewhisper Sandcastle;Woodland, 2, 2, 0;4;0;0;4;0;0;4;0
Starfall Hammock;Tidewhisper Sandcastle;Woodland, 2, 2, 0;5;0;0;3;0;3;0;2
Starfall Hammock;Tidewhisper Sandcastle;Woodland, 2, 2, 1;0;1;1;0;7;1;0;1
Starfall Hammock;Tidewhisper Sandcastle;Woodland, 2, 2, 1;0;2;0;0;8;1;0;0
Starfall Hammock;Tidewhisper Sandcastle;Woodland, 2, 2, 1;1;4;1;0;5;0;0;2
Starfall Hammock;Tidewhisper Sandcastle;Woodland, 2, 2, 1;1;5;1;1;1;1;2;1
Starfall Hammock;Tidewhisper Sandcastle;Woodland, 2, 2, 1;2;4;2;0;0;5;0;0
Starfall Hammock;Tidewhisper Sandcastle;Woodland, 2, 2, 2;0;2;2;0;1;0;0;7
Starfall Hammock;Tidewhisper Sandcastle;Woodland, 2, 2, 2;0;3;0;4;0;0;4;0
Starfall Hammock;Tidewhisper Sandcastle;Woodland, 2, 2, 2;1;4;1;0;4;0;0;2
Starfall Hammock;Tidewhisper Sandcastle;Woodland, 2, 2, 3;0;2;4;0;0;4;0;0
Starfall Hammock;Tidewhisper Sandcastle;Woodland, 2, 2, 4;0;0;4;0;0;2;0;3
Starfall Hammock;Tidewhisper Sandcastle;Woodland, 2, 2, 4;0;0;4;0;0;4;0;0
Starfall Hammock;Tidewhisper Sandcastle;Woodland, 2, 2, 5;0;0;2;0;1;2;0;4
Starfall Hammock;Tidewhisper Sandcastle;Woodland, 3, 0, 0;0;0;0;1;7;0;0;4
Starfall Hammock;Tidewhisper Sandcastle;Woodland, 3, 0, 0;0;0;1;1;6;0;0;4
Starfall Hammock;Tidewhisper Sandcastle;Woodland, 3, 0, 0;0;0;1;1;8;0;0;2
Starfall Hammock;Tidewhisper Sandcastle;Woodland, 3, 0, 0;0;2;0;1;9;0;0;0
Starfall Hammock;Tidewhisper Sandcastle;Woodland, 3, 0, 0;0;3;1;0;4;0;3;0
Starfall Hammock;Tidewhisper Sandcastle;Woodland, 3, 0, 0;0;3;2;0;7;0;0;0
Starfall Hammock;Tidewhisper Sandcastle;Woodland, 3, 0, 0;0;4;3;0;1;0;0;4
Starfall Hammock;Tidewhisper Sandcastle;Woodland, 3, 0, 0;0;4;3;0;1;3;0;0
Starfall Hammock;Tidewhisper Sandcastle;Woodland, 3, 0, 0;1;0;0;0;10;0;0;1
Starfall Hammock;Tidewhisper Sandcastle;Woodland, 3, 0, 0;1;0;1;1;8;0;0;1
Starfall Hammock;Tidewhisper Sandcastle;Woodland, 3, 0, 0;1;3;3;0;1;1;0;3
Starfall Hammock;Tidewhisper Sandcastle;Woodland, 3, 0, 3;0;0;5;0;0;0;1;1
Starfall Hammock;Tidewhisper Sandcastle;Woodland, 3, 0, 3;0;0;5;0;0;1;1;0
Starfall Hammock;Tidewhisper Sandcastle;Woodland, 3, 1, 0;0;2;0;0;8;0;0;2
Starfall Hammock;Tidewhisper Sandcastle;Woodland, 3, 1, 0;0;3;0;0;4;1;1;5
Starfall Hammock;Tidewhisper Sandcastle;Woodland, 3, 1, 0;1;1;1;1;6;1;0;1
Starfall Hammock;Tidewhisper Sandcastle;Woodland, 3, 1, 0;1;4;1;0;2;5;0;0
Starfall Hammock;Tidewhisper Sandcastle;Woodland, 3, 1, 0;1;6;0;0;2;2;1;2
Starfall Hammock;Tidewhisper Sandcastle;Woodland, 3, 1, 0;2;4;1;0;5;0;0;2
Starfall Hammock;Tidewhisper Sandcastle;Woodland, 3, 1, 1;0;0;0;0;8;0;1;2
Starfall Hammock;Tidewhisper Sandcastle;Woodland, 3, 1, 2;0;2;0;0;4;1;0;5
Starfall Hammock;Tidewhisper Sandcastle;Woodland, 3, 1, 2;0;3;0;0;2;2;1;4
Starfall Hammock;Tidewhisper Sandcastle;Woodland, 3, 1, 2;1;4;1;0;2;1;0;3
Starfall Hammock;Tidewhisper Sandcastle;Woodland, 3, 1, 3;0;4;1;0;4;0;0;2
Starfall Hammock;Tidewhisper Sandcastle;Woodland, 3, 2, 0;0;0;0;0;8;1;0;3
Starfall Hammock;Tidewhisper Sandcastle;Woodland, 3, 2, 0;0;2;1;0;4;2;0;5
Starfall Hammock;Tidewhisper Sandcastle;Woodland, 3, 2, 0;0;7;1;0;1;3;1;1
Starfall Hammock;Tidewhisper Sandcastle;Woodland, 3, 2, 0;0;7;1;0;1;4;0;1
Starfall Hammock;Tidewhisper Sandcastle;Woodland, 3, 2, 0;1;3;0;0;8;0;0;0
Starfall Hammock;Tidewhisper Sandcastle;Woodland, 3, 2, 0;4;0;0;4;0;2;0;3
Starfall Hammock;Tidewhisper Sandcastle;Woodland, 3, 2, 0;5;0;1;0;1;1;0;6
Starfall Hammock;Tidewhisper Sandcastle;Woodland, 3, 2, 1;0;4;4;0;0;4;0;0
Starfall Hammock;Tidewhisper Sandcastle;Woodland, 3, 2, 1;0;5;1;0;3;3;0;1
Starfall Hammock;Tidewhisper Sandcastle;Woodland, 3, 2, 1;0;5;2;0;1;0;5;0
Starfall Hammock;Tidewhisper Sandcastle;Woodland, 3, 2, 1;1;1;1;0;7;0;0;1
Starfall Hammock;Tidewhisper Sandcastle;Woodland, 3, 2, 2;0;2;1;0;2;1;0;6
Starfall Hammock;Tidewhisper Sandcastle;Woodland, 3, 2, 2;1;0;0;0;8;0;0;1
Starfall Hammock;Tidewhisper Sandcastle;Woodland, 3, 2, 3;0;1;1;0;2;0;0;7
Starfall Hammock;Tidewhisper Sandcastle;Woodland, 3, 2, 3;0;2;1;0;1;0;0;7
Starfall Hammock;Tidewhisper Sandcastle;Woodland, 3, 2, 4;0;0;4;0;0;1;1;3
Starfall Hammock;Tidewhisper Sandcastle;Woodland, 3, 2, 5;0;0;1;0;2;2;0;4
Starfall Hammock;Tidewhisper Sandcastle;Woodland, 3, 3, 0;0;2;1;0;5;1;1;4
Starfall Hammock;Tidewhisper Sandcastle;Woodland, 3, 3, 0;2;2;0;1;7;0;0;0
Starfall Hammock;Tidewhisper Sandcastle;Woodland, 3, 3, 0;4;0;0;4;0;1;1;3
Starfall Hammock;Tidewhisper Sandcastle;Woodland, 3, 3, 0;5;0;1;0;2;0;0;6
Starfall Hammock;Tidewhisper Sandcastle;Woodland, 3, 3, 1;0;2;1;0;7;1;0;0
Starfall Hammock;Tidewhisper Sandcastle;Woodland, 3, 3, 1;1;5;2;0;0;0;5;0
Starfall Hammock;Tidewhisper Sandcastle;Woodland, 3, 3, 2;0;4;2;0;1;4;0;1
Starfall Hammock;Tidewhisper Sandcastle;Woodland, 3, 3, 2;1;4;1;0;2;3;0;1
Starfall Hammock;Tidewhisper Sandcastle;Woodland, 3, 3, 3;0;2;0;3;0;0;5;0
Starfall Hammock;Tidewhisper Sandcastle;Woodland, 3, 3, 3;0;2;2;0;0;1;0;6
Starfall Hammock;Tidewhisper Sandcastle;Woodland, 3, 3, 3;0;3;0;1;2;5;0;0
Starfall Hammock;Tidewhisper Sandcastle;Woodland, 3, 3, 4;0;0;4;0;0;3;0;2
Starfall Hammock;Tidewhisper Sandcastle;Woodland, 4, 0, 0;0;4;0;0;6;3;0;0
Starfall Hammock;Tidewhisper Sandcastle;Woodland, 4, 0, 0;1;3;0;0;6;0;0;4
Starfall Hammock;Tidewhisper Sandcastle;Woodland, 4, 0, 0;1;3;0;0;6;0;1;3
Starfall Hammock;Tidewhisper Sandcastle;Woodland, 4, 0, 0;3;0;0;0;6;0;0;4
Starfall Hammock;Tidewhisper Sandcastle;Woodland, 4, 0, 0;3;0;0;0;6;0;3;0
Starfall Hammock;Tidewhisper Sandcastle;Woodland, 4, 0, 1;0;3;0;0;6;0;3;0
Starfall Hammock;Tidewhisper Sandcastle;Woodland, 4, 0, 3;0;0;0;0;6;0;0;4
Starfall Hammock;Tidewhisper Sandcastle;Woodland, 4, 0, 3;0;0;0;0;6;3;0;0
Starfall Hammock;Tidewhisper Sandcastle;Woodland, 4, 1, 0;1;3;0;4;0;2;0;2
Starfall Hammock;Tidewhisper Sandcastle;Woodland, 4, 1, 0;4;0;0;3;1;0;0;4
Starfall Hammock;Tidewhisper Sandcastle;Woodland, 4, 1, 0;4;0;0;3;1;0;3;0
Starfall Hammock;Tidewhisper Sandcastle;Woodland, 4, 1, 1;0;3;0;3;1;0;4;0
Starfall Hammock;Tidewhisper Sandcastle;Woodland, 4, 1, 1;1;2;0;2;1;0;5;0
Starfall Hammock;Tidewhisper Sandcastle;Woodland, 4, 2, 0;0;5;1;0;4;0;0;6
Starfall Hammock;Tidewhisper Sandcastle;Woodland, 4, 2, 0;4;0;0;4;0;1;0;4
Starfall Hammock;Tidewhisper Sandcastle;Woodland, 4, 2, 0;5;0;1;0;1;0;0;7
Starfall Hammock;Tidewhisper Sandcastle;Woodland, 4, 2, 1;0;4;1;0;3;0;1;6
Starfall Hammock;Tidewhisper Sandcastle;Woodland, 4, 2, 1;0;4;4;0;0;2;0;3
Starfall Hammock;Tidewhisper Sandcastle;Woodland, 4, 2, 2;0;3;0;4;0;1;0;4
Starfall Hammock;Tidewhisper Sandcastle;Woodland, 4, 2, 3;0;4;2;0;0;0;5;0
Starfall Hammock;Tidewhisper Sandcastle;Woodland, 4, 3, 0;0;5;1;0;3;0;5;0
Starfall Hammock;Tidewhisper Sandcastle;Woodland, 4, 3, 0;0;5;4;0;0;1;0;4
Starfall Hammock;Tidewhisper Sandcastle;Woodland, 4, 3, 1;0;4;0;0;6;0;1;4
Starfall Hammock;Tidewhisper Sandcastle;Woodland, 4, 3, 1;0;4;0;4;0;1;0;4
Starfall Hammock;Tidewhisper Sandcastle;Woodland, 4, 3, 1;0;4;1;0;3;0;0;7
Starfall Hammock;Tidewhisper Sandcastle;Woodland, 4, 3, 1;1;3;0;4;0;0;4;0
Starfall Hammock;Tidewhisper Sandcastle;Woodland, 4, 3, 2;0;3;1;0;4;0;0;6
Starfall Hammock;Tidewhisper Sandcastle;Woodland, 4, 3, 2;0;3;4;0;0;4;0;0
Starfall Hammock;Tidewhisper Sandcastle;Woodland, 4, 3, 2;1;2;1;0;3;5;0;0
Starfall Hammock;Tidewhisper Sandcastle;Woodland, 4, 3, 4;0;0;4;0;0;1;0;4
Starfall Hammock;Tidewhisper Sandcastle;Woodland, 4, 4, 0;0;7;2;0;0;0;2;5
Starfall Hammock;Tidewhisper Sandcastle;Woodland, 4, 4, 0;1;6;1;0;1;0;1;6
Starfall Hammock;Tidewhisper Sandcastle;Woodland, 5, 0, 0;0;5;1;1;2;0;3;1
Starfall Hammock;Tidewhisper Sandcastle;Woodland, 5, 0, 0;0;5;1;1;2;3;0;1
Starfall Hammock;Tidewhisper Sandcastle;Woodland, 5, 0, 0;3;0;2;0;2;0;0;6
Starfall Hammock;Tidewhisper Sandcastle;Woodland, 5, 0, 0;3;2;2;0;2;0;3;0
Starfall Hammock;Tidewhisper Sandcastle;Woodland, 5, 0, 3;0;1;1;0;3;3;0;1
Starfall Hammock;Tidewhisper Sandcastle;Woodland, 5, 1, 0;0;7;0;0;4;0;2;3
Starfall Hammock;Tidewhisper Sandcastle;Woodland, 5, 1, 0;1;7;1;0;2;1;0;5
Starfall Hammock;Tidewhisper Sandcastle;Woodland, 5, 1, 0;5;0;0;2;1;1;1;3
Starfall Hammock;Tidewhisper Sandcastle;Woodland, 5, 1, 0;5;1;0;0;2;0;0;8
Starfall Hammock;Tidewhisper Sandcastle;Woodland, 5, 1, 0;5;1;0;1;2;0;4;1
Starfall Hammock;Tidewhisper Sandcastle;Woodland, 5, 1, 1;0;5;1;0;2;1;0;7
Starfall Hammock;Tidewhisper Sandcastle;Woodland, 5, 1, 1;0;6;1;0;3;2;0;3
Starfall Hammock;Tidewhisper Sandcastle;Woodland, 5, 1, 1;0;7;1;0;2;0;0;6
Starfall Hammock;Tidewhisper Sandcastle;Woodland, 5, 1, 2;0;3;2;0;1;5;0;0
Starfall Hammock;Tidewhisper Sandcastle;Woodland, 5, 1, 2;1;5;0;0;2;5;0;1
Starfall Hammock;Tidewhisper Sandcastle;Woodland, 5, 1, 4;0;0;3;0;1;1;0;4
Starfall Hammock;Tidewhisper Sandcastle;Woodland, 5, 1, 4;0;0;3;0;1;3;0;1
Starfall Hammock;Tidewhisper Sandcastle;Woodland, 5, 1, 4;0;1;1;0;2;5;0;1
Starfall Hammock;Tidewhisper Sandcastle;Woodland, 5, 1, 5;0;1;0;0;2;0;1;7
Starfall Hammock;Tidewhisper Sandcastle;Woodland, 5, 2, 0;0;5;4;0;0;4;0;0
Starfall Hammock;Tidewhisper Sandcastle;Woodland, 5, 2, 0;0;6;1;0;2;1;0;7
Starfall Hammock;Tidewhisper Sandcastle;Woodland, 5, 2, 0;0;8;0;0;2;5;0;1
Starfall Hammock;Tidewhisper Sandcastle;Woodland, 5, 2, 0;1;7;0;0;2;0;5;1
Starfall Hammock;Tidewhisper Sandcastle;Woodland, 5, 2, 0;5;1;0;0;2;1;0;7
Starfall Hammock;Tidewhisper Sandcastle;Woodland, 5, 2, 1;0;5;1;0;3;0;0;6
Starfall Hammock;Tidewhisper Sandcastle;Woodland, 5, 2, 2;0;3;4;0;0;2;0;3
Starfall Hammock;Tidewhisper Sandcastle;Woodland, 5, 2, 2;1;2;0;4;0;0;0;5
Starfall Hammock;Tidewhisper Sandcastle;Woodland, 5, 2, 3;0;2;0;0;4;0;0;7
Starfall Hammock;Tidewhisper Sandcastle;Woodland, 5, 2, 3;0;2;0;4;0;0;4;0
Starfall Hammock;Tidewhisper Sandcastle;Woodland, 5, 2, 5;0;1;0;0;2;0;0;8
Starfall Hammock;Tidewhisper Sandcastle;Woodland, 5, 3, 0;0;7;2;0;2;0;0;5
Starfall Hammock;Tidewhisper Sandcastle;Woodland, 5, 3, 0;1;4;0;4;0;0;4;0
Starfall Hammock;Tidewhisper Sandcastle;Woodland, 5, 3, 1;0;4;0;4;0;2;0;3
Starfall Hammock;Tidewhisper Sandcastle;Woodland, 5, 3, 2;0;6;0;0;2;5;0;1
Starfall Hammock;Tidewhisper Sandcastle;Woodland, 5, 3, 2;0;6;1;0;2;0;0;6
Starfall Hammock;Tidewhisper Sandcastle;Woodland, 5, 3, 3;0;2;4;0;0;2;1;2
Starfall Hammock;Tidewhisper Sandcastle;Woodland, 5, 3, 5;0;1;0;0;2;1;0;7
Starfall Hammock;Tidewhisper Sandcastle;Woodland, 5, 5, 0;5;2;0;0;2;0;5;1
Starfall Hammock;Tidewhisper Sandcastle;Woodland, 5, 5, 1;0;7;0;0;2;0;5;2
Starfall Hammock;Tidewhisper Sandcastle;Woodland, 5, 5, 1;0;7;0;0;2;5;0;2
Starfall Hammock;Tidewhisper Sandcastle;Woodland, 5, 5, 5;0;2;0;0;1;0;0;9
Starfall Hammock;Tidewhisper Sandcastle;Woodland, 5, 5, 5;0;2;0;0;2;5;0;1
Starfall Hammock;Tidewhisper Sandcastle;Woodland, 6, 0, 0;0;4;0;4;2;0;0;4
Starfall Hammock;Tidewhisper Sandcastle;Woodland, 6, 0, 0;0;4;1;0;5;0;0;6
Starfall Hammock;Tidewhisper Sandcastle;Woodland, 6, 0, 0;0;6;0;0;6;2;0;2
Starfall Hammock;Tidewhisper Sandcastle;Woodland, 6, 0, 0;0;6;0;2;2;0;5;0
Starfall Hammock;Tidewhisper Sandcastle;Woodland, 6, 0, 0;0;6;1;0;3;1;0;5
Starfall Hammock;Tidewhisper Sandcastle;Woodland, 6, 0, 0;0;6;1;0;5;0;0;4
Starfall Hammock;Tidewhisper Sandcastle;Woodland, 6, 0, 0;0;6;1;0;5;1;0;3
Starfall Hammock;Tidewhisper Sandcastle;Woodland, 6, 0, 0;0;6;2;0;2;0;0;6
Starfall Hammock;Tidewhisper Sandcastle;Woodland, 6, 0, 0;0;6;2;0;2;5;0;0
Starfall Hammock;Tidewhisper Sandcastle;Woodland, 6, 0, 0;3;0;0;4;2;0;3;0
Starfall Hammock;Tidewhisper Sandcastle;Woodland, 6, 0, 0;3;0;0;4;2;1;0;3
Starfall Hammock;Tidewhisper Sandcastle;Woodland, 6, 0, 0;3;2;0;2;2;0;5;0
Starfall Hammock;Tidewhisper Sandcastle;Woodland, 6, 0, 0;5;0;0;0;4;0;5;0
Starfall Hammock;Tidewhisper Sandcastle;Woodland, 6, 0, 0;5;0;0;0;4;2;0;4
Starfall Hammock;Tidewhisper Sandcastle;Woodland, 6, 0, 0;5;0;0;2;2;0;0;6
Starfall Hammock;Tidewhisper Sandcastle;Woodland, 6, 0, 0;5;0;0;2;2;0;3;2
Starfall Hammock;Tidewhisper Sandcastle;Woodland, 6, 0, 0;5;0;0;2;2;1;0;5
Starfall Hammock;Tidewhisper Sandcastle;Woodland, 6, 0, 1;0;3;0;1;5;1;0;5
Starfall Hammock;Tidewhisper Sandcastle;Woodland, 6, 0, 1;0;3;4;0;2;3;0;0
Starfall Hammock;Tidewhisper Sandcastle;Woodland, 6, 0, 1;0;4;1;0;5;2;0;3
Starfall Hammock;Tidewhisper Sandcastle;Woodland, 6, 0, 1;0;5;0;0;4;2;0;4
Starfall Hammock;Tidewhisper Sandcastle;Woodland, 6, 0, 1;0;5;0;0;4;3;0;3
Starfall Hammock;Tidewhisper Sandcastle;Woodland, 6, 0, 1;0;5;0;2;2;0;5;0
Starfall Hammock;Tidewhisper Sandcastle;Woodland, 6, 0, 1;0;5;2;0;2;5;0;0
Starfall Hammock;Tidewhisper Sandcastle;Woodland, 6, 0, 1;1;4;2;0;4;1;0;3
Starfall Hammock;Tidewhisper Sandcastle;Woodland, 6, 0, 2;0;2;0;1;5;0;0;6
Starfall Hammock;Tidewhisper Sandcastle;Woodland, 6, 0, 2;0;2;0;4;2;0;3;0
Starfall Hammock;Tidewhisper Sandcastle;Woodland, 6, 0, 2;0;2;4;0;2;0;0;4
Starfall Hammock;Tidewhisper Sandcastle;Woodland, 6, 0, 2;0;4;0;0;4;5;0;0
Starfall Hammock;Tidewhisper Sandcastle;Woodland, 6, 0, 2;0;4;0;1;3;0;5;0
Starfall Hammock;Tidewhisper Sandcastle;Woodland, 6, 0, 2;0;4;1;0;4;2;0;3
Starfall Hammock;Tidewhisper Sandcastle;Woodland, 6, 0, 3;0;0;4;0;2;0;0;4
Starfall Hammock;Tidewhisper Sandcastle;Woodland, 6, 0, 3;0;0;4;0;2;3;0;0
Starfall Hammock;Tidewhisper Sandcastle;Woodland, 6, 0, 3;0;2;2;0;2;5;0;0
Starfall Hammock;Tidewhisper Sandcastle;Woodland, 6, 0, 5;0;0;0;0;4;1;0;5
Starfall Hammock;Tidewhisper Sandcastle;Woodland, 6, 0, 5;0;0;0;0;4;5;0;0
Starfall Hammock;Tidewhisper Sandcastle;Woodland, 6, 0, 5;0;0;2;0;2;0;0;6
Starfall Hammock;Tidewhisper Sandcastle;Woodland, 6, 0, 5;0;0;2;0;2;3;0;2
Starfall Hammock;Tidewhisper Sandcastle;Woodland, 6, 1, 0;0;6;0;1;2;0;6;0
Starfall Hammock;Tidewhisper Sandcastle;Woodland, 6, 1, 0;0;6;0;1;2;6;0;0
Starfall Hammock;Tidewhisper Sandcastle;Woodland, 6, 1, 0;0;6;1;0;2;6;0;0
Starfall Hammock;Tidewhisper Sandcastle;Woodland, 6, 1, 0;0;7;1;0;4;0;0;4
Starfall Hammock;Tidewhisper Sandcastle;Woodland, 6, 1, 0;0;8;1;0;3;0;0;5
Starfall Hammock;Tidewhisper Sandcastle;Woodland, 6, 1, 0;0;8;1;0;3;1;0;4
Starfall Hammock;Tidewhisper Sandcastle;Woodland, 6, 1, 0;2;4;0;0;5;1;0;4
Starfall Hammock;Tidewhisper Sandcastle;Woodland, 6, 1, 0;3;0;0;4;1;2;0;2
Starfall Hammock;Tidewhisper Sandcastle;Woodland, 6, 1, 0;3;2;0;1;2;0;6;0
Starfall Hammock;Tidewhisper Sandcastle;Woodland, 6, 1, 0;4;1;0;0;3;0;6;0
Starfall Hammock;Tidewhisper Sandcastle;Woodland, 6, 1, 0;4;2;0;0;2;0;6;0
Starfall Hammock;Tidewhisper Sandcastle;Woodland, 6, 1, 0;6;0;0;0;2;0;4;2
Starfall Hammock;Tidewhisper Sandcastle;Woodland, 6, 1, 0;6;0;0;1;2;0;0;6
Starfall Hammock;Tidewhisper Sandcastle;Woodland, 6, 1, 1;0;3;0;4;1;0;3;0
Starfall Hammock;Tidewhisper Sandcastle;Woodland, 6, 1, 1;0;3;4;0;1;1;0;3
Starfall Hammock;Tidewhisper Sandcastle;Woodland, 6, 1, 2;0;2;0;4;1;0;0;4
Starfall Hammock;Tidewhisper Sandcastle;Woodland, 6, 1, 2;0;2;4;0;1;3;0;0
Starfall Hammock;Tidewhisper Sandcastle;Woodland, 6, 1, 2;0;3;0;0;4;0;1;7
Starfall Hammock;Tidewhisper Sandcastle;Woodland, 6, 1, 2;0;4;2;0;3;1;0;4
Starfall Hammock;Tidewhisper Sandcastle;Woodland, 6, 1, 3;0;2;1;0;2;6;0;0
Starfall Hammock;Tidewhisper Sandcastle;Woodland, 6, 1, 4;0;2;0;0;2;6;0;0
Starfall Hammock;Tidewhisper Sandcastle;Woodland, 6, 1, 6;0;0;0;0;2;4;0;2
Starfall Hammock;Tidewhisper Sandcastle;Woodland, 6, 1, 6;0;0;1;0;2;0;0;6
Starfall Hammock;Tidewhisper Sandcastle;Woodland, 6, 2, 0;0;5;0;4;0;0;4;0
Starfall Hammock;Tidewhisper Sandcastle;Woodland, 6, 2, 0;0;7;0;0;5;0;1;3
Starfall Hammock;Tidewhisper Sandcastle;Woodland, 6, 2, 0;0;8;0;0;4;1;1;3
Starfall Hammock;Tidewhisper Sandcastle;Woodland, 6, 2, 0;0;8;1;0;1;0;1;7
Starfall Hammock;Tidewhisper Sandcastle;Woodland, 6, 2, 0;0;8;1;0;1;0;6;0
Starfall Hammock;Tidewhisper Sandcastle;Woodland, 6, 2, 0;0;8;1;0;1;2;0;6
Starfall Hammock;Tidewhisper Sandcastle;Woodland, 6, 2, 0;0;8;1;0;3;1;1;3
Starfall Hammock;Tidewhisper Sandcastle;Woodland, 6, 2, 0;0;8;2;0;0;0;0;8
Starfall Hammock;Tidewhisper Sandcastle;Woodland, 6, 2, 0;1;7;1;0;1;0;0;8
Starfall Hammock;Tidewhisper Sandcastle;Woodland, 6, 2, 0;4;1;0;3;0;0;5;0
Starfall Hammock;Tidewhisper Sandcastle;Woodland, 6, 2, 0;5;0;0;3;0;0;4;1
Starfall Hammock;Tidewhisper Sandcastle;Woodland, 6, 2, 0;5;1;0;2;0;0;5;1
Starfall Hammock;Tidewhisper Sandcastle;Woodland, 6, 2, 1;0;4;0;0;4;1;0;7
Starfall Hammock;Tidewhisper Sandcastle;Woodland, 6, 2, 1;0;6;1;0;4;0;0;4
Starfall Hammock;Tidewhisper Sandcastle;Woodland, 6, 2, 1;1;2;0;0;5;0;0;7
Starfall Hammock;Tidewhisper Sandcastle;Woodland, 6, 2, 1;1;3;0;0;4;0;0;8
Starfall Hammock;Tidewhisper Sandcastle;Woodland, 6, 2, 1;1;3;4;0;0;4;0;0
Starfall Hammock;Tidewhisper Sandcastle;Woodland, 6, 2, 2;0;3;4;0;0;0;0;5
Starfall Hammock;Tidewhisper Sandcastle;Woodland, 6, 2, 2;0;4;3;0;0;5;0;0
Starfall Hammock;Tidewhisper Sandcastle;Woodland, 6, 2, 3;0;2;0;4;0;1;0;4
Starfall Hammock;Tidewhisper Sandcastle;Woodland, 6, 2, 4;0;0;4;0;0;0;0;5
Starfall Hammock;Tidewhisper Sandcastle;Woodland, 6, 2, 4;0;1;3;0;0;5;0;0
Starfall Hammock;Tidewhisper Sandcastle;Woodland, 6, 2, 5;0;0;3;0;0;4;0;1
Starfall Hammock;Tidewhisper Sandcastle;Woodland, 6, 2, 6;0;0;1;0;2;5;0;0
Starfall Hammock;Tidewhisper Sandcastle;Woodland, 6, 3, 0;0;5;0;0;4;1;0;7
Starfall Hammock;Tidewhisper Sandcastle;Woodland, 6, 3, 0;0;8;1;1;0;0;0;8
Starfall Hammock;Tidewhisper Sandcastle;Woodland, 6, 3, 0;1;4;0;1;3;0;0;8
Starfall Hammock;Tidewhisper Sandcastle;Woodland, 6, 3, 0;1;7;0;0;4;0;0;5
Starfall Hammock;Tidewhisper Sandcastle;Woodland, 6, 3, 0;4;1;0;2;0;0;6;0
Starfall Hammock;Tidewhisper Sandcastle;Woodland, 6, 3, 0;6;0;0;2;0;0;4;1
Starfall Hammock;Tidewhisper Sandcastle;Woodland, 6, 3, 1;0;3;1;0;4;0;0;7
Starfall Hammock;Tidewhisper Sandcastle;Woodland, 6, 3, 1;0;4;0;4;0;0;4;0
Starfall Hammock;Tidewhisper Sandcastle;Woodland, 6, 3, 1;0;4;4;0;0;1;0;4
Starfall Hammock;Tidewhisper Sandcastle;Woodland, 6, 3, 1;0;5;3;0;0;5;0;0
Starfall Hammock;Tidewhisper Sandcastle;Woodland, 6, 3, 1;1;3;0;0;5;0;0;6
Starfall Hammock;Tidewhisper Sandcastle;Woodland, 6, 3, 2;0;4;0;0;5;1;0;4
Starfall Hammock;Tidewhisper Sandcastle;Woodland, 6, 3, 2;0;4;0;3;0;0;5;0
Starfall Hammock;Tidewhisper Sandcastle;Woodland, 6, 3, 2;1;5;1;0;1;1;0;7
Starfall Hammock;Tidewhisper Sandcastle;Woodland, 6, 3, 3;0;2;0;4;0;2;0;3
Starfall Hammock;Tidewhisper Sandcastle;Woodland, 6, 3, 6;0;0;0;0;2;0;0;8
Starfall Hammock;Tidewhisper Sandcastle;Woodland, 6, 4, 0;0;8;0;0;3;0;0;8
Starfall Hammock;Tidewhisper Sandcastle;Woodland, 6, 4, 0;0;8;0;0;3;1;0;7
Starfall Hammock;Tidewhisper Sandcastle;Woodland, 6, 4, 0;1;7;0;0;3;0;0;8
Starfall Hammock;Tidewhisper Sandcastle;Woodland, 6, 4, 0;1;7;0;2;0;0;5;1
Starfall Hammock;Tidewhisper Sandcastle;Woodland, 6, 4, 0;1;7;1;0;1;6;0;0
Starfall Hammock;Tidewhisper Sandcastle;Woodland, 6, 4, 0;1;7;2;0;0;0;1;7
Starfall Hammock;Tidewhisper Sandcastle;Woodland, 6, 4, 0;2;6;0;1;1;0;6;0
Starfall Hammock;Tidewhisper Sandcastle;Woodland, 6, 4, 0;5;1;0;2;0;0;0;8
Starfall Hammock;Tidewhisper Sandcastle;Woodland, 6, 4, 0;5;1;0;2;0;2;0;6
Starfall Hammock;Tidewhisper Sandcastle;Woodland, 6, 4, 0;6;0;0;0;3;0;6;0
Starfall Hammock;Tidewhisper Sandcastle;Woodland, 6, 4, 0;6;0;0;0;3;1;0;7
Starfall Hammock;Tidewhisper Sandcastle;Woodland, 6, 4, 1;0;7;0;0;3;0;1;7
Starfall Hammock;Tidewhisper Sandcastle;Woodland, 6, 4, 1;0;7;0;0;3;1;0;7
Starfall Hammock;Tidewhisper Sandcastle;Woodland, 6, 4, 1;0;7;0;0;3;1;1;6
Starfall Hammock;Tidewhisper Sandcastle;Woodland, 6, 4, 1;1;6;0;0;3;0;0;8
Starfall Hammock;Tidewhisper Sandcastle;Woodland, 6, 4, 1;1;6;0;0;3;0;6;0
Starfall Hammock;Tidewhisper Sandcastle;Woodland, 6, 4, 1;1;6;0;0;3;1;0;7
Starfall Hammock;Tidewhisper Sandcastle;Woodland, 6, 4, 1;1;6;0;2;0;0;0;8
Starfall Hammock;Tidewhisper Sandcastle;Woodland, 6, 4, 1;1;6;0;2;0;0;5;1
Starfall Hammock;Tidewhisper Sandcastle;Woodland, 6, 4, 1;1;6;2;0;0;5;0;1
Starfall Hammock;Tidewhisper Sandcastle;Woodland, 6, 4, 2;0;6;0;0;3;6;0;0
Starfall Hammock;Tidewhisper Sandcastle;Woodland, 6, 4, 5;0;1;2;0;0;1;0;7
Starfall Hammock;Tidewhisper Sandcastle;Woodland, 6, 4, 5;0;1;2;0;0;5;0;1
Starfall Hammock;Tidewhisper Sandcastle;Woodland, 6, 4, 6;0;0;0;0;3;1;0;7
Starfall Hammock;Tidewhisper Sandcastle;Woodland, 6, 4, 6;0;0;0;0;3;6;0;0
Starfall Hammock;Tidewhisper Sandcastle;Woodland, 6, 5, 0;0;8;0;0;2;0;6;1
Starfall Hammock;Tidewhisper Sandcastle;Woodland, 6, 5, 0;0;9;1;0;1;1;0;7
Starfall Hammock;Tidewhisper Sandcastle;Woodland, 6, 5, 0;0;9;1;0;1;6;0;0
Starfall Hammock;Tidewhisper Sandcastle;Woodland, 6, 5, 0;5;2;0;1;1;0;6;0
Starfall Hammock;Tidewhisper Sandcastle;Woodland, 6, 5, 0;6;0;0;0;2;0;6;1
Starfall Hammock;Tidewhisper Sandcastle;Woodland, 6, 5, 0;6;0;0;1;1;0;0;9
Starfall Hammock;Tidewhisper Sandcastle;Woodland, 6, 5, 0;6;0;0;1;1;0;5;2
Starfall Hammock;Tidewhisper Sandcastle;Woodland, 6, 5, 0;6;0;0;1;1;1;0;8
Starfall Hammock;Tidewhisper Sandcastle;Woodland, 6, 5, 0;6;1;0;0;2;0;6;0
Starfall Hammock;Tidewhisper Sandcastle;Woodland, 6, 5, 0;6;1;0;0;2;2;0;6
Starfall Hammock;Tidewhisper Sandcastle;Woodland, 6, 5, 1;0;7;0;0;2;6;0;1
Starfall Hammock;Tidewhisper Sandcastle;Woodland, 6, 5, 1;0;7;0;2;0;0;0;8
Starfall Hammock;Tidewhisper Sandcastle;Woodland, 6, 5, 1;0;7;2;0;0;0;0;8
Starfall Hammock;Tidewhisper Sandcastle;Woodland, 6, 5, 1;0;7;2;0;0;5;0;1
Starfall Hammock;Tidewhisper Sandcastle;Woodland, 6, 5, 1;0;8;0;1;1;0;6;0
Starfall Hammock;Tidewhisper Sandcastle;Woodland, 6, 5, 1;0;8;1;0;1;6;0;0
Starfall Hammock;Tidewhisper Sandcastle;Woodland, 6, 5, 2;0;6;0;2;0;0;5;1
Starfall Hammock;Tidewhisper Sandcastle;Woodland, 6, 5, 5;0;1;2;0;0;0;0;8
Starfall Hammock;Tidewhisper Sandcastle;Woodland, 6, 5, 5;0;2;1;0;1;6;0;0
Starfall Hammock;Tidewhisper Sandcastle;Woodland, 6, 5, 6;0;0;0;0;2;6;0;1
Starfall Hammock;Tidewhisper Sandcastle;Woodland, 6, 5, 6;0;0;1;0;1;0;0;9
Starfall Hammock;Tidewhisper Sandcastle;Woodland, 6, 5, 6;0;0;1;0;1;5;0;2
Starfall Hammock;Tidewhisper Sandcastle;Woodland, 6, 5, 6;0;1;0;0;2;1;1;6
Starfall Hammock;Tidewhisper Sandcastle;Woodland, 6, 5, 6;0;1;0;0;2;6;0;0
Starfall Hammock;Tidewhisper Sandcastle;Woodland, 6, 6, 0;0;8;2;0;0;5;0;1
Starfall Hammock;Tidewhisper Sandcastle;Woodland, 6, 6, 0;0;9;0;0;1;0;7;0
Starfall Hammock;Tidewhisper Sandcastle;Woodland, 6, 6, 0;0;9;1;0;0;0;0;9
Starfall Hammock;Tidewhisper Sandcastle;Woodland, 6, 6, 0;1;8;0;0;1;7;0;0
Starfall Hammock;Tidewhisper Sandcastle;Woodland, 6, 6, 0;5;2;0;0;1;0;7;0
Starfall Hammock;Tidewhisper Sandcastle;Woodland, 6, 6, 0;5;2;0;1;0;0;6;1
Starfall Hammock;Tidewhisper Sandcastle;Woodland, 6, 6, 0;7;0;0;0;1;0;0;9
Starfall Hammock;Tidewhisper Sandcastle;Woodland, 6, 6, 0;7;0;0;0;1;0;5;2
Starfall Hammock;Tidewhisper Sandcastle;Woodland, 6, 6, 0;7;0;0;0;1;1;0;8
Starfall Hammock;Tidewhisper Sandcastle;Woodland, 6, 6, 1;0;7;0;2;0;1;0;7
Starfall Hammock;Tidewhisper Sandcastle;Woodland, 6, 6, 1;0;7;2;0;0;1;0;7
Starfall Hammock;Tidewhisper Sandcastle;Woodland, 6, 6, 1;0;8;0;0;1;0;7;0
Starfall Hammock;Tidewhisper Sandcastle;Woodland, 6, 6, 1;0;8;0;0;1;1;1;7
Starfall Hammock;Tidewhisper Sandcastle;Woodland, 6, 6, 1;0;8;0;1;0;0;6;1
Starfall Hammock;Tidewhisper Sandcastle;Woodland, 6, 6, 1;1;7;0;0;2;1;1;6
Starfall Hammock;Tidewhisper Sandcastle;Woodland, 6, 6, 1;2;5;0;0;2;3;0;6
Starfall Hammock;Tidewhisper Sandcastle;Woodland, 6, 6, 2;0;7;0;0;1;1;1;7
Starfall Hammock;Tidewhisper Sandcastle;Woodland, 6, 6, 5;0;2;0;0;1;7;0;0
Starfall Hammock;Tidewhisper Sandcastle;Woodland, 6, 6, 5;0;2;1;0;0;6;0;1
Starfall Hammock;Tidewhisper Sandcastle;Woodland, 6, 6, 6;0;1;1;0;0;0;0;9
Starfall Hammock;Tidewhisper Sandcastle;Woodland, 6, 6, 7;0;0;0;0;1;1;0;8
Starfall Hammock;Tidewhisper Sandcastle;Woodland, 6, 6, 7;0;0;0;0;1;2;0;7
Starfall Hammock;Tidewhisper Sandcastle;Woodland, 6, 6, 7;0;0;0;0;1;5;0;2
Starfall Hammock;Tidewhisper Sandcastle;Woodland, 7, 0, 0;0;4;0;5;0;0;3;0
Starfall Hammock;Tidewhisper Sandcastle;Woodland, 7, 0, 0;0;6;0;1;3;2;0;4
Starfall Hammock;Tidewhisper Sandcastle;Woodland, 7, 0, 0;0;6;0;3;0;0;5;0
Starfall Hammock;Tidewhisper Sandcastle;Woodland, 7, 0, 0;0;6;1;0;3;0;0;6
Starfall Hammock;Tidewhisper Sandcastle;Woodland, 7, 0, 0;0;6;2;0;4;2;0;2
Starfall Hammock;Tidewhisper Sandcastle;Woodland, 7, 0, 0;3;0;0;5;0;1;0;3
Starfall Hammock;Tidewhisper Sandcastle;Woodland, 7, 0, 0;5;0;0;0;4;3;0;3
Starfall Hammock;Tidewhisper Sandcastle;Woodland, 7, 0, 0;5;0;0;3;0;0;5;0
Starfall Hammock;Tidewhisper Sandcastle;Woodland, 7, 0, 0;5;0;0;3;0;1;0;5
Starfall Hammock;Tidewhisper Sandcastle;Woodland, 7, 0, 0;5;0;0;3;0;2;0;4
Starfall Hammock;Tidewhisper Sandcastle;Woodland, 7, 0, 0;5;0;1;0;3;0;5;0
Starfall Hammock;Tidewhisper Sandcastle;Woodland, 7, 0, 1;0;3;0;5;0;0;0;4
Starfall Hammock;Tidewhisper Sandcastle;Woodland, 7, 0, 1;0;3;5;0;0;1;0;3
Starfall Hammock;Tidewhisper Sandcastle;Woodland, 7, 0, 1;0;5;0;0;6;2;0;2
Starfall Hammock;Tidewhisper Sandcastle;Woodland, 7, 0, 1;0;5;2;0;4;2;0;2
Starfall Hammock;Tidewhisper Sandcastle;Woodland, 7, 0, 1;1;2;2;0;4;0;0;6
Starfall Hammock;Tidewhisper Sandcastle;Woodland, 7, 0, 1;1;4;0;0;4;2;0;4
Starfall Hammock;Tidewhisper Sandcastle;Woodland, 7, 0, 2;0;2;1;1;4;0;0;6
Starfall Hammock;Tidewhisper Sandcastle;Woodland, 7, 0, 2;0;2;5;0;0;3;0;0
Starfall Hammock;Tidewhisper Sandcastle;Woodland, 7, 0, 2;0;4;1;0;3;1;0;5
Starfall Hammock;Tidewhisper Sandcastle;Woodland, 7, 0, 2;0;4;1;1;2;0;5;0
Starfall Hammock;Tidewhisper Sandcastle;Woodland, 7, 0, 2;0;4;1;1;2;3;0;3
Starfall Hammock;Tidewhisper Sandcastle;Woodland, 7, 0, 2;0;4;1;1;2;5;0;0
Starfall Hammock;Tidewhisper Sandcastle;Woodland, 7, 0, 2;1;3;0;1;3;0;0;6
Starfall Hammock;Tidewhisper Sandcastle;Woodland, 7, 0, 3;0;0;5;0;0;0;0;4
Starfall Hammock;Tidewhisper Sandcastle;Woodland, 7, 0, 3;0;0;5;0;0;3;0;0
Starfall Hammock;Tidewhisper Sandcastle;Woodland, 7, 0, 4;0;2;0;0;4;0;0;6
Starfall Hammock;Tidewhisper Sandcastle;Woodland, 7, 0, 5;0;0;0;0;4;3;0;3
Starfall Hammock;Tidewhisper Sandcastle;Woodland, 7, 0, 5;0;0;1;0;3;5;0;0
Starfall Hammock;Tidewhisper Sandcastle;Woodland, 7, 0, 5;0;0;3;0;0;1;0;5
Starfall Hammock;Tidewhisper Sandcastle;Woodland, 7, 0, 5;0;0;3;0;0;2;0;4
Starfall Hammock;Tidewhisper Sandcastle;Woodland, 7, 0, 5;0;0;3;0;0;5;0;0
Starfall Hammock;Tidewhisper Sandcastle;Woodland, 7, 1, 0;0;5;1;0;3;1;0;7
Starfall Hammock;Tidewhisper Sandcastle;Woodland, 7, 1, 0;0;7;0;0;5;2;0;2
Starfall Hammock;Tidewhisper Sandcastle;Woodland, 7, 1, 0;0;8;0;0;2;2;1;5
Starfall Hammock;Tidewhisper Sandcastle;Woodland, 7, 1, 0;1;7;1;0;3;1;0;4
Starfall Hammock;Tidewhisper Sandcastle;Woodland, 7, 1, 0;2;4;1;0;4;0;0;5
Starfall Hammock;Tidewhisper Sandcastle;Woodland, 7, 1, 0;3;0;0;5;0;0;3;0
Starfall Hammock;Tidewhisper Sandcastle;Woodland, 7, 1, 0;3;0;0;5;0;2;0;2
Starfall Hammock;Tidewhisper Sandcastle;Woodland, 7, 1, 0;6;0;0;1;1;0;6;0
Starfall Hammock;Tidewhisper Sandcastle;Woodland, 7, 1, 0;6;0;1;0;1;0;6;0
Starfall Hammock;Tidewhisper Sandcastle;Woodland, 7, 1, 0;6;0;1;0;1;2;0;5
Starfall Hammock;Tidewhisper Sandcastle;Woodland, 7, 1, 1;0;3;5;0;0;0;0;4
Starfall Hammock;Tidewhisper Sandcastle;Woodland, 7, 1, 1;0;5;0;3;0;0;5;0
Starfall Hammock;Tidewhisper Sandcastle;Woodland, 7, 1, 1;0;7;1;0;3;0;0;5
Starfall Hammock;Tidewhisper Sandcastle;Woodland, 7, 1, 2;0;2;0;5;0;0;3;0
Starfall Hammock;Tidewhisper Sandcastle;Woodland, 7, 1, 2;0;2;0;5;0;1;0;3
Starfall Hammock;Tidewhisper Sandcastle;Woodland, 7, 1, 2;0;6;1;0;1;0;0;8
Starfall Hammock;Tidewhisper Sandcastle;Woodland, 7, 1, 5;0;0;3;0;0;0;1;5
Starfall Hammock;Tidewhisper Sandcastle;Woodland, 7, 1, 6;0;0;1;0;1;6;0;0
Starfall Hammock;Tidewhisper Sandcastle;Woodland, 7, 2, 0;0;8;0;0;4;3;0;2
Starfall Hammock;Tidewhisper Sandcastle;Woodland, 7, 2, 0;0;8;0;2;0;0;6;0
Starfall Hammock;Tidewhisper Sandcastle;Woodland, 7, 2, 0;1;4;0;0;4;0;0;8
Starfall Hammock;Tidewhisper Sandcastle;Woodland, 7, 2, 0;1;7;0;1;3;2;0;3
Starfall Hammock;Tidewhisper Sandcastle;Woodland, 7, 2, 0;6;0;0;2;0;0;6;0
Starfall Hammock;Tidewhisper Sandcastle;Woodland, 7, 2, 0;6;0;0;2;0;2;0;6
Starfall Hammock;Tidewhisper Sandcastle;Woodland, 7, 2, 1;0;3;0;5;0;0;3;0
Starfall Hammock;Tidewhisper Sandcastle;Woodland, 7, 2, 1;0;3;5;0;0;3;0;0
Starfall Hammock;Tidewhisper Sandcastle;Woodland, 7, 2, 1;0;4;1;0;3;2;0;6
Starfall Hammock;Tidewhisper Sandcastle;Woodland, 7, 2, 1;0;6;0;0;5;1;0;3
Starfall Hammock;Tidewhisper Sandcastle;Woodland, 7, 2, 1;0;7;0;0;4;2;0;3
Starfall Hammock;Tidewhisper Sandcastle;Woodland, 7, 2, 1;0;7;1;0;3;1;0;4
Starfall Hammock;Tidewhisper Sandcastle;Woodland, 7, 2, 1;1;6;2;0;0;6;0;0
Starfall Hammock;Tidewhisper Sandcastle;Woodland, 7, 2, 2;0;2;0;0;5;0;0;7
Starfall Hammock;Tidewhisper Sandcastle;Woodland, 7, 2, 2;0;2;1;0;4;0;0;7
Starfall Hammock;Tidewhisper Sandcastle;Woodland, 7, 2, 2;0;5;0;0;3;0;1;7
Starfall Hammock;Tidewhisper Sandcastle;Woodland, 7, 2, 2;0;6;0;0;2;3;0;5
Starfall Hammock;Tidewhisper Sandcastle;Woodland, 7, 2, 2;0;6;0;2;0;0;6;0
Starfall Hammock;Tidewhisper Sandcastle;Woodland, 7, 2, 2;0;6;1;1;0;0;6;0
Starfall Hammock;Tidewhisper Sandcastle;Woodland, 7, 2, 2;0;6;2;0;0;6;0;0
Starfall Hammock;Tidewhisper Sandcastle;Woodland, 7, 2, 2;1;2;2;0;3;0;0;6
Starfall Hammock;Tidewhisper Sandcastle;Woodland, 7, 2, 3;0;4;0;0;3;6;0;0
Starfall Hammock;Tidewhisper Sandcastle;Woodland, 7, 2, 6;0;0;2;0;0;1;0;7
Starfall Hammock;Tidewhisper Sandcastle;Woodland, 7, 2, 6;0;0;2;0;0;2;0;6
Starfall Hammock;Tidewhisper Sandcastle;Woodland, 7, 2, 6;0;0;2;0;0;6;0;0
Starfall Hammock;Tidewhisper Sandcastle;Woodland, 7, 3, 0;0;4;5;0;0;3;0;0
Starfall Hammock;Tidewhisper Sandcastle;Woodland, 7, 3, 0;0;7;0;1;4;1;0;3
Starfall Hammock;Tidewhisper Sandcastle;Woodland, 7, 3, 0;1;3;5;0;0;0;1;3
Starfall Hammock;Tidewhisper Sandcastle;Woodland, 7, 3, 0;1;7;0;0;4;3;0;2
Starfall Hammock;Tidewhisper Sandcastle;Woodland, 7, 3, 0;1;7;1;0;3;2;0;3
Starfall Hammock;Tidewhisper Sandcastle;Woodland, 7, 3, 0;3;0;0;5;0;0;1;3
Starfall Hammock;Tidewhisper Sandcastle;Woodland, 7, 3, 0;6;0;0;0;2;0;0;8
Starfall Hammock;Tidewhisper Sandcastle;Woodland, 7, 3, 0;6;0;0;2;0;1;1;6
Starfall Hammock;Tidewhisper Sandcastle;Woodland, 7, 3, 0;6;0;2;0;0;0;6;0
Starfall Hammock;Tidewhisper Sandcastle;Woodland, 7, 3, 1;0;7;2;0;0;6;0;0
Starfall Hammock;Tidewhisper Sandcastle;Woodland, 7, 3, 1;1;2;0;5;0;0;3;0
Starfall Hammock;Tidewhisper Sandcastle;Woodland, 7, 3, 1;1;6;0;2;0;0;6;0
Starfall Hammock;Tidewhisper Sandcastle;Woodland, 7, 3, 2;0;2;0;5;0;2;0;2
Starfall Hammock;Tidewhisper Sandcastle;Woodland, 7, 3, 2;1;2;0;0;4;0;0;8
Starfall Hammock;Tidewhisper Sandcastle;Woodland, 7, 3, 3;1;3;0;0;3;0;0;8
Starfall Hammock;Tidewhisper Sandcastle;Woodland, 7, 4, 0;0;8;0;0;3;2;0;6
Starfall Hammock;Tidewhisper Sandcastle;Woodland, 7, 4, 0;1;7;0;0;3;1;0;7
Starfall Hammock;Tidewhisper Sandcastle;Woodland, 7, 4, 0;1;7;0;0;3;2;0;6
Starfall Hammock;Tidewhisper Sandcastle;Woodland, 7, 4, 0;1;7;0;2;0;0;0;8
Starfall Hammock;Tidewhisper Sandcastle;Woodland, 7, 4, 0;1;7;2;0;0;1;0;7
Starfall Hammock;Tidewhisper Sandcastle;Woodland, 7, 4, 0;2;6;0;2;0;0;6;0
Starfall Hammock;Tidewhisper Sandcastle;Woodland, 7, 4, 0;6;0;0;2;0;1;0;7
Starfall Hammock;Tidewhisper Sandcastle;Woodland, 7, 4, 1;0;7;0;0;3;0;0;8
Starfall Hammock;Tidewhisper Sandcastle;Woodland, 7, 4, 1;0;7;0;0;3;2;0;6
Starfall Hammock;Tidewhisper Sandcastle;Woodland, 7, 4, 1;1;6;0;0;3;1;1;6
Starfall Hammock;Tidewhisper Sandcastle;Woodland, 7, 4, 1;1;6;0;0;3;6;0;0
Starfall Hammock;Tidewhisper Sandcastle;Woodland, 7, 4, 2;0;6;0;0;3;0;0;8
Starfall Hammock;Tidewhisper Sandcastle;Woodland, 7, 4, 2;0;6;0;0;3;1;0;7
Starfall Hammock;Tidewhisper Sandcastle;Woodland, 7, 4, 3;0;5;0;0;3;0;0;8
Starfall Hammock;Tidewhisper Sandcastle;Woodland, 7, 4, 3;0;5;0;0;3;1;0;7
Starfall Hammock;Tidewhisper Sandcastle;Woodland, 7, 4, 6;0;0;2;0;0;1;1;6
Starfall Hammock;Tidewhisper Sandcastle;Woodland, 7, 4, 6;0;0;2;0;0;1;2;5
Starfall Hammock;Tidewhisper Sandcastle;Woodland, 7, 5, 0;0;8;0;2;0;1;1;6
Starfall Hammock;Tidewhisper Sandcastle;Woodland, 7, 5, 0;0;8;1;0;1;0;0;9
Starfall Hammock;Tidewhisper Sandcastle;Woodland, 7, 5, 0;0;9;0;0;1;0;1;8
Starfall Hammock;Tidewhisper Sandcastle;Woodland, 7, 5, 0;1;7;0;2;0;0;6;0
Starfall Hammock;Tidewhisper Sandcastle;Woodland, 7, 5, 0;6;0;0;2;0;0;0;8
Starfall Hammock;Tidewhisper Sandcastle;Woodland, 7, 5, 1;0;7;0;0;2;0;6;1
Starfall Hammock;Tidewhisper Sandcastle;Woodland, 7, 5, 1;0;7;0;2;0;0;6;0
Starfall Hammock;Tidewhisper Sandcastle;Woodland, 7, 5, 1;0;7;1;0;1;0;0;9
Starfall Hammock;Tidewhisper Sandcastle;Woodland, 7, 5, 1;0;8;0;0;1;0;1;8
Starfall Hammock;Tidewhisper Sandcastle;Woodland, 7, 5, 1;0;8;1;0;0;0;0;9
Starfall Hammock;Tidewhisper Sandcastle;Woodland, 7, 5, 1;0;8;1;0;1;0;0;8
Starfall Hammock;Tidewhisper Sandcastle;Woodland, 7, 5, 2;0;6;1;0;1;2;0;7
Starfall Hammock;Tidewhisper Sandcastle;Woodland, 7, 5, 2;0;6;2;0;0;1;0;7
Starfall Hammock;Tidewhisper Sandcastle;Woodland, 7, 5, 2;1;5;2;0;0;6;0;0
Starfall Hammock;Tidewhisper Sandcastle;Woodland, 7, 5, 6;0;1;0;0;1;1;0;8
Starfall Hammock;Tidewhisper Sandcastle;Woodland, 7, 6, 0;0;9;0;1;0;0;7;0
Starfall Hammock;Tidewhisper Sandcastle;Woodland, 7, 6, 0;0;9;1;0;0;7;0;0
Starfall Hammock;Tidewhisper Sandcastle;Woodland, 7, 6, 0;6;0;0;2;0;2;1;5
Starfall Hammock;Tidewhisper Sandcastle;Woodland, 7, 6, 0;6;1;0;1;0;0;7;0
Starfall Hammock;Tidewhisper Sandcastle;Woodland, 7, 6, 0;7;0;0;0;1;0;7;0
Starfall Hammock;Tidewhisper Sandcastle;Woodland, 7, 6, 0;7;0;0;0;1;2;0;7
Starfall Hammock;Tidewhisper Sandcastle;Woodland, 7, 6, 0;7;0;0;1;0;0;6;1
Starfall Hammock;Tidewhisper Sandcastle;Woodland, 7, 6, 0;7;0;0;1;0;1;0;8
Starfall Hammock;Tidewhisper Sandcastle;Woodland, 7, 6, 0;7;0;0;1;0;1;1;7
Starfall Hammock;Tidewhisper Sandcastle;Woodland, 7, 6, 1;0;8;0;1;0;0;7;0
Starfall Hammock;Tidewhisper Sandcastle;Woodland, 7, 6, 1;0;8;1;0;0;7;0;0
Starfall Hammock;Tidewhisper Sandcastle;Woodland, 7, 6, 1;1;6;0;2;0;1;0;7
Starfall Hammock;Tidewhisper Sandcastle;Woodland, 7, 6, 1;1;7;1;0;0;0;0;9
Starfall Hammock;Tidewhisper Sandcastle;Woodland, 7, 6, 1;1;7;1;0;0;0;7;0
Starfall Hammock;Tidewhisper Sandcastle;Woodland, 7, 6, 2;0;6;2;0;0;2;1;5
Starfall Hammock;Tidewhisper Sandcastle;Woodland, 7, 6, 2;0;7;1;0;0;7;0;0
Starfall Hammock;Tidewhisper Sandcastle;Woodland, 7, 6, 2;1;5;0;0;2;0;0;9
Starfall Hammock;Tidewhisper Sandcastle;Woodland, 7, 6, 3;0;6;1;0;0;2;0;7
Starfall Hammock;Tidewhisper Sandcastle;Woodland, 7, 6, 6;0;1;1;0;0;7;0;0
Starfall Hammock;Tidewhisper Sandcastle;Woodland, 7, 6, 7;0;0;0;0;1;7;0;0
Starfall Hammock;Tidewhisper Sandcastle;Woodland, 7, 6, 7;0;0;1;0;0;0;0;9
Starfall Hammock;Tidewhisper Sandcastle;Woodland, 7, 6, 7;0;0;1;0;0;1;0;8
Starfall Hammock;Tidewhisper Sandcastle;Woodland, 7, 6, 7;0;0;1;0;0;1;1;7
Starfall Hammock;Tidewhisper Sandcastle;Woodland, 7, 6, 7;0;0;1;0;0;6;0;1
Starfall Hammock;Tidewhisper Sandcastle;Woodland, 7, 7, 0;0;8;2;0;0;1;0;7
Starfall Hammock;Tidewhisper Sandcastle;Woodland, 7, 7, 0;7;0;0;1;0;0;7;0
Starfall Hammock;Tidewhisper Sandcastle;Woodland, 7, 7, 0;7;0;0;1;0;2;0;7
Starfall Hammock;Tidewhisper Sandcastle;Woodland, 7, 7, 1;0;8;1;0;0;2;0;7
Starfall Hammock;Tidewhisper Sandcastle;Woodland, 7, 7, 1;0;8;1;0;1;1;0;7
Starfall Hammock;Tidewhisper Sandcastle;Woodland, 7, 7, 1;1;6;0;0;2;0;0;9
Starfall Hammock;Tidewhisper Sandcastle;Woodland, 7, 7, 1;1;6;1;0;1;0;0;9
Starfall Hammock;Tidewhisper Sandcastle;Woodland, 7, 7, 2;0;7;1;0;0;1;0;8
Starfall Hammock;Tidewhisper Sandcastle;Woodland, 7, 7, 2;1;6;0;1;0;0;7;0
Starfall Hammock;Tidewhisper Sandcastle;Woodland, 7, 7, 3;0;5;0;2;0;0;6;0
Starfall Hammock;Tidewhisper Sandcastle;Woodland, 7, 7, 3;0;5;0;2;0;1;1;6
Starfall Hammock;Tidewhisper Sandcastle;Woodland, 7, 7, 7;0;0;0;0;1;1;1;7
Starfall Hammock;Tidewhisper Sandcastle;Woodland, 7, 7, 7;0;0;1;0;0;7;0;0
Starfall Hammock;Tidewhisper Sandcastle;Woodland, 8, 0, 0;0;6;0;0;6;0;0;6
Starfall Hammock;Tidewhisper Sandcastle;Woodland, 8, 0, 0;0;6;0;0;6;0;1;5
Starfall Hammock;Tidewhisper Sandcastle;Woodland, 8, 0, 0;0;6;0;0;6;1;0;5
Starfall Hammock;Tidewhisper Sandcastle;Woodland, 8, 0, 0;3;0;0;5;0;0;0;4
Starfall Hammock;Tidewhisper Sandcastle;Woodland, 8, 0, 0;5;0;1;0;3;1;0;5
Starfall Hammock;Tidewhisper Sandcastle;Woodland, 8, 0, 0;5;0;1;1;2;0;5;0
Starfall Hammock;Tidewhisper Sandcastle;Woodland, 8, 0, 1;0;5;0;0;6;0;0;6
Starfall Hammock;Tidewhisper Sandcastle;Woodland, 8, 0, 1;1;2;0;5;0;2;0;2
Starfall Hammock;Tidewhisper Sandcastle;Woodland, 8, 0, 1;1;2;5;0;0;1;0;3
Starfall Hammock;Tidewhisper Sandcastle;Woodland, 8, 0, 2;0;4;0;0;4;0;5;0
Starfall Hammock;Tidewhisper Sandcastle;Woodland, 8, 0, 2;0;4;0;0;6;0;0;6
Starfall Hammock;Tidewhisper Sandcastle;Woodland, 8, 0, 3;0;3;3;0;0;5;0;0
Starfall Hammock;Tidewhisper Sandcastle;Woodland, 8, 0, 4;0;2;0;0;4;5;0;0
Starfall Hammock;Tidewhisper Sandcastle;Woodland, 8, 0, 5;0;0;3;0;0;3;0;3
Starfall Hammock;Tidewhisper Sandcastle;Woodland, 8, 1, 0;0;6;0;0;4;0;0;8
Starfall Hammock;Tidewhisper Sandcastle;Woodland, 8, 1, 0;0;6;0;0;4;0;1;7
Starfall Hammock;Tidewhisper Sandcastle;Woodland, 8, 1, 0;0;6;0;0;5;0;0;7
Starfall Hammock;Tidewhisper Sandcastle;Woodland, 8, 1, 0;0;7;0;0;4;0;0;7
Starfall Hammock;Tidewhisper Sandcastle;Woodland, 8, 1, 0;0;7;0;0;5;0;0;6
Starfall Hammock;Tidewhisper Sandcastle;Woodland, 8, 1, 0;0;8;0;0;4;0;0;6
Starfall Hammock;Tidewhisper Sandcastle;Woodland, 8, 1, 0;0;8;0;0;4;1;0;5
Starfall Hammock;Tidewhisper Sandcastle;Woodland, 8, 1, 0;0;8;0;1;1;0;0;8
Starfall Hammock;Tidewhisper Sandcastle;Woodland, 8, 1, 0;1;5;0;0;5;0;0;7
Starfall Hammock;Tidewhisper Sandcastle;Woodland, 8, 1, 0;1;6;0;0;5;0;0;6
Starfall Hammock;Tidewhisper Sandcastle;Woodland, 8, 1, 1;0;5;0;0;4;0;0;8
Starfall Hammock;Tidewhisper Sandcastle;Woodland, 8, 1, 1;0;5;0;0;5;0;0;7
Starfall Hammock;Tidewhisper Sandcastle;Woodland, 8, 1, 1;1;4;3;0;0;5;0;0
Starfall Hammock;Tidewhisper Sandcastle;Woodland, 8, 1, 1;1;5;0;0;5;1;0;5
Starfall Hammock;Tidewhisper Sandcastle;Woodland, 8, 1, 2;0;5;1;0;1;0;6;0
Starfall Hammock;Tidewhisper Sandcastle;Woodland, 8, 2, 0;0;6;0;0;5;1;0;6
Starfall Hammock;Tidewhisper Sandcastle;Woodland, 8, 2, 0;0;7;0;0;5;1;0;5
Starfall Hammock;Tidewhisper Sandcastle;Woodland, 8, 2, 0;0;8;0;0;4;2;0;4
Starfall Hammock;Tidewhisper Sandcastle;Woodland, 8, 2, 0;0;8;1;1;0;1;0;7
Starfall Hammock;Tidewhisper Sandcastle;Woodland, 8, 2, 0;6;0;2;0;0;1;1;6
Starfall Hammock;Tidewhisper Sandcastle;Woodland, 8, 2, 1;0;7;1;0;1;0;6;0
Starfall Hammock;Tidewhisper Sandcastle;Woodland, 8, 2, 1;1;2;0;5;0;1;0;3
Starfall Hammock;Tidewhisper Sandcastle;Woodland, 8, 2, 1;1;6;1;0;1;2;0;6
Starfall Hammock;Tidewhisper Sandcastle;Woodland, 8, 2, 1;1;6;1;0;1;6;0;0
Starfall Hammock;Tidewhisper Sandcastle;Woodland, 8, 2, 1;1;6;2;0;0;0;0;8
Starfall Hammock;Tidewhisper Sandcastle;Woodland, 8, 2, 2;0;2;5;0;0;1;1;2
Starfall Hammock;Tidewhisper Sandcastle;Woodland, 8, 2, 2;0;4;0;0;4;0;0;8
Starfall Hammock;Tidewhisper Sandcastle;Woodland, 8, 2, 2;0;6;0;0;2;1;1;6
Starfall Hammock;Tidewhisper Sandcastle;Woodland, 8, 2, 2;0;6;1;0;1;0;1;7
Starfall Hammock;Tidewhisper Sandcastle;Woodland, 8, 2, 3;0;0;5;0;0;2;0;2
Starfall Hammock;Tidewhisper Sandcastle;Woodland, 8, 2, 3;0;5;2;0;0;6;0;0
Starfall Hammock;Tidewhisper Sandcastle;Woodland, 8, 2, 6;0;0;1;0;1;1;0;7
Starfall Hammock;Tidewhisper Sandcastle;Woodland, 8, 3, 1;0;6;0;0;5;0;0;6
Starfall Hammock;Tidewhisper Sandcastle;Woodland, 8, 3, 1;0;7;1;0;1;2;0;6
Starfall Hammock;Tidewhisper Sandcastle;Woodland, 8, 3, 1;1;6;1;0;1;1;0;7
Starfall Hammock;Tidewhisper Sandcastle;Woodland, 8, 3, 1;1;6;1;1;0;2;0;6
Starfall Hammock;Tidewhisper Sandcastle;Woodland, 8, 3, 2;0;2;5;0;0;1;0;3
Starfall Hammock;Tidewhisper Sandcastle;Woodland, 8, 3, 2;0;6;0;0;4;1;1;4
Starfall Hammock;Tidewhisper Sandcastle;Woodland, 8, 3, 2;0;6;1;0;1;6;0;0
Starfall Hammock;Tidewhisper Sandcastle;Woodland, 8, 3, 3;0;0;5;0;0;1;0;3
Starfall Hammock;Tidewhisper Sandcastle;Woodland, 8, 4, 0;0;8;0;2;0;1;0;7
Starfall Hammock;Tidewhisper Sandcastle;Woodland, 8, 4, 0;0;8;2;0;0;6;0;0
Starfall Hammock;Tidewhisper Sandcastle;Woodland, 8, 4, 2;1;5;0;0;3;0;0;8
Starfall Hammock;Tidewhisper Sandcastle;Woodland, 8, 4, 2;1;5;0;0;3;1;0;7
Starfall Hammock;Tidewhisper Sandcastle;Woodland, 8, 4, 6;0;0;2;0;0;0;0;8
Starfall Hammock;Tidewhisper Sandcastle;Woodland, 8, 4, 6;0;0;2;0;0;3;0;5
Starfall Hammock;Tidewhisper Sandcastle;Woodland, 8, 5, 0;0;9;0;0;2;0;0;9
Starfall Hammock;Tidewhisper Sandcastle;Woodland, 8, 5, 1;0;7;0;2;0;2;0;6
Starfall Hammock;Tidewhisper Sandcastle;Woodland, 8, 5, 1;0;8;0;0;2;0;0;9
Starfall Hammock;Tidewhisper Sandcastle;Woodland, 8, 5, 2;0;6;0;0;2;0;6;1
Starfall Hammock;Tidewhisper Sandcastle;Woodland, 8, 5, 2;0;7;0;0;2;0;0;9
Starfall Hammock;Tidewhisper Sandcastle;Woodland, 8, 5, 2;0;7;0;0;2;0;1;8
Starfall Hammock;Tidewhisper Sandcastle;Woodland, 8, 6, 0;0;9;0;0;2;1;0;8
Starfall Hammock;Tidewhisper Sandcastle;Woodland, 8, 6, 0;1;8;0;0;2;0;0;9
Starfall Hammock;Tidewhisper Sandcastle;Woodland, 8, 6, 0;2;7;0;0;2;0;0;9
Starfall Hammock;Tidewhisper Sandcastle;Woodland, 8, 6, 0;7;0;1;0;0;1;0;8
Starfall Hammock;Tidewhisper Sandcastle;Woodland, 8, 6, 1;0;7;2;0;0;1;1;6
Starfall Hammock;Tidewhisper Sandcastle;Woodland, 8, 6, 1;0;8;0;0;1;7;0;0
Starfall Hammock;Tidewhisper Sandcastle;Woodland, 8, 6, 1;0;8;0;0;2;1;0;8
Starfall Hammock;Tidewhisper Sandcastle;Woodland, 8, 6, 1;1;7;0;0;2;1;0;8
Starfall Hammock;Tidewhisper Sandcastle;Woodland, 8, 6, 2;0;7;0;0;2;1;0;8
Starfall Hammock;Tidewhisper Sandcastle;Woodland, 8, 7, 0;0;9;0;0;2;1;1;7
Starfall Hammock;Tidewhisper Sandcastle;Woodland, 8, 7, 0;0;9;0;0;2;2;0;7
Starfall Hammock;Tidewhisper Sandcastle;Woodland, 8, 7, 0;1;8;0;0;2;1;0;8
Starfall Hammock;Tidewhisper Sandcastle;Woodland, 8, 7, 0;2;7;0;0;2;2;0;7
Starfall Hammock;Tidewhisper Sandcastle;Woodland, 8, 7, 1;0;8;0;0;2;2;0;7
Starfall Hammock;Tidewhisper Sandcastle;Woodland, 8, 7, 1;1;6;0;2;0;2;0;6
Starfall Hammock;Tidewhisper Sandcastle;Woodland, 8, 7, 2;0;7;0;1;0;0;7;0
Starfall Hammock;Tidewhisper Sandcastle;Woodland, 8, 7, 7;0;0;1;0;0;2;0;7
Starfall Hammock;Tidewhisper Sandcastle;Woodland, 8, 8, 1;1;7;0;0;2;2;0;7
Starfall Hammock;Tidewhisper Sandcastle;Woodland, 8, 8, 1;2;6;0;0;2;1;0;8
Starfall Hammock;Tidewhisper Sandcastle;Woodland, 8, 8, 2;0;7;0;0;2;2;0;7
Starfall Hammock;Tidewhisper Sandcastle;Woodland, 8, 8, 3;0;6;0;0;1;0;7;0
Starfall Hammock;Tidewhisper Sandcastle;Woodland, 8, 8, 3;0;6;0;1;0;0;7;0
Starfall Hammock;Tidewhisper Sandcastle;Woodland;Farmland, 2, 0, 0;0;0;0;0;0;8;10;0;0;4;0
Starfall Hammock;Tidewhisper Sandcastle;Woodland;Farmland, 2, 0, 0;0;0;0;0;0;10;6;0;0;2;0
Starfall Hammock;Tidewhisper Sandcastle;Woodland;Farmland, 2, 0, 0;0;0;0;0;0;10;6;1;0;0;1
Starfall Hammock;Tidewhisper Sandcastle;Woodland;Farmland, 2, 0, 0;0;0;1;0;5;0;13;0;3;0;1
Starfall Hammock;Tidewhisper Sandcastle;Woodland;Farmland, 2, 0, 0;0;0;1;0;8;0;8;0;0;0;1
Starfall Hammock;Tidewhisper Sandcastle;Woodland;Farmland, 2, 0, 0;0;0;1;8;0;0;8;0;0;0;1
Starfall Hammock;Tidewhisper Sandcastle;Woodland;Farmland, 2, 0, 0;0;0;6;0;0;0;24;0;0;0;6
Starfall Hammock;Tidewhisper Sandcastle;Woodland;Farmland, 2, 0, 0;0;0;6;0;0;0;24;0;0;1;5
Starfall Hammock;Tidewhisper Sandcastle;Woodland;Farmland, 2, 0, 0;0;1;5;0;0;0;24;2;0;0;4
Starfall Hammock;Tidewhisper Sandcastle;Woodland;Farmland, 2, 0, 0;0;2;0;0;0;10;6;0;0;0;0
Starfall Hammock;Tidewhisper Sandcastle;Woodland;Farmland, 2, 0, 0;0;2;4;0;0;0;24;0;0;1;5
Starfall Hammock;Tidewhisper Sandcastle;Woodland;Farmland, 2, 0, 0;0;2;4;0;0;0;24;0;3;0;1
Starfall Hammock;Tidewhisper Sandcastle;Woodland;Farmland, 2, 0, 0;0;2;4;0;0;0;24;1;0;0;5
Starfall Hammock;Tidewhisper Sandcastle;Woodland;Farmland, 2, 0, 0;0;2;4;0;0;0;24;1;0;1;4
Starfall Hammock;Tidewhisper Sandcastle;Woodland;Farmland, 2, 0, 0;0;2;4;0;0;0;24;1;1;0;4
Starfall Hammock;Tidewhisper Sandcastle;Woodland;Farmland, 2, 0, 0;0;2;4;0;0;0;24;3;0;0;1
Starfall Hammock;Tidewhisper Sandcastle;Woodland;Farmland, 2, 0, 0;0;4;0;0;0;0;24;0;0;1;5
Starfall Hammock;Tidewhisper Sandcastle;Woodland;Farmland, 2, 0, 0;0;4;0;0;0;0;24;0;0;4;0
Starfall Hammock;Tidewhisper Sandcastle;Woodland;Farmland, 2, 0, 0;0;4;0;0;0;4;16;0;0;4;0
Starfall Hammock;Tidewhisper Sandcastle;Woodland;Farmland, 2, 0, 0;0;4;0;0;0;8;10;0;0;0;0
Starfall Hammock;Tidewhisper Sandcastle;Woodland;Farmland, 2, 0, 0;1;1;4;0;0;0;24;0;0;0;6
Starfall Hammock;Tidewhisper Sandcastle;Woodland;Farmland, 2, 0, 0;1;1;4;0;0;0;24;0;0;1;5
Starfall Hammock;Tidewhisper Sandcastle;Woodland;Farmland, 2, 0, 0;2;0;1;0;5;0;11;0;3;0;1
Starfall Hammock;Tidewhisper Sandcastle;Woodland;Farmland, 2, 0, 0;3;0;1;0;0;0;24;0;0;1;5
Starfall Hammock;Tidewhisper Sandcastle;Woodland;Farmland, 2, 0, 0;3;0;1;0;0;0;24;0;3;0;1
Starfall Hammock;Tidewhisper Sandcastle;Woodland;Farmland, 2, 0, 0;3;0;1;0;4;0;14;0;3;0;1
Starfall Hammock;Tidewhisper Sandcastle;Woodland;Farmland, 2, 0, 0;3;0;1;0;5;0;11;0;2;0;1
Starfall Hammock;Tidewhisper Sandcastle;Woodland;Farmland, 2, 0, 0;3;0;1;0;5;0;12;0;0;0;2
Starfall Hammock;Tidewhisper Sandcastle;Woodland;Farmland, 2, 0, 0;3;0;1;0;5;0;12;1;0;0;1
Starfall Hammock;Tidewhisper Sandcastle;Woodland;Farmland, 2, 0, 1;0;0;1;5;0;0;12;3;0;0;1
Starfall Hammock;Tidewhisper Sandcastle;Woodland;Farmland, 2, 0, 1;0;1;4;0;0;0;24;0;0;0;6
Starfall Hammock;Tidewhisper Sandcastle;Woodland;Farmland, 2, 0, 1;0;1;4;0;0;0;24;0;0;1;5
Starfall Hammock;Tidewhisper Sandcastle;Woodland;Farmland, 2, 0, 1;0;1;4;0;0;0;24;0;0;2;4
Starfall Hammock;Tidewhisper Sandcastle;Woodland;Farmland, 2, 0, 1;0;1;4;0;0;0;24;0;0;4;0
Starfall Hammock;Tidewhisper Sandcastle;Woodland;Farmland, 2, 0, 1;0;1;4;0;0;0;24;1;0;1;4
Starfall Hammock;Tidewhisper Sandcastle;Woodland;Farmland, 2, 0, 2;0;0;1;0;5;0;11;0;3;0;1
Starfall Hammock;Tidewhisper Sandcastle;Woodland;Farmland, 2, 0, 2;0;0;1;5;0;0;11;3;0;0;1
Starfall Hammock;Tidewhisper Sandcastle;Woodland;Farmland, 2, 0, 2;0;0;4;0;0;0;24;1;0;1;4
Starfall Hammock;Tidewhisper Sandcastle;Woodland;Farmland, 2, 0, 3;0;0;1;0;0;0;24;0;0;1;5
Starfall Hammock;Tidewhisper Sandcastle;Woodland;Farmland, 2, 0, 3;0;0;1;0;0;0;24;3;0;0;1
Starfall Hammock;Tidewhisper Sandcastle;Woodland;Farmland, 2, 0, 3;0;0;1;4;0;0;14;3;0;0;1
Starfall Hammock;Tidewhisper Sandcastle;Woodland;Farmland, 2, 0, 3;0;0;1;5;0;0;11;2;0;0;1
Starfall Hammock;Tidewhisper Sandcastle;Woodland;Farmland, 2, 0, 3;0;0;1;5;0;0;13;0;0;0;1
Starfall Hammock;Tidewhisper Sandcastle;Woodland;Farmland, 2, 1, 0;0;0;0;0;0;5;11;0;0;7;0
Starfall Hammock;Tidewhisper Sandcastle;Woodland;Farmland, 2, 1, 0;0;0;7;0;0;0;20;0;0;0;11
Starfall Hammock;Tidewhisper Sandcastle;Woodland;Farmland, 2, 1, 0;0;0;9;0;0;0;22;0;0;0;7
Starfall Hammock;Tidewhisper Sandcastle;Woodland;Farmland, 2, 1, 0;0;0;9;0;0;0;22;0;0;1;6
Starfall Hammock;Tidewhisper Sandcastle;Woodland;Farmland, 2, 1, 0;0;0;10;0;0;0;19;0;0;0;9
Starfall Hammock;Tidewhisper Sandcastle;Woodland;Farmland, 2, 1, 0;0;0;10;0;0;0;21;0;0;1;6
Starfall Hammock;Tidewhisper Sandcastle;Woodland;Farmland, 2, 1, 0;0;0;11;0;0;0;20;0;0;0;7
Starfall Hammock;Tidewhisper Sandcastle;Woodland;Farmland, 2, 1, 0;0;0;11;0;0;0;20;0;0;1;6
Starfall Hammock;Tidewhisper Sandcastle;Woodland;Farmland, 2, 1, 0;0;1;2;0;3;0;12;0;5;0;2
Starfall Hammock;Tidewhisper Sandcastle;Woodland;Farmland, 2, 1, 0;0;2;0;0;0;6;6;0;0;6;0
Starfall Hammock;Tidewhisper Sandcastle;Woodland;Farmland, 2, 1, 0;0;3;0;0;0;8;7;0;0;1;1
Starfall Hammock;Tidewhisper Sandcastle;Woodland;Farmland, 2, 1, 0;0;4;1;0;0;3;8;0;0;7;0
Starfall Hammock;Tidewhisper Sandcastle;Woodland;Farmland, 2, 1, 0;0;5;1;0;0;3;9;0;0;6;0
Starfall Hammock;Tidewhisper Sandcastle;Woodland;Farmland, 2, 1, 0;0;6;0;0;0;6;6;0;0;2;0
Starfall Hammock;Tidewhisper Sandcastle;Woodland;Farmland, 2, 1, 0;0;7;0;0;0;5;9;0;0;0;2
Starfall Hammock;Tidewhisper Sandcastle;Woodland;Farmland, 2, 1, 0;0;7;0;0;0;5;11;0;0;0;0
Starfall Hammock;Tidewhisper Sandcastle;Woodland;Farmland, 2, 1, 0;1;0;7;0;0;0;18;0;5;0;2
Starfall Hammock;Tidewhisper Sandcastle;Woodland;Farmland, 2, 1, 0;1;0;10;0;0;0;20;0;0;0;7
Starfall Hammock;Tidewhisper Sandcastle;Woodland;Farmland, 2, 1, 0;2;0;1;0;3;0;12;0;5;0;1
Starfall Hammock;Tidewhisper Sandcastle;Woodland;Farmland, 2, 1, 0;4;0;1;0;1;0;16;0;5;0;1
Starfall Hammock;Tidewhisper Sandcastle;Woodland;Farmland, 2, 1, 0;5;0;1;0;1;0;16;0;4;0;1
Starfall Hammock;Tidewhisper Sandcastle;Woodland;Farmland, 2, 1, 0;5;0;1;0;3;0;12;0;2;0;1
Starfall Hammock;Tidewhisper Sandcastle;Woodland;Farmland, 2, 1, 0;5;0;2;0;3;0;12;0;0;1;2
Starfall Hammock;Tidewhisper Sandcastle;Woodland;Farmland, 2, 1, 1;0;0;2;0;0;8;8;0;0;0;3
Starfall Hammock;Tidewhisper Sandcastle;Woodland;Farmland, 2, 1, 1;0;0;2;0;3;0;12;0;5;0;2
Starfall Hammock;Tidewhisper Sandcastle;Woodland;Farmland, 2, 1, 1;0;0;2;3;0;0;12;5;0;0;2
Starfall Hammock;Tidewhisper Sandcastle;Woodland;Farmland, 2, 1, 1;0;0;6;0;0;0;19;0;0;7;0
Starfall Hammock;Tidewhisper Sandcastle;Woodland;Farmland, 2, 1, 1;0;0;6;0;0;0;20;1;0;0;10
Starfall Hammock;Tidewhisper Sandcastle;Woodland;Farmland, 2, 1, 1;0;0;8;0;0;0;22;0;0;1;6
Starfall Hammock;Tidewhisper Sandcastle;Woodland;Farmland, 2, 1, 1;0;1;5;0;0;0;20;0;0;0;11
Starfall Hammock;Tidewhisper Sandcastle;Woodland;Farmland, 2, 1, 1;0;1;5;0;0;0;20;0;1;0;10
Starfall Hammock;Tidewhisper Sandcastle;Woodland;Farmland, 2, 1, 1;0;1;5;0;0;0;22;0;0;0;9
Starfall Hammock;Tidewhisper Sandcastle;Woodland;Farmland, 2, 1, 1;0;1;5;0;0;0;22;0;0;1;8
Starfall Hammock;Tidewhisper Sandcastle;Woodland;Farmland, 2, 1, 1;0;1;9;0;0;0;16;5;0;0;1
Starfall Hammock;Tidewhisper Sandcastle;Woodland;Farmland, 2, 1, 1;0;1;9;0;0;0;20;1;0;0;6
Starfall Hammock;Tidewhisper Sandcastle;Woodland;Farmland, 2, 1, 2;0;0;1;3;0;0;12;5;0;0;1
Starfall Hammock;Tidewhisper Sandcastle;Woodland;Farmland, 2, 1, 2;0;0;5;0;0;0;22;0;0;0;9
Starfall Hammock;Tidewhisper Sandcastle;Woodland;Farmland, 2, 1, 2;0;0;5;0;0;0;22;1;0;0;8
Starfall Hammock;Tidewhisper Sandcastle;Woodland;Farmland, 2, 1, 2;0;0;9;0;0;0;20;0;0;1;6
Starfall Hammock;Tidewhisper Sandcastle;Woodland;Farmland, 2, 1, 4;0;0;1;1;0;0;16;5;0;0;1
Starfall Hammock;Tidewhisper Sandcastle;Woodland;Farmland, 2, 1, 5;0;0;1;0;0;0;16;5;0;0;1
Starfall Hammock;Tidewhisper Sandcastle;Woodland;Farmland, 2, 1, 5;0;0;1;0;0;0;17;1;0;0;9
Starfall Hammock;Tidewhisper Sandcastle;Woodland;Farmland, 2, 1, 5;0;0;1;1;0;0;16;4;0;0;1
Starfall Hammock;Tidewhisper Sandcastle;Woodland;Farmland, 2, 1, 5;0;0;1;3;0;0;12;2;0;0;1
Starfall Hammock;Tidewhisper Sandcastle;Woodland;Farmland, 2, 1, 5;0;0;2;3;0;0;12;0;0;1;2
Starfall Hammock;Tidewhisper Sandcastle;Woodland;Farmland, 2, 2, 0;0;0;2;0;0;8;5;0;0;1;2
Starfall Hammock;Tidewhisper Sandcastle;Woodland;Farmland, 2, 2, 0;0;0;5;0;3;0;8;0;5;0;2
Starfall Hammock;Tidewhisper Sandcastle;Woodland;Farmland, 2, 2, 0;0;0;11;0;0;0;18;0;0;7;0
Starfall Hammock;Tidewhisper Sandcastle;Woodland;Farmland, 2, 2, 0;0;0;11;0;0;0;18;1;1;1;8
Starfall Hammock;Tidewhisper Sandcastle;Woodland;Farmland, 2, 2, 0;0;0;11;0;0;0;18;2;0;1;8
Starfall Hammock;Tidewhisper Sandcastle;Woodland;Farmland, 2, 2, 0;0;1;10;0;0;0;18;0;5;0;2
Starfall Hammock;Tidewhisper Sandcastle;Woodland;Farmland, 2, 2, 0;0;1;10;0;0;0;18;5;0;0;2
Starfall Hammock;Tidewhisper Sandcastle;Woodland;Farmland, 2, 2, 0;0;2;9;0;0;0;18;1;0;1;9
Starfall Hammock;Tidewhisper Sandcastle;Woodland;Farmland, 2, 2, 0;0;3;8;0;0;0;18;0;0;0;11
Starfall Hammock;Tidewhisper Sandcastle;Woodland;Farmland, 2, 2, 0;0;5;2;0;0;0;18;0;0;7;0
Starfall Hammock;Tidewhisper Sandcastle;Woodland;Farmland, 2, 2, 0;0;5;2;0;0;2;10;0;0;7;0
Starfall Hammock;Tidewhisper Sandcastle;Woodland;Farmland, 2, 2, 0;0;7;0;0;0;0;18;0;0;1;10
Starfall Hammock;Tidewhisper Sandcastle;Woodland;Farmland, 2, 2, 0;0;7;0;0;0;0;18;0;0;5;2
Starfall Hammock;Tidewhisper Sandcastle;Woodland;Farmland, 2, 2, 0;0;7;0;0;0;2;10;0;0;5;2
Starfall Hammock;Tidewhisper Sandcastle;Woodland;Farmland, 2, 2, 0;2;1;8;0;0;0;18;1;0;0;10
Starfall Hammock;Tidewhisper Sandcastle;Woodland;Farmland, 2, 2, 0;5;0;1;0;0;0;18;0;5;0;1
Starfall Hammock;Tidewhisper Sandcastle;Woodland;Farmland, 2, 2, 0;5;0;2;0;0;0;18;0;0;1;10
Starfall Hammock;Tidewhisper Sandcastle;Woodland;Farmland, 2, 2, 0;5;0;2;0;0;0;18;0;5;0;0
Starfall Hammock;Tidewhisper Sandcastle;Woodland;Farmland, 2, 2, 0;5;0;2;0;3;0;4;0;4;0;0
Starfall Hammock;Tidewhisper Sandcastle;Woodland;Farmland, 2, 2, 0;5;0;2;0;3;0;8;0;0;0;5
Starfall Hammock;Tidewhisper Sandcastle;Woodland;Farmland, 2, 2, 1;0;0;10;0;0;0;18;0;0;2;9
Starfall Hammock;Tidewhisper Sandcastle;Woodland;Farmland, 2, 2, 1;0;2;8;0;0;0;18;0;0;0;11
Starfall Hammock;Tidewhisper Sandcastle;Woodland;Farmland, 2, 2, 1;0;2;8;0;0;0;18;0;0;1;10
Starfall Hammock;Tidewhisper Sandcastle;Woodland;Farmland, 2, 2, 2;0;0;9;0;0;0;18;0;0;0;11
Starfall Hammock;Tidewhisper Sandcastle;Woodland;Farmland, 2, 2, 5;0;0;0;0;0;0;18;5;0;0;2
Starfall Hammock;Tidewhisper Sandcastle;Woodland;Farmland, 2, 2, 5;0;0;0;3;0;0;4;4;0;0;2
Starfall Hammock;Tidewhisper Sandcastle;Woodland;Farmland, 2, 2, 5;0;0;2;0;0;0;18;0;0;1;10
Starfall Hammock;Tidewhisper Sandcastle;Woodland;Farmland, 2, 2, 5;0;0;2;0;0;0;18;5;0;0;0
Starfall Hammock;Tidewhisper Sandcastle;Woodland;Farmland, 2, 2, 5;0;0;2;3;0;0;8;0;0;0;5
Starfall Hammock;Tidewhisper Sandcastle;Woodland;Farmland, 2, 2, 5;0;0;2;3;0;0;10;1;0;0;2
Starfall Hammock;Tidewhisper Sandcastle;Woodland;Farmland, 3, 0, 0;0;0;0;0;0;8;6;0;0;4;4
Starfall Hammock;Tidewhisper Sandcastle;Woodland;Farmland, 3, 0, 0;0;0;0;0;0;8;7;0;0;4;3
Starfall Hammock;Tidewhisper Sandcastle;Woodland;Farmland, 3, 0, 0;0;0;2;0;8;0;6;0;0;0;2
Starfall Hammock;Tidewhisper Sandcastle;Woodland;Farmland, 3, 0, 0;0;0;2;8;0;0;6;0;0;0;2
Starfall Hammock;Tidewhisper Sandcastle;Woodland;Farmland, 3, 0, 0;0;0;8;0;0;0;20;0;0;0;8
Starfall Hammock;Tidewhisper Sandcastle;Woodland;Farmland, 3, 0, 0;0;0;11;0;0;0;19;1;0;0;5
Starfall Hammock;Tidewhisper Sandcastle;Woodland;Farmland, 3, 0, 0;0;1;0;0;0;10;4;0;0;1;0
Starfall Hammock;Tidewhisper Sandcastle;Woodland;Farmland, 3, 0, 0;0;1;2;0;5;0;8;0;3;0;4
Starfall Hammock;Tidewhisper Sandcastle;Woodland;Farmland, 3, 0, 0;0;2;4;0;0;0;20;0;0;0;10
Starfall Hammock;Tidewhisper Sandcastle;Woodland;Farmland, 3, 0, 0;0;2;5;0;0;0;20;0;0;1;8
Starfall Hammock;Tidewhisper Sandcastle;Woodland;Farmland, 3, 0, 0;0;2;8;0;0;0;20;2;0;0;4
Starfall Hammock;Tidewhisper Sandcastle;Woodland;Farmland, 3, 0, 0;0;4;0;0;0;4;12;0;0;4;4
Starfall Hammock;Tidewhisper Sandcastle;Woodland;Farmland, 3, 0, 0;0;4;1;0;0;4;12;0;0;4;3
Starfall Hammock;Tidewhisper Sandcastle;Woodland;Farmland, 3, 0, 0;0;4;1;0;0;4;13;0;0;4;2
Starfall Hammock;Tidewhisper Sandcastle;Woodland;Farmland, 3, 0, 0;0;4;2;0;0;8;8;0;0;0;0
Starfall Hammock;Tidewhisper Sandcastle;Woodland;Farmland, 3, 0, 0;0;4;3;0;0;8;7;0;0;0;0
Starfall Hammock;Tidewhisper Sandcastle;Woodland;Farmland, 3, 0, 0;0;4;5;0;0;4;11;0;0;4;0
Starfall Hammock;Tidewhisper Sandcastle;Woodland;Farmland, 3, 0, 0;1;1;7;0;0;0;20;2;0;0;5
Starfall Hammock;Tidewhisper Sandcastle;Woodland;Farmland, 3, 0, 0;1;1;9;0;0;0;19;0;0;4;0
Starfall Hammock;Tidewhisper Sandcastle;Woodland;Farmland, 3, 0, 0;2;0;1;0;5;0;7;0;3;0;5
Starfall Hammock;Tidewhisper Sandcastle;Woodland;Farmland, 3, 0, 0;3;0;4;0;0;0;16;1;0;1;9
Starfall Hammock;Tidewhisper Sandcastle;Woodland;Farmland, 3, 0, 0;3;0;4;0;5;0;8;1;0;0;2
Starfall Hammock;Tidewhisper Sandcastle;Woodland;Farmland, 3, 0, 0;3;0;4;0;5;0;9;0;0;0;2
Starfall Hammock;Tidewhisper Sandcastle;Woodland;Farmland, 3, 0, 0;3;0;5;0;5;0;7;0;2;0;1
Starfall Hammock;Tidewhisper Sandcastle;Woodland;Farmland, 3, 0, 1;0;0;1;0;5;0;7;0;3;0;6
Starfall Hammock;Tidewhisper Sandcastle;Woodland;Farmland, 3, 0, 1;0;0;2;5;0;0;6;3;0;0;6
Starfall Hammock;Tidewhisper Sandcastle;Woodland;Farmland, 3, 0, 1;0;1;2;5;0;0;7;3;0;0;4
Starfall Hammock;Tidewhisper Sandcastle;Woodland;Farmland, 3, 0, 1;0;1;4;0;0;0;19;0;0;2;9
Starfall Hammock;Tidewhisper Sandcastle;Woodland;Farmland, 3, 0, 1;0;1;4;0;0;0;20;0;1;1;8
Starfall Hammock;Tidewhisper Sandcastle;Woodland;Farmland, 3, 0, 1;0;1;6;0;0;0;20;2;0;0;6
Starfall Hammock;Tidewhisper Sandcastle;Woodland;Farmland, 3, 0, 1;0;1;9;0;0;0;19;1;0;1;4
Starfall Hammock;Tidewhisper Sandcastle;Woodland;Farmland, 3, 0, 2;0;0;1;5;0;0;7;3;0;0;5
Starfall Hammock;Tidewhisper Sandcastle;Woodland;Farmland, 3, 0, 3;0;0;5;0;0;0;18;0;0;1;7
Starfall Hammock;Tidewhisper Sandcastle;Woodland;Farmland, 3, 0, 3;0;0;5;5;0;0;7;2;0;0;1
Starfall Hammock;Tidewhisper Sandcastle;Woodland;Farmland, 3, 0, 3;0;0;5;5;0;0;8;1;0;0;1
Starfall Hammock;Tidewhisper Sandcastle;Woodland;Farmland, 3, 0, 3;0;0;6;5;0;0;7;1;0;0;1
Starfall Hammock;Tidewhisper Sandcastle;Woodland;Farmland, 3, 1, 0;0;0;2;0;0;5;6;0;0;7;4
Starfall Hammock;Tidewhisper Sandcastle;Woodland;Farmland, 3, 1, 0;0;0;3;0;3;0;8;0;5;0;6
Starfall Hammock;Tidewhisper Sandcastle;Woodland;Farmland, 3, 1, 0;0;0;3;4;0;0;8;4;0;0;6
Starfall Hammock;Tidewhisper Sandcastle;Woodland;Farmland, 3, 1, 0;0;0;4;0;0;5;7;0;0;7;1
Starfall Hammock;Tidewhisper Sandcastle;Woodland;Farmland, 3, 1, 0;0;0;13;0;0;0;18;2;0;0;5
Starfall Hammock;Tidewhisper Sandcastle;Woodland;Farmland, 3, 1, 0;0;1;3;0;0;8;6;0;0;0;4
Starfall Hammock;Tidewhisper Sandcastle;Woodland;Farmland, 3, 1, 0;0;1;15;0;0;0;15;2;0;0;7
Starfall Hammock;Tidewhisper Sandcastle;Woodland;Farmland, 3, 1, 0;0;2;0;0;0;6;5;0;0;6;2
Starfall Hammock;Tidewhisper Sandcastle;Woodland;Farmland, 3, 1, 0;0;2;1;0;0;8;6;0;0;2;1
Starfall Hammock;Tidewhisper Sandcastle;Woodland;Farmland, 3, 1, 0;0;2;5;0;0;0;18;0;0;0;13
Starfall Hammock;Tidewhisper Sandcastle;Woodland;Farmland, 3, 1, 0;0;7;0;0;0;5;7;0;0;2;0
Starfall Hammock;Tidewhisper Sandcastle;Woodland;Farmland, 3, 1, 0;0;7;1;0;0;5;7;0;0;0;4
Starfall Hammock;Tidewhisper Sandcastle;Woodland;Farmland, 3, 1, 0;0;7;2;0;0;0;14;0;0;5;3
Starfall Hammock;Tidewhisper Sandcastle;Woodland;Farmland, 3, 1, 0;0;7;2;0;0;5;6;0;0;0;4
Starfall Hammock;Tidewhisper Sandcastle;Woodland;Farmland, 3, 1, 0;2;0;1;0;3;0;8;0;5;0;5
Starfall Hammock;Tidewhisper Sandcastle;Woodland;Farmland, 3, 1, 0;5;0;4;0;3;0;8;0;2;0;2
Starfall Hammock;Tidewhisper Sandcastle;Woodland;Farmland, 3, 1, 0;5;0;5;0;3;0;8;0;0;1;3
Starfall Hammock;Tidewhisper Sandcastle;Woodland;Farmland, 3, 1, 0;5;0;5;0;3;0;8;1;0;0;3
Starfall Hammock;Tidewhisper Sandcastle;Woodland;Farmland, 3, 1, 1;0;0;2;3;0;0;9;5;0;0;5
Starfall Hammock;Tidewhisper Sandcastle;Woodland;Farmland, 3, 1, 1;0;1;5;0;0;0;18;2;0;0;11
Starfall Hammock;Tidewhisper Sandcastle;Woodland;Farmland, 3, 1, 1;0;1;9;0;0;0;18;1;0;2;6
Starfall Hammock;Tidewhisper Sandcastle;Woodland;Farmland, 3, 1, 1;0;1;11;0;0;0;18;0;0;2;5
Starfall Hammock;Tidewhisper Sandcastle;Woodland;Farmland, 3, 1, 2;0;0;1;3;0;0;8;5;0;0;5
Starfall Hammock;Tidewhisper Sandcastle;Woodland;Farmland, 3, 1, 2;0;0;7;0;0;0;15;1;0;1;14
Starfall Hammock;Tidewhisper Sandcastle;Woodland;Farmland, 3, 1, 5;0;0;5;3;0;0;9;0;0;0;3
Starfall Hammock;Tidewhisper Sandcastle;Woodland;Farmland, 3, 1, 5;0;0;6;3;0;0;8;0;0;0;3
Starfall Hammock;Tidewhisper Sandcastle;Woodland;Farmland, 3, 2, 0;0;1;3;0;0;8;4;0;0;1;3
Starfall Hammock;Tidewhisper Sandcastle;Woodland;Farmland, 3, 2, 0;0;1;12;0;0;0;14;0;0;7;4
Starfall Hammock;Tidewhisper Sandcastle;Woodland;Farmland, 3, 2, 0;0;2;2;0;0;8;2;0;0;2;1
Starfall Hammock;Tidewhisper Sandcastle;Woodland;Farmland, 3, 2, 0;0;5;6;0;0;2;8;0;0;7;0
Starfall Hammock;Tidewhisper Sandcastle;Woodland;Farmland, 3, 2, 0;0;7;0;0;0;2;7;0;0;5;7
Starfall Hammock;Tidewhisper Sandcastle;Woodland;Farmland, 3, 2, 0;0;7;3;0;0;0;12;0;0;5;7
Starfall Hammock;Tidewhisper Sandcastle;Woodland;Farmland, 3, 2, 0;0;7;3;0;0;0;14;0;0;0;14
Starfall Hammock;Tidewhisper Sandcastle;Woodland;Farmland, 3, 2, 0;0;7;3;0;0;5;4;0;0;0;4
Starfall Hammock;Tidewhisper Sandcastle;Woodland;Farmland, 3, 2, 0;2;1;9;0;0;0;14;0;0;0;16
Starfall Hammock;Tidewhisper Sandcastle;Woodland;Farmland, 3, 2, 0;4;0;2;0;3;0;4;0;5;0;1
Starfall Hammock;Tidewhisper Sandcastle;Woodland;Farmland, 3, 2, 0;5;0;3;0;0;0;16;0;5;0;3
Starfall Hammock;Tidewhisper Sandcastle;Woodland;Farmland, 3, 2, 0;5;0;4;0;0;0;14;0;0;0;15
Starfall Hammock;Tidewhisper Sandcastle;Woodland;Farmland, 3, 2, 0;5;0;4;0;3;0;3;0;4;0;0
Starfall Hammock;Tidewhisper Sandcastle;Woodland;Farmland, 3, 2, 1;0;0;3;0;3;0;7;0;5;0;6
Starfall Hammock;Tidewhisper Sandcastle;Woodland;Farmland, 3, 2, 1;1;1;9;0;0;0;14;0;0;0;16
Starfall Hammock;Tidewhisper Sandcastle;Woodland;Farmland, 3, 2, 1;1;1;9;0;0;0;16;0;0;0;14
Starfall Hammock;Tidewhisper Sandcastle;Woodland;Farmland, 3, 2, 1;1;1;12;0;0;0;11;0;0;0;16
Starfall Hammock;Tidewhisper Sandcastle;Woodland;Farmland, 3, 2, 2;0;0;14;0;0;0;10;0;1;1;14
Starfall Hammock;Tidewhisper Sandcastle;Woodland;Farmland, 3, 2, 3;0;0;13;0;0;0;14;0;0;0;12
Starfall Hammock;Tidewhisper Sandcastle;Woodland;Farmland, 3, 2, 5;0;0;3;3;0;0;3;4;0;0;1
Starfall Hammock;Tidewhisper Sandcastle;Woodland;Farmland, 3, 2, 5;0;0;4;3;0;0;9;1;0;0;3
Starfall Hammock;Tidewhisper Sandcastle;Woodland;Farmland, 3, 3, 0;0;0;17;0;0;0;14;2;0;1;9
Starfall Hammock;Tidewhisper Sandcastle;Woodland;Farmland, 3, 3, 0;0;0;20;0;0;0;11;0;0;3;11
Starfall Hammock;Tidewhisper Sandcastle;Woodland;Farmland, 3, 3, 0;0;1;0;0;0;5;5;0;0;7;5
Starfall Hammock;Tidewhisper Sandcastle;Woodland;Farmland, 3, 3, 0;0;1;3;0;3;0;7;0;5;0;7
Starfall Hammock;Tidewhisper Sandcastle;Woodland;Farmland, 3, 3, 0;0;1;4;3;0;0;5;5;0;0;8
Starfall Hammock;Tidewhisper Sandcastle;Woodland;Farmland, 3, 3, 0;0;1;15;0;0;0;11;0;0;7;7
Starfall Hammock;Tidewhisper Sandcastle;Woodland;Farmland, 3, 3, 0;0;2;0;0;0;5;5;0;0;7;4
Starfall Hammock;Tidewhisper Sandcastle;Woodland;Farmland, 3, 3, 0;0;2;0;0;0;5;6;0;0;7;3
Starfall Hammock;Tidewhisper Sandcastle;Woodland;Farmland, 3, 3, 0;0;7;3;0;0;2;9;0;0;5;5
Starfall Hammock;Tidewhisper Sandcastle;Woodland;Farmland, 3, 3, 0;0;7;3;0;0;5;6;0;0;2;0
Starfall Hammock;Tidewhisper Sandcastle;Woodland;Farmland, 3, 3, 0;0;7;4;0;0;5;6;0;0;1;0
Starfall Hammock;Tidewhisper Sandcastle;Woodland;Farmland, 3, 3, 0;0;7;5;0;0;5;6;0;0;0;0
Starfall Hammock;Tidewhisper Sandcastle;Woodland;Farmland, 3, 3, 0;5;0;6;0;0;0;10;0;0;1;19
Starfall Hammock;Tidewhisper Sandcastle;Woodland;Farmland, 3, 3, 1;0;0;2;0;0;8;2;1;0;1;1
Starfall Hammock;Tidewhisper Sandcastle;Woodland;Farmland, 3, 3, 1;0;0;3;0;3;0;6;0;5;0;8
Starfall Hammock;Tidewhisper Sandcastle;Woodland;Farmland, 3, 3, 1;0;0;13;0;0;0;14;1;0;2;12
Starfall Hammock;Tidewhisper Sandcastle;Woodland;Farmland, 3, 3, 1;0;1;12;0;0;0;11;1;0;1;18
Starfall Hammock;Tidewhisper Sandcastle;Woodland;Farmland, 3, 3, 1;0;1;15;0;0;0;14;0;1;0;11
Starfall Hammock;Tidewhisper Sandcastle;Woodland;Farmland, 3, 3, 1;1;1;11;0;0;0;11;0;0;1;19
Starfall Hammock;Tidewhisper Sandcastle;Woodland;Farmland, 3, 3, 1;1;1;17;0;0;0;11;0;0;1;13
Starfall Hammock;Tidewhisper Sandcastle;Woodland;Farmland, 3, 3, 1;2;0;16;0;0;0;12;0;0;1;13
Starfall Hammock;Tidewhisper Sandcastle;Woodland;Farmland, 3, 3, 2;0;0;10;0;0;0;14;0;0;1;16
Starfall Hammock;Tidewhisper Sandcastle;Woodland;Farmland, 3, 3, 2;0;1;11;0;0;0;11;0;0;0;20
Starfall Hammock;Tidewhisper Sandcastle;Woodland;Farmland, 3, 3, 2;0;1;11;0;0;0;12;0;0;0;19
Starfall Hammock;Tidewhisper Sandcastle;Woodland;Farmland, 3, 3, 2;1;0;9;0;0;0;14;0;0;0;17
Starfall Hammock;Tidewhisper Sandcastle;Woodland;Farmland, 3, 3, 2;1;0;13;0;0;0;9;0;0;0;20
Starfall Hammock;Tidewhisper Sandcastle;Woodland;Farmland, 3, 3, 5;0;0;7;3;0;0;7;1;0;0;3
Starfall Hammock;Tidewhisper Sandcastle;Woodland;Farmland, 4, 0, 0;0;0;12;0;0;0;18;0;0;0;12
Starfall Hammock;Tidewhisper Sandcastle;Woodland;Farmland, 4, 0, 0;0;0;12;0;0;0;18;0;0;1;11
Starfall Hammock;Tidewhisper Sandcastle;Woodland;Farmland, 4, 0, 0;0;0;12;0;0;0;18;1;0;1;10
Starfall Hammock;Tidewhisper Sandcastle;Woodland;Farmland, 4, 0, 0;0;1;11;0;0;0;18;1;0;0;11
Starfall Hammock;Tidewhisper Sandcastle;Woodland;Farmland, 4, 0, 0;0;2;10;0;0;0;18;0;0;0;12
Starfall Hammock;Tidewhisper Sandcastle;Woodland;Farmland, 4, 0, 0;0;2;10;0;0;0;18;0;0;2;10
Starfall Hammock;Tidewhisper Sandcastle;Woodland;Farmland, 4, 0, 0;0;2;10;0;0;0;18;0;3;0;7
Starfall Hammock;Tidewhisper Sandcastle;Woodland;Farmland, 4, 0, 0;0;2;10;0;0;0;18;1;0;0;11
Starfall Hammock;Tidewhisper Sandcastle;Woodland;Farmland, 4, 0, 0;0;2;10;0;0;0;18;3;0;0;7
Starfall Hammock;Tidewhisper Sandcastle;Woodland;Farmland, 4, 0, 0;0;4;4;0;0;6;10;0;0;2;8
Starfall Hammock;Tidewhisper Sandcastle;Woodland;Farmland, 4, 0, 0;0;4;4;0;0;6;10;0;0;4;4
Starfall Hammock;Tidewhisper Sandcastle;Woodland;Farmland, 4, 0, 0;0;4;4;0;0;6;10;1;0;1;8
Starfall Hammock;Tidewhisper Sandcastle;Woodland;Farmland, 4, 0, 0;0;4;6;0;0;0;18;0;0;1;11
Starfall Hammock;Tidewhisper Sandcastle;Woodland;Farmland, 4, 0, 0;0;4;6;0;0;0;18;0;0;4;6
Starfall Hammock;Tidewhisper Sandcastle;Woodland;Farmland, 4, 0, 0;1;1;8;4;0;0;11;1;0;0;10
Starfall Hammock;Tidewhisper Sandcastle;Woodland;Farmland, 4, 0, 0;1;1;9;0;4;0;10;0;3;0;6
Starfall Hammock;Tidewhisper Sandcastle;Woodland;Farmland, 4, 0, 0;1;1;10;0;0;0;18;0;0;1;11
Starfall Hammock;Tidewhisper Sandcastle;Woodland;Farmland, 4, 0, 0;3;0;5;0;4;0;10;1;0;0;11
Starfall Hammock;Tidewhisper Sandcastle;Woodland;Farmland, 4, 0, 0;3;0;5;0;4;0;11;0;3;0;6
Starfall Hammock;Tidewhisper Sandcastle;Woodland;Farmland, 4, 0, 0;3;0;5;0;4;0;12;0;3;0;5
Starfall Hammock;Tidewhisper Sandcastle;Woodland;Farmland, 4, 0, 0;3;0;6;0;4;0;11;0;3;0;5
Starfall Hammock;Tidewhisper Sandcastle;Woodland;Farmland, 4, 0, 0;3;0;7;0;0;0;18;0;3;0;7
Starfall Hammock;Tidewhisper Sandcastle;Woodland;Farmland, 4, 0, 0;3;0;7;0;0;0;18;1;0;0;11
Starfall Hammock;Tidewhisper Sandcastle;Woodland;Farmland, 4, 0, 1;0;0;11;0;0;0;18;0;1;0;11
Starfall Hammock;Tidewhisper Sandcastle;Woodland;Farmland, 4, 0, 1;0;1;8;0;0;6;10;0;0;2;8
Starfall Hammock;Tidewhisper Sandcastle;Woodland;Farmland, 4, 0, 1;0;1;8;0;0;6;10;0;0;4;4
Starfall Hammock;Tidewhisper Sandcastle;Woodland;Farmland, 4, 0, 1;0;1;8;4;0;0;12;3;0;0;5
Starfall Hammock;Tidewhisper Sandcastle;Woodland;Farmland, 4, 0, 1;0;1;10;0;0;0;18;0;0;0;12
Starfall Hammock;Tidewhisper Sandcastle;Woodland;Farmland, 4, 0, 1;0;1;10;0;0;0;18;0;0;4;6
Starfall Hammock;Tidewhisper Sandcastle;Woodland;Farmland, 4, 0, 1;0;1;10;0;0;0;18;1;0;0;11
Starfall Hammock;Tidewhisper Sandcastle;Woodland;Farmland, 4, 0, 1;0;1;10;0;0;0;18;1;0;1;10
Starfall Hammock;Tidewhisper Sandcastle;Woodland;Farmland, 4, 0, 1;1;0;8;0;4;0;10;0;3;0;7
Starfall Hammock;Tidewhisper Sandcastle;Woodland;Farmland, 4, 0, 1;1;0;9;0;4;0;10;0;3;0;6
Starfall Hammock;Tidewhisper Sandcastle;Woodland;Farmland, 4, 0, 1;1;0;9;4;0;0;10;3;0;0;6
Starfall Hammock;Tidewhisper Sandcastle;Woodland;Farmland, 4, 0, 1;1;0;10;0;0;0;18;1;0;1;10
Starfall Hammock;Tidewhisper Sandcastle;Woodland;Farmland, 4, 0, 2;0;0;10;0;0;0;18;1;0;1;10
Starfall Hammock;Tidewhisper Sandcastle;Woodland;Farmland, 4, 0, 3;0;0;5;4;0;0;11;2;0;0;9
Starfall Hammock;Tidewhisper Sandcastle;Woodland;Farmland, 4, 0, 3;0;0;5;4;0;0;11;3;0;0;6
Starfall Hammock;Tidewhisper Sandcastle;Woodland;Farmland, 4, 0, 3;0;0;5;4;0;0;12;3;0;0;5
Starfall Hammock;Tidewhisper Sandcastle;Woodland;Farmland, 4, 0, 3;0;0;6;4;0;0;10;0;0;2;9
Starfall Hammock;Tidewhisper Sandcastle;Woodland;Farmland, 4, 0, 3;0;0;6;4;0;0;11;3;0;0;5
Starfall Hammock;Tidewhisper Sandcastle;Woodland;Farmland, 4, 0, 3;0;0;7;0;0;0;18;1;0;0;11
Starfall Hammock;Tidewhisper Sandcastle;Woodland;Farmland, 4, 0, 3;0;0;7;0;0;0;18;3;0;0;7
Starfall Hammock;Tidewhisper Sandcastle;Woodland;Farmland, 4, 1, 0;0;0;10;0;0;4;7;0;0;7;4
Starfall Hammock;Tidewhisper Sandcastle;Woodland;Farmland, 4, 1, 0;0;0;14;0;0;0;17;0;0;0;13
Starfall Hammock;Tidewhisper Sandcastle;Woodland;Farmland, 4, 1, 0;0;0;14;0;0;0;17;0;0;1;12
Starfall Hammock;Tidewhisper Sandcastle;Woodland;Farmland, 4, 1, 0;0;1;7;0;0;6;8;0;0;5;3
Starfall Hammock;Tidewhisper Sandcastle;Woodland;Farmland, 4, 1, 0;0;1;9;0;0;4;7;0;0;7;4
Starfall Hammock;Tidewhisper Sandcastle;Woodland;Farmland, 4, 1, 0;0;2;9;4;0;0;9;0;0;0;11
Starfall Hammock;Tidewhisper Sandcastle;Woodland;Farmland, 4, 1, 0;0;2;10;0;0;0;15;0;5;0;7
Starfall Hammock;Tidewhisper Sandcastle;Woodland;Farmland, 4, 1, 0;0;2;11;0;0;0;17;0;0;2;12
Starfall Hammock;Tidewhisper Sandcastle;Woodland;Farmland, 4, 1, 0;0;5;2;0;0;5;8;0;0;6;2
Starfall Hammock;Tidewhisper Sandcastle;Woodland;Farmland, 4, 1, 0;0;5;2;0;0;6;7;0;0;5;2
Starfall Hammock;Tidewhisper Sandcastle;Woodland;Farmland, 4, 1, 0;0;5;3;0;0;6;8;0;0;1;7
Starfall Hammock;Tidewhisper Sandcastle;Woodland;Farmland, 4, 1, 0;0;6;2;0;0;3;6;0;0;7;4
Starfall Hammock;Tidewhisper Sandcastle;Woodland;Farmland, 4, 1, 0;0;6;2;0;0;4;6;0;0;6;4
Starfall Hammock;Tidewhisper Sandcastle;Woodland;Farmland, 4, 1, 0;0;7;2;0;0;3;8;0;0;6;2
Starfall Hammock;Tidewhisper Sandcastle;Woodland;Farmland, 4, 1, 0;0;7;2;0;0;4;6;0;0;5;4
Starfall Hammock;Tidewhisper Sandcastle;Woodland;Farmland, 4, 1, 0;0;7;4;0;0;4;7;1;0;1;8
Starfall Hammock;Tidewhisper Sandcastle;Woodland;Farmland, 4, 1, 0;0;7;5;0;0;0;12;1;0;0;14
Starfall Hammock;Tidewhisper Sandcastle;Woodland;Farmland, 4, 1, 0;4;0;6;0;1;0;12;0;5;0;6
Starfall Hammock;Tidewhisper Sandcastle;Woodland;Farmland, 4, 1, 0;4;0;6;0;2;0;13;0;4;0;5
Starfall Hammock;Tidewhisper Sandcastle;Woodland;Farmland, 4, 1, 0;5;0;5;0;2;0;11;1;0;1;10
Starfall Hammock;Tidewhisper Sandcastle;Woodland;Farmland, 4, 1, 0;5;0;6;0;1;0;12;0;4;0;6
Starfall Hammock;Tidewhisper Sandcastle;Woodland;Farmland, 4, 1, 0;5;0;6;0;2;0;11;1;0;0;10
Starfall Hammock;Tidewhisper Sandcastle;Woodland;Farmland, 4, 1, 1;0;0;9;0;2;0;11;0;5;0;7
Starfall Hammock;Tidewhisper Sandcastle;Woodland;Farmland, 4, 1, 1;0;1;9;0;2;0;11;0;5;0;6
Starfall Hammock;Tidewhisper Sandcastle;Woodland;Farmland, 4, 1, 1;0;1;10;2;0;0;11;5;0;0;5
Starfall Hammock;Tidewhisper Sandcastle;Woodland;Farmland, 4, 1, 1;0;1;11;0;0;0;14;0;0;7;5
Starfall Hammock;Tidewhisper Sandcastle;Woodland;Farmland, 4, 1, 1;0;1;11;0;0;0;17;0;0;0;14
Starfall Hammock;Tidewhisper Sandcastle;Woodland;Farmland, 4, 1, 1;0;1;11;0;0;0;17;0;0;1;13
Starfall Hammock;Tidewhisper Sandcastle;Woodland;Farmland, 4, 1, 1;0;1;12;0;0;0;17;0;0;2;11
Starfall Hammock;Tidewhisper Sandcastle;Woodland;Farmland, 4, 1, 5;0;0;6;2;0;0;11;3;0;0;6
Starfall Hammock;Tidewhisper Sandcastle;Woodland;Farmland, 4, 1, 5;0;0;7;0;0;0;13;0;1;0;13
Starfall Hammock;Tidewhisper Sandcastle;Woodland;Farmland, 4, 2, 0;0;0;16;0;0;0;13;0;0;3;13
Starfall Hammock;Tidewhisper Sandcastle;Woodland;Farmland, 4, 2, 0;0;1;7;0;3;0;7;0;5;0;6
Starfall Hammock;Tidewhisper Sandcastle;Woodland;Farmland, 4, 2, 0;0;1;7;3;0;0;7;5;0;0;6
Starfall Hammock;Tidewhisper Sandcastle;Woodland;Farmland, 4, 2, 0;0;1;11;0;3;0;3;0;5;0;6
Starfall Hammock;Tidewhisper Sandcastle;Woodland;Farmland, 4, 2, 0;0;1;15;0;0;0;13;0;5;0;7
Starfall Hammock;Tidewhisper Sandcastle;Woodland;Farmland, 4, 2, 0;0;1;15;0;0;0;13;2;0;1;13
Starfall Hammock;Tidewhisper Sandcastle;Woodland;Farmland, 4, 2, 0;0;2;14;0;0;0;13;5;0;0;7
Starfall Hammock;Tidewhisper Sandcastle;Woodland;Farmland, 4, 2, 0;0;3;13;0;0;0;13;0;0;3;13
Starfall Hammock;Tidewhisper Sandcastle;Woodland;Farmland, 4, 2, 0;0;3;13;0;0;0;13;0;0;7;5
Starfall Hammock;Tidewhisper Sandcastle;Woodland;Farmland, 4, 2, 0;0;5;3;0;0;6;4;1;0;0;7
Starfall Hammock;Tidewhisper Sandcastle;Woodland;Farmland, 4, 2, 0;0;7;3;0;0;4;4;0;0;5;4
Starfall Hammock;Tidewhisper Sandcastle;Woodland;Farmland, 4, 2, 0;0;7;4;0;0;4;5;0;0;0;10
Starfall Hammock;Tidewhisper Sandcastle;Woodland;Farmland, 4, 2, 0;0;7;4;0;0;4;5;0;0;1;9
Starfall Hammock;Tidewhisper Sandcastle;Woodland;Farmland, 4, 2, 0;0;7;5;0;0;0;13;0;0;2;14
Starfall Hammock;Tidewhisper Sandcastle;Woodland;Farmland, 4, 2, 0;0;7;5;0;0;0;13;0;0;7;5
Starfall Hammock;Tidewhisper Sandcastle;Woodland;Farmland, 4, 2, 0;4;0;6;0;4;0;0;0;4;0;6
Starfall Hammock;Tidewhisper Sandcastle;Woodland;Farmland, 4, 2, 0;5;0;6;0;3;0;6;0;0;2;7
Starfall Hammock;Tidewhisper Sandcastle;Woodland;Farmland, 4, 2, 0;5;0;6;0;3;0;7;1;0;0;7
Starfall Hammock;Tidewhisper Sandcastle;Woodland;Farmland, 4, 2, 0;5;0;7;0;0;0;13;0;0;1;15
Starfall Hammock;Tidewhisper Sandcastle;Woodland;Farmland, 4, 2, 1;0;0;15;0;0;0;13;1;0;2;13
Starfall Hammock;Tidewhisper Sandcastle;Woodland;Farmland, 4, 2, 1;0;1;6;0;0;4;7;0;0;7;4
Starfall Hammock;Tidewhisper Sandcastle;Woodland;Farmland, 4, 2, 1;0;1;7;3;0;0;6;5;0;0;6
Starfall Hammock;Tidewhisper Sandcastle;Woodland;Farmland, 4, 2, 1;0;1;10;0;4;0;2;0;4;0;5
Starfall Hammock;Tidewhisper Sandcastle;Woodland;Farmland, 4, 2, 1;0;1;14;0;0;0;13;0;0;3;13
Starfall Hammock;Tidewhisper Sandcastle;Woodland;Farmland, 4, 2, 1;0;1;14;0;0;0;13;1;0;2;13
Starfall Hammock;Tidewhisper Sandcastle;Woodland;Farmland, 4, 2, 1;0;2;13;0;0;0;13;1;0;2;13
Starfall Hammock;Tidewhisper Sandcastle;Woodland;Farmland, 4, 2, 1;1;1;13;0;0;0;13;0;0;2;14
Starfall Hammock;Tidewhisper Sandcastle;Woodland;Farmland, 4, 2, 2;0;0;6;0;0;4;7;0;0;7;4
Starfall Hammock;Tidewhisper Sandcastle;Woodland;Farmland, 4, 2, 2;0;0;6;0;0;6;4;0;0;5;3
Starfall Hammock;Tidewhisper Sandcastle;Woodland;Farmland, 4, 2, 2;0;0;7;0;0;6;5;1;0;1;7
Starfall Hammock;Tidewhisper Sandcastle;Woodland;Farmland, 4, 2, 2;0;1;13;0;0;0;13;0;0;0;16
Starfall Hammock;Tidewhisper Sandcastle;Woodland;Farmland, 4, 2, 2;0;1;13;0;0;0;13;1;0;1;14
Starfall Hammock;Tidewhisper Sandcastle;Woodland;Farmland, 4, 2, 4;0;0;5;4;0;0;5;0;0;1;8
Starfall Hammock;Tidewhisper Sandcastle;Woodland;Farmland, 4, 2, 4;0;0;6;4;0;0;0;4;0;0;6
Starfall Hammock;Tidewhisper Sandcastle;Woodland;Farmland, 4, 2, 5;0;0;6;3;0;0;4;0;0;2;9
Starfall Hammock;Tidewhisper Sandcastle;Woodland;Farmland, 4, 2, 5;0;0;7;0;0;0;13;0;0;1;15
Starfall Hammock;Tidewhisper Sandcastle;Woodland;Farmland, 4, 3, 0;0;0;18;0;0;0;12;0;1;1;16
Starfall Hammock;Tidewhisper Sandcastle;Woodland;Farmland, 4, 3, 0;0;0;19;0;0;0;11;0;1;1;16
Starfall Hammock;Tidewhisper Sandcastle;Woodland;Farmland, 4, 3, 0;0;1;7;0;0;4;5;0;0;7;7
Starfall Hammock;Tidewhisper Sandcastle;Woodland;Farmland, 4, 3, 0;0;2;6;0;0;4;6;0;0;7;6
Starfall Hammock;Tidewhisper Sandcastle;Woodland;Farmland, 4, 3, 0;0;2;7;0;4;0;4;0;4;0;6
Starfall Hammock;Tidewhisper Sandcastle;Woodland;Farmland, 4, 3, 0;0;2;9;4;0;0;5;1;0;1;8
Starfall Hammock;Tidewhisper Sandcastle;Woodland;Farmland, 4, 3, 0;0;2;16;0;0;0;10;0;0;3;17
Starfall Hammock;Tidewhisper Sandcastle;Woodland;Farmland, 4, 3, 0;0;2;16;0;0;0;12;1;0;2;15
Starfall Hammock;Tidewhisper Sandcastle;Woodland;Farmland, 4, 3, 0;0;5;2;0;0;4;6;0;0;7;5
Starfall Hammock;Tidewhisper Sandcastle;Woodland;Farmland, 4, 3, 0;0;5;2;0;0;6;4;1;0;1;7
Starfall Hammock;Tidewhisper Sandcastle;Woodland;Farmland, 4, 3, 0;0;7;4;0;0;2;8;0;0;7;6
Starfall Hammock;Tidewhisper Sandcastle;Woodland;Farmland, 4, 3, 0;0;7;4;0;0;4;7;0;0;5;2
Starfall Hammock;Tidewhisper Sandcastle;Woodland;Farmland, 4, 3, 0;0;7;5;0;0;2;9;0;0;7;4
Starfall Hammock;Tidewhisper Sandcastle;Woodland;Farmland, 4, 3, 0;0;7;5;0;0;4;6;1;0;1;7
Starfall Hammock;Tidewhisper Sandcastle;Woodland;Farmland, 4, 3, 0;0;7;6;0;0;4;6;0;0;1;7
Starfall Hammock;Tidewhisper Sandcastle;Woodland;Farmland, 4, 3, 0;0;7;7;0;0;0;10;0;0;7;9
Starfall Hammock;Tidewhisper Sandcastle;Woodland;Farmland, 4, 3, 0;0;7;8;0;0;0;9;0;0;7;9
Starfall Hammock;Tidewhisper Sandcastle;Woodland;Farmland, 4, 3, 0;0;7;8;0;0;0;9;1;0;1;18
Starfall Hammock;Tidewhisper Sandcastle;Woodland;Farmland, 4, 3, 0;0;7;8;0;0;0;10;0;0;7;8
Starfall Hammock;Tidewhisper Sandcastle;Woodland;Farmland, 4, 3, 0;0;7;8;0;0;2;6;0;0;7;4
Starfall Hammock;Tidewhisper Sandcastle;Woodland;Farmland, 4, 3, 0;4;0;5;0;3;0;3;0;5;0;7
Starfall Hammock;Tidewhisper Sandcastle;Woodland;Farmland, 4, 3, 0;4;0;6;0;4;0;4;0;0;1;8
Starfall Hammock;Tidewhisper Sandcastle;Woodland;Farmland, 4, 3, 0;5;0;8;0;3;0;4;0;0;2;8
Starfall Hammock;Tidewhisper Sandcastle;Woodland;Farmland, 4, 3, 0;5;0;11;0;0;0;10;0;0;2;16
Starfall Hammock;Tidewhisper Sandcastle;Woodland;Farmland, 4, 3, 1;0;1;8;0;3;0;4;0;5;0;8
Starfall Hammock;Tidewhisper Sandcastle;Woodland;Farmland, 4, 3, 1;0;1;8;3;0;0;5;5;0;0;7
Starfall Hammock;Tidewhisper Sandcastle;Woodland;Farmland, 4, 3, 1;0;2;6;0;0;6;4;0;0;5;2
Starfall Hammock;Tidewhisper Sandcastle;Woodland;Farmland, 4, 3, 1;0;2;15;0;0;0;12;0;0;1;17
Starfall Hammock;Tidewhisper Sandcastle;Woodland;Farmland, 4, 3, 1;0;2;16;0;0;0;9;5;0;0;11
Starfall Hammock;Tidewhisper Sandcastle;Woodland;Farmland, 4, 3, 1;0;2;17;0;0;0;9;0;5;0;10
Starfall Hammock;Tidewhisper Sandcastle;Woodland;Farmland, 4, 3, 2;0;1;16;0;0;0;10;0;0;7;8
Starfall Hammock;Tidewhisper Sandcastle;Woodland;Farmland, 4, 3, 3;0;0;6;0;0;6;4;0;0;1;8
Starfall Hammock;Tidewhisper Sandcastle;Woodland;Farmland, 4, 3, 5;0;0;7;3;0;0;5;0;0;1;9
Starfall Hammock;Tidewhisper Sandcastle;Woodland;Farmland, 4, 3, 5;0;0;7;3;0;0;5;1;0;0;9
Starfall Hammock;Tidewhisper Sandcastle;Woodland;Farmland, 4, 3, 5;0;0;10;0;0;0;9;1;0;2;17
Starfall Hammock;Tidewhisper Sandcastle;Woodland;Farmland, 4, 3, 5;0;0;10;0;0;0;9;5;0;0;11
Starfall Hammock;Tidewhisper Sandcastle;Woodland;Farmland, 4, 3, 5;0;0;10;0;0;0;10;5;0;0;10
Starfall Hammock;Tidewhisper Sandcastle;Woodland;Farmland, 4, 4, 0;0;2;14;0;2;0;6;0;5;0;7
Starfall Hammock;Tidewhisper Sandcastle;Woodland;Farmland, 4, 4, 0;0;2;14;2;0;0;6;5;0;0;7
Starfall Hammock;Tidewhisper Sandcastle;Woodland;Farmland, 4, 4, 0;0;3;12;0;2;0;5;0;5;0;9
Starfall Hammock;Tidewhisper Sandcastle;Woodland;Farmland, 4, 4, 0;0;3;15;0;0;2;6;0;0;7;7
Starfall Hammock;Tidewhisper Sandcastle;Woodland;Farmland, 4, 4, 0;0;3;17;0;0;0;8;3;0;0;17
Starfall Hammock;Tidewhisper Sandcastle;Woodland;Farmland, 4, 4, 0;0;3;17;0;0;0;8;5;0;0;11
Starfall Hammock;Tidewhisper Sandcastle;Woodland;Farmland, 4, 4, 0;0;3;17;2;0;0;1;1;1;1;14
Starfall Hammock;Tidewhisper Sandcastle;Woodland;Farmland, 4, 4, 0;0;7;7;0;0;2;6;0;0;3;15
Starfall Hammock;Tidewhisper Sandcastle;Woodland;Farmland, 4, 4, 0;0;7;7;0;0;2;6;0;0;7;7
Starfall Hammock;Tidewhisper Sandcastle;Woodland;Farmland, 4, 4, 0;0;7;7;0;0;2;6;1;0;2;15
Starfall Hammock;Tidewhisper Sandcastle;Woodland;Farmland, 4, 4, 0;0;7;9;0;0;0;8;0;0;7;9
Starfall Hammock;Tidewhisper Sandcastle;Woodland;Farmland, 4, 4, 0;1;1;14;0;2;0;6;2;0;1;13
Starfall Hammock;Tidewhisper Sandcastle;Woodland;Farmland, 4, 4, 0;5;0;6;0;2;0;5;0;1;2;15
Starfall Hammock;Tidewhisper Sandcastle;Woodland;Farmland, 4, 4, 0;5;0;8;0;2;0;4;0;5;0;8
Starfall Hammock;Tidewhisper Sandcastle;Woodland;Farmland, 4, 4, 0;5;0;11;0;0;0;8;0;0;3;17
Starfall Hammock;Tidewhisper Sandcastle;Woodland;Farmland, 4, 4, 1;0;2;15;0;0;2;6;0;0;2;16
Starfall Hammock;Tidewhisper Sandcastle;Woodland;Farmland, 4, 4, 1;0;2;15;0;2;0;2;0;5;0;9
Starfall Hammock;Tidewhisper Sandcastle;Woodland;Farmland, 4, 4, 1;1;1;17;0;0;0;8;0;0;7;9
Starfall Hammock;Tidewhisper Sandcastle;Woodland;Farmland, 4, 4, 1;1;1;17;0;0;0;8;1;0;2;17
Starfall Hammock;Tidewhisper Sandcastle;Woodland;Farmland, 4, 4, 5;0;0;8;2;0;0;1;5;0;0;11
Starfall Hammock;Tidewhisper Sandcastle;Woodland;Farmland, 4, 4, 5;0;0;11;2;0;0;1;0;0;3;14
Starfall Hammock;Tidewhisper Sandcastle;Woodland;Farmland, 5, 0, 0;0;2;9;0;4;0;8;0;0;0;13
Starfall Hammock;Tidewhisper Sandcastle;Woodland;Farmland, 5, 0, 0;0;2;10;4;0;0;7;2;0;0;11
Starfall Hammock;Tidewhisper Sandcastle;Woodland;Farmland, 5, 0, 0;0;2;11;0;0;4;7;0;0;2;12
Starfall Hammock;Tidewhisper Sandcastle;Woodland;Farmland, 5, 0, 0;0;2;12;0;4;0;8;0;3;0;5
Starfall Hammock;Tidewhisper Sandcastle;Woodland;Farmland, 5, 0, 0;0;2;13;0;0;0;12;3;0;0;10
Starfall Hammock;Tidewhisper Sandcastle;Woodland;Farmland, 5, 0, 0;0;4;5;0;0;4;8;0;0;6;5
Starfall Hammock;Tidewhisper Sandcastle;Woodland;Farmland, 5, 0, 0;0;5;6;0;0;3;7;0;0;6;5
Starfall Hammock;Tidewhisper Sandcastle;Woodland;Farmland, 5, 0, 0;0;6;4;0;0;4;8;0;0;4;6
Starfall Hammock;Tidewhisper Sandcastle;Woodland;Farmland, 5, 0, 0;0;6;4;0;0;4;8;1;0;1;10
Starfall Hammock;Tidewhisper Sandcastle;Woodland;Farmland, 5, 0, 0;0;6;5;0;0;2;7;0;0;6;6
Starfall Hammock;Tidewhisper Sandcastle;Woodland;Farmland, 5, 0, 0;0;6;5;0;0;3;7;0;0;5;6
Starfall Hammock;Tidewhisper Sandcastle;Woodland;Farmland, 5, 0, 0;0;6;5;0;0;4;7;0;0;2;10
Starfall Hammock;Tidewhisper Sandcastle;Woodland;Farmland, 5, 0, 0;0;6;5;0;0;4;7;0;0;4;6
Starfall Hammock;Tidewhisper Sandcastle;Woodland;Farmland, 5, 0, 0;0;6;5;0;0;4;8;1;0;1;9
Starfall Hammock;Tidewhisper Sandcastle;Woodland;Farmland, 5, 0, 0;3;0;6;0;4;0;8;1;0;0;12
Starfall Hammock;Tidewhisper Sandcastle;Woodland;Farmland, 5, 0, 0;3;0;7;0;4;0;7;1;0;0;12
Starfall Hammock;Tidewhisper Sandcastle;Woodland;Farmland, 5, 0, 0;3;0;8;0;4;0;6;2;0;0;11
Starfall Hammock;Tidewhisper Sandcastle;Woodland;Farmland, 5, 0, 0;3;0;10;0;0;0;13;1;0;0;13
Starfall Hammock;Tidewhisper Sandcastle;Woodland;Farmland, 5, 0, 0;3;0;10;0;0;0;14;0;3;0;8
Starfall Hammock;Tidewhisper Sandcastle;Woodland;Farmland, 5, 0, 1;0;1;8;0;0;4;8;0;0;6;6
Starfall Hammock;Tidewhisper Sandcastle;Woodland;Farmland, 5, 0, 1;0;1;10;0;0;4;8;0;0;6;4
Starfall Hammock;Tidewhisper Sandcastle;Woodland;Farmland, 5, 0, 1;0;1;12;0;0;0;13;0;0;6;5
Starfall Hammock;Tidewhisper Sandcastle;Woodland;Farmland, 5, 0, 1;0;1;14;0;0;0;14;2;0;0;10
Starfall Hammock;Tidewhisper Sandcastle;Woodland;Farmland, 5, 0, 2;0;0;9;0;0;4;7;0;0;6;6
Starfall Hammock;Tidewhisper Sandcastle;Woodland;Farmland, 5, 0, 2;0;0;11;0;0;0;14;0;3;0;10
Starfall Hammock;Tidewhisper Sandcastle;Woodland;Farmland, 5, 0, 3;0;0;5;4;0;0;8;1;0;0;13
Starfall Hammock;Tidewhisper Sandcastle;Woodland;Farmland, 5, 0, 3;0;0;7;4;0;0;8;2;0;0;10
Starfall Hammock;Tidewhisper Sandcastle;Woodland;Farmland, 5, 0, 3;0;0;8;0;0;0;14;3;0;0;10
Starfall Hammock;Tidewhisper Sandcastle;Woodland;Farmland, 5, 0, 3;0;0;9;0;0;0;13;0;0;2;13
Starfall Hammock;Tidewhisper Sandcastle;Woodland;Farmland, 5, 0, 3;0;0;9;4;0;0;6;2;0;0;10
Starfall Hammock;Tidewhisper Sandcastle;Woodland;Farmland, 5, 1, 0;0;1;10;0;0;3;6;0;0;8;5
Starfall Hammock;Tidewhisper Sandcastle;Woodland;Farmland, 5, 1, 0;0;2;10;0;4;0;6;0;0;1;12
Starfall Hammock;Tidewhisper Sandcastle;Woodland;Farmland, 5, 1, 0;0;2;15;0;0;0;11;0;5;0;8
Starfall Hammock;Tidewhisper Sandcastle;Woodland;Farmland, 5, 1, 0;0;2;16;0;0;0;10;5;0;0;8
Starfall Hammock;Tidewhisper Sandcastle;Woodland;Farmland, 5, 1, 0;0;7;6;0;0;4;3;0;0;5;3
Starfall Hammock;Tidewhisper Sandcastle;Woodland;Farmland, 5, 1, 0;0;7;6;0;0;4;6;1;0;1;6
Starfall Hammock;Tidewhisper Sandcastle;Woodland;Farmland, 5, 1, 0;0;8;4;0;0;3;7;0;0;2;9
Starfall Hammock;Tidewhisper Sandcastle;Woodland;Farmland, 5, 1, 0;0;8;5;0;0;3;7;1;0;1;8
Starfall Hammock;Tidewhisper Sandcastle;Woodland;Farmland, 5, 1, 0;3;0;8;0;4;0;7;1;0;0;10
Starfall Hammock;Tidewhisper Sandcastle;Woodland;Farmland, 5, 1, 0;4;0;7;0;1;0;10;0;5;0;9
Starfall Hammock;Tidewhisper Sandcastle;Woodland;Farmland, 5, 1, 0;5;0;7;0;2;0;9;1;0;0;13
Starfall Hammock;Tidewhisper Sandcastle;Woodland;Farmland, 5, 1, 0;5;0;8;0;0;0;10;2;0;0;16
Starfall Hammock;Tidewhisper Sandcastle;Woodland;Farmland, 5, 1, 0;5;0;8;0;2;0;9;1;0;0;12
Starfall Hammock;Tidewhisper Sandcastle;Woodland;Farmland, 5, 1, 1;0;0;10;0;0;3;6;0;0;8;5
Starfall Hammock;Tidewhisper Sandcastle;Woodland;Farmland, 5, 1, 1;0;1;7;0;0;4;6;0;0;7;5
Starfall Hammock;Tidewhisper Sandcastle;Woodland;Farmland, 5, 1, 1;0;1;11;0;0;0;13;0;0;1;17
Starfall Hammock;Tidewhisper Sandcastle;Woodland;Farmland, 5, 1, 1;0;1;11;2;0;0;9;5;0;0;8
Starfall Hammock;Tidewhisper Sandcastle;Woodland;Farmland, 5, 1, 1;0;1;11;4;0;0;6;0;0;2;10
Starfall Hammock;Tidewhisper Sandcastle;Woodland;Farmland, 5, 1, 1;0;1;12;0;0;4;7;1;0;1;12
Starfall Hammock;Tidewhisper Sandcastle;Woodland;Farmland, 5, 1, 1;0;1;12;2;0;0;9;5;0;0;7
Starfall Hammock;Tidewhisper Sandcastle;Woodland;Farmland, 5, 1, 1;0;1;16;0;0;0;13;1;0;0;12
Starfall Hammock;Tidewhisper Sandcastle;Woodland;Farmland, 5, 1, 1;0;2;10;0;0;0;13;0;0;0;18
Starfall Hammock;Tidewhisper Sandcastle;Woodland;Farmland, 5, 1, 1;0;2;11;0;0;0;12;0;0;0;19
Starfall Hammock;Tidewhisper Sandcastle;Woodland;Farmland, 5, 1, 1;0;2;11;0;0;0;12;0;0;2;17
Starfall Hammock;Tidewhisper Sandcastle;Woodland;Farmland, 5, 1, 1;0;2;12;0;0;0;13;0;0;2;14
Starfall Hammock;Tidewhisper Sandcastle;Woodland;Farmland, 5, 1, 2;0;0;13;0;0;0;11;0;0;8;5
Starfall Hammock;Tidewhisper Sandcastle;Woodland;Farmland, 5, 1, 3;0;0;5;4;0;0;8;0;0;2;11
Starfall Hammock;Tidewhisper Sandcastle;Woodland;Farmland, 5, 1, 3;0;0;8;2;0;0;9;5;0;0;8
Starfall Hammock;Tidewhisper Sandcastle;Woodland;Farmland, 5, 1, 5;0;0;7;2;0;0;9;3;0;0;9
Starfall Hammock;Tidewhisper Sandcastle;Woodland;Farmland, 5, 1, 5;0;0;8;2;0;0;8;1;0;0;13
Starfall Hammock;Tidewhisper Sandcastle;Woodland;Farmland, 5, 1, 5;0;0;8;2;0;0;9;0;0;1;12
Starfall Hammock;Tidewhisper Sandcastle;Woodland;Farmland, 5, 2, 0;0;0;11;3;0;0;4;5;0;0;8
Starfall Hammock;Tidewhisper Sandcastle;Woodland;Farmland, 5, 2, 0;0;0;19;0;0;0;11;1;0;2;14
Starfall Hammock;Tidewhisper Sandcastle;Woodland;Farmland, 5, 2, 0;0;1;7;0;4;0;6;0;4;0;6
Starfall Hammock;Tidewhisper Sandcastle;Woodland;Farmland, 5, 2, 0;0;2;10;0;0;3;4;0;0;8;5
Starfall Hammock;Tidewhisper Sandcastle;Woodland;Farmland, 5, 2, 0;0;2;10;0;3;0;3;0;5;0;8
Starfall Hammock;Tidewhisper Sandcastle;Woodland;Farmland, 5, 2, 0;0;2;15;0;0;0;11;1;0;2;16
Starfall Hammock;Tidewhisper Sandcastle;Woodland;Farmland, 5, 2, 0;0;3;16;0;0;0;9;0;1;2;16
Starfall Hammock;Tidewhisper Sandcastle;Woodland;Farmland, 5, 2, 0;0;8;5;0;0;3;4;0;0;2;10
Starfall Hammock;Tidewhisper Sandcastle;Woodland;Farmland, 5, 2, 0;0;8;5;0;0;3;4;1;0;0;11
Starfall Hammock;Tidewhisper Sandcastle;Woodland;Farmland, 5, 2, 0;4;0;6;0;4;0;2;0;0;2;10
Starfall Hammock;Tidewhisper Sandcastle;Woodland;Farmland, 5, 2, 0;5;0;8;0;0;0;11;0;0;2;17
Starfall Hammock;Tidewhisper Sandcastle;Woodland;Farmland, 5, 2, 0;5;0;8;0;3;0;3;1;0;1;10
Starfall Hammock;Tidewhisper Sandcastle;Woodland;Farmland, 5, 2, 0;5;0;8;0;3;0;7;1;0;1;6
Starfall Hammock;Tidewhisper Sandcastle;Woodland;Farmland, 5, 2, 0;5;0;9;0;0;0;11;0;5;0;9
Starfall Hammock;Tidewhisper Sandcastle;Woodland;Farmland, 5, 2, 1;0;0;7;3;0;0;7;5;0;0;8
Starfall Hammock;Tidewhisper Sandcastle;Woodland;Farmland, 5, 2, 1;0;0;10;0;3;0;4;0;5;0;8
Starfall Hammock;Tidewhisper Sandcastle;Woodland;Farmland, 5, 2, 1;0;0;16;0;0;0;11;5;0;0;10
Starfall Hammock;Tidewhisper Sandcastle;Woodland;Farmland, 5, 2, 1;0;0;18;0;0;0;11;2;0;1;14
Starfall Hammock;Tidewhisper Sandcastle;Woodland;Farmland, 5, 2, 1;0;1;6;4;0;0;5;4;0;0;7
Starfall Hammock;Tidewhisper Sandcastle;Woodland;Farmland, 5, 2, 1;0;1;8;0;0;4;2;0;0;7;6
Starfall Hammock;Tidewhisper Sandcastle;Woodland;Farmland, 5, 2, 1;0;1;15;0;0;0;10;0;0;8;6
Starfall Hammock;Tidewhisper Sandcastle;Woodland;Farmland, 5, 2, 1;0;1;16;0;0;0;11;0;1;2;15
Starfall Hammock;Tidewhisper Sandcastle;Woodland;Farmland, 5, 2, 1;0;2;14;0;0;0;11;0;0;3;16
Starfall Hammock;Tidewhisper Sandcastle;Woodland;Farmland, 5, 2, 1;0;2;16;0;0;0;11;1;1;1;14
Starfall Hammock;Tidewhisper Sandcastle;Woodland;Farmland, 5, 2, 2;0;1;14;0;0;0;11;0;0;0;19
Starfall Hammock;Tidewhisper Sandcastle;Woodland;Farmland, 5, 2, 2;0;1;16;0;0;0;11;1;0;2;14
Starfall Hammock;Tidewhisper Sandcastle;Woodland;Farmland, 5, 2, 3;0;0;14;0;0;0;11;2;0;1;16
Starfall Hammock;Tidewhisper Sandcastle;Woodland;Farmland, 5, 2, 3;0;0;15;0;0;0;11;0;5;0;9
Starfall Hammock;Tidewhisper Sandcastle;Woodland;Farmland, 5, 2, 4;0;0;6;4;0;0;6;0;0;2;6
Starfall Hammock;Tidewhisper Sandcastle;Woodland;Farmland, 5, 2, 5;0;0;8;0;0;0;11;0;0;3;16
Starfall Hammock;Tidewhisper Sandcastle;Woodland;Farmland, 5, 2, 5;0;0;8;3;0;0;3;0;0;2;10
Starfall Hammock;Tidewhisper Sandcastle;Woodland;Farmland, 5, 2, 5;0;0;8;3;0;0;6;1;0;1;7
Starfall Hammock;Tidewhisper Sandcastle;Woodland;Farmland, 5, 3, 0;0;0;22;0;0;0;9;2;0;1;15
Starfall Hammock;Tidewhisper Sandcastle;Woodland;Farmland, 5, 3, 0;0;1;9;3;0;0;4;5;0;0;10
Starfall Hammock;Tidewhisper Sandcastle;Woodland;Farmland, 5, 3, 0;0;1;10;0;0;4;4;0;0;7;5
Starfall Hammock;Tidewhisper Sandcastle;Woodland;Farmland, 5, 3, 0;0;2;8;0;3;0;4;0;5;0;10
Starfall Hammock;Tidewhisper Sandcastle;Woodland;Farmland, 5, 3, 0;0;3;19;0;0;0;9;1;0;2;15
Starfall Hammock;Tidewhisper Sandcastle;Woodland;Farmland, 5, 3, 0;0;6;5;0;0;4;4;0;0;6;5
Starfall Hammock;Tidewhisper Sandcastle;Woodland;Farmland, 5, 3, 0;0;8;5;0;0;3;3;0;0;6;3
Starfall Hammock;Tidewhisper Sandcastle;Woodland;Farmland, 5, 3, 0;0;8;5;0;0;3;5;1;0;1;10
Starfall Hammock;Tidewhisper Sandcastle;Woodland;Farmland, 5, 3, 0;0;8;6;0;0;3;4;1;0;1;10
Starfall Hammock;Tidewhisper Sandcastle;Woodland;Farmland, 5, 3, 0;1;1;20;0;0;0;8;5;0;0;11
Starfall Hammock;Tidewhisper Sandcastle;Woodland;Farmland, 5, 3, 0;5;0;6;0;2;0;6;0;5;0;7
Starfall Hammock;Tidewhisper Sandcastle;Woodland;Farmland, 5, 3, 0;5;0;7;0;2;0;6;0;5;0;6
Starfall Hammock;Tidewhisper Sandcastle;Woodland;Farmland, 5, 3, 0;5;0;10;0;3;0;4;1;0;1;8
Starfall Hammock;Tidewhisper Sandcastle;Woodland;Farmland, 5, 3, 0;5;0;12;0;0;0;7;1;0;2;19
Starfall Hammock;Tidewhisper Sandcastle;Woodland;Farmland, 5, 3, 1;0;0;9;3;0;0;5;5;0;0;9
Starfall Hammock;Tidewhisper Sandcastle;Woodland;Farmland, 5, 3, 1;0;0;21;0;0;0;6;0;1;2;19
Starfall Hammock;Tidewhisper Sandcastle;Woodland;Farmland, 5, 3, 1;0;1;9;0;0;3;5;0;0;8;6
Starfall Hammock;Tidewhisper Sandcastle;Woodland;Farmland, 5, 3, 1;0;1;10;0;4;0;5;1;0;1;9
Starfall Hammock;Tidewhisper Sandcastle;Woodland;Farmland, 5, 3, 1;0;1;11;0;0;3;3;0;0;8;6
Starfall Hammock;Tidewhisper Sandcastle;Woodland;Farmland, 5, 3, 1;0;1;12;0;0;4;3;0;0;3;14
Starfall Hammock;Tidewhisper Sandcastle;Woodland;Farmland, 5, 3, 1;0;1;15;0;0;0;10;0;0;3;18
Starfall Hammock;Tidewhisper Sandcastle;Woodland;Farmland, 5, 3, 1;0;1;20;0;0;0;9;2;0;0;16
Starfall Hammock;Tidewhisper Sandcastle;Woodland;Farmland, 5, 3, 2;0;0;8;4;0;0;4;4;0;0;6
Starfall Hammock;Tidewhisper Sandcastle;Woodland;Farmland, 5, 3, 2;0;0;20;0;0;0;7;0;5;0;12
Starfall Hammock;Tidewhisper Sandcastle;Woodland;Farmland, 5, 3, 4;0;0;5;3;0;0;4;5;0;0;7
Starfall Hammock;Tidewhisper Sandcastle;Woodland;Farmland, 5, 3, 5;0;0;9;3;0;0;5;0;0;2;8
Starfall Hammock;Tidewhisper Sandcastle;Woodland;Farmland, 5, 3, 5;0;0;13;0;0;0;7;0;0;3;18
Starfall Hammock;Tidewhisper Sandcastle;Woodland;Farmland, 5, 4, 0;0;1;17;0;2;0;6;0;0;2;16
Starfall Hammock;Tidewhisper Sandcastle;Woodland;Farmland, 5, 4, 0;0;1;17;2;0;0;6;1;0;1;16
Starfall Hammock;Tidewhisper Sandcastle;Woodland;Farmland, 5, 4, 0;0;1;21;0;0;0;8;1;0;2;19
Starfall Hammock;Tidewhisper Sandcastle;Woodland;Farmland, 5, 4, 0;0;2;16;2;0;0;5;5;0;0;9
Starfall Hammock;Tidewhisper Sandcastle;Woodland;Farmland, 5, 4, 0;0;2;17;0;0;2;2;0;0;8;9
Starfall Hammock;Tidewhisper Sandcastle;Woodland;Farmland, 5, 4, 0;0;2;18;0;0;2;3;0;0;8;7
Starfall Hammock;Tidewhisper Sandcastle;Woodland;Farmland, 5, 4, 0;0;3;19;0;0;0;8;0;1;1;20
Starfall Hammock;Tidewhisper Sandcastle;Woodland;Farmland, 5, 4, 0;0;8;8;0;0;0;8;0;0;8;8
Starfall Hammock;Tidewhisper Sandcastle;Woodland;Farmland, 5, 4, 0;1;1;15;0;2;0;5;0;5;0;10
Starfall Hammock;Tidewhisper Sandcastle;Woodland;Farmland, 5, 4, 0;1;2;19;0;0;0;8;0;0;3;19
Starfall Hammock;Tidewhisper Sandcastle;Woodland;Farmland, 5, 4, 0;1;2;19;0;0;0;8;5;0;0;13
Starfall Hammock;Tidewhisper Sandcastle;Woodland;Farmland, 5, 4, 0;5;0;10;0;2;0;5;0;0;2;15
Starfall Hammock;Tidewhisper Sandcastle;Woodland;Farmland, 5, 4, 0;5;0;10;0;2;0;6;0;0;2;14
Starfall Hammock;Tidewhisper Sandcastle;Woodland;Farmland, 5, 4, 0;5;0;13;0;0;0;8;0;5;0;13
Starfall Hammock;Tidewhisper Sandcastle;Woodland;Farmland, 5, 4, 0;5;0;13;0;0;0;8;2;0;1;19
Starfall Hammock;Tidewhisper Sandcastle;Woodland;Farmland, 5, 4, 1;1;1;15;2;0;0;6;5;0;0;8
Starfall Hammock;Tidewhisper Sandcastle;Woodland;Farmland, 5, 4, 1;1;1;19;0;0;0;8;3;0;0;19
Starfall Hammock;Tidewhisper Sandcastle;Woodland;Farmland, 5, 4, 2;1;0;19;0;0;0;8;0;5;0;13
Starfall Hammock;Tidewhisper Sandcastle;Woodland;Farmland, 5, 4, 5;0;0;8;2;0;0;6;5;0;0;9
Starfall Hammock;Tidewhisper Sandcastle;Woodland;Farmland, 5, 4, 5;0;0;13;0;0;0;8;2;0;1;19
Starfall Hammock;Tidewhisper Sandcastle;Woodland;Farmland, 5, 4, 5;0;0;13;0;0;0;8;5;0;0;13
Starfall Hammock;Tidewhisper Sandcastle;Woodland;Farmland, 5, 5, 0;0;0;24;0;0;0;7;0;1;2;18
Starfall Hammock;Tidewhisper Sandcastle;Woodland;Farmland, 5, 5, 0;0;1;19;0;2;0;4;0;5;0;11
Starfall Hammock;Tidewhisper Sandcastle;Woodland;Farmland, 5, 5, 0;0;1;19;2;0;0;4;5;0;0;11
Starfall Hammock;Tidewhisper Sandcastle;Woodland;Farmland, 5, 5, 0;0;2;18;0;2;0;4;0;5;0;11
Starfall Hammock;Tidewhisper Sandcastle;Woodland;Farmland, 5, 5, 0;0;3;17;0;2;0;4;2;0;1;17
Starfall Hammock;Tidewhisper Sandcastle;Woodland;Farmland, 5, 5, 0;0;3;17;2;0;0;4;5;0;0;11
Starfall Hammock;Tidewhisper Sandcastle;Woodland;Farmland, 5, 5, 0;0;3;18;0;0;0;7;0;5;0;15
Starfall Hammock;Tidewhisper Sandcastle;Woodland;Farmland, 5, 5, 0;0;3;18;0;0;0;7;1;0;2;21
Starfall Hammock;Tidewhisper Sandcastle;Woodland;Farmland, 5, 5, 0;0;3;21;0;0;0;7;0;0;3;18
Starfall Hammock;Tidewhisper Sandcastle;Woodland;Farmland, 5, 5, 0;1;2;19;0;0;2;3;0;0;3;18
Starfall Hammock;Tidewhisper Sandcastle;Woodland;Farmland, 5, 5, 0;5;0;11;0;2;0;4;0;0;2;18
Starfall Hammock;Tidewhisper Sandcastle;Woodland;Farmland, 5, 5, 0;5;0;11;0;2;0;4;0;0;3;17
Starfall Hammock;Tidewhisper Sandcastle;Woodland;Farmland, 5, 5, 0;5;0;13;0;0;0;6;0;0;3;21
Starfall Hammock;Tidewhisper Sandcastle;Woodland;Farmland, 5, 5, 0;5;0;14;0;0;0;7;0;5;0;13
Starfall Hammock;Tidewhisper Sandcastle;Woodland;Farmland, 5, 5, 1;0;1;18;2;0;0;4;2;0;1;17
Starfall Hammock;Tidewhisper Sandcastle;Woodland;Farmland, 5, 5, 1;0;2;17;0;0;0;6;0;0;9;9
Starfall Hammock;Tidewhisper Sandcastle;Woodland;Farmland, 5, 5, 1;0;2;21;0;0;0;7;0;0;3;18
Starfall Hammock;Tidewhisper Sandcastle;Woodland;Farmland, 5, 5, 1;0;2;21;0;0;0;7;1;0;2;18
Starfall Hammock;Tidewhisper Sandcastle;Woodland;Farmland, 5, 5, 1;1;1;17;0;2;0;4;0;5;0;11
Starfall Hammock;Tidewhisper Sandcastle;Woodland;Farmland, 5, 5, 2;0;1;17;2;0;0;4;5;0;0;11
Starfall Hammock;Tidewhisper Sandcastle;Woodland;Farmland, 5, 5, 2;0;1;19;0;0;0;7;0;0;3;20
Starfall Hammock;Tidewhisper Sandcastle;Woodland;Farmland, 5, 5, 2;1;0;19;0;0;0;6;5;0;0;15
Starfall Hammock;Tidewhisper Sandcastle;Woodland;Farmland, 5, 5, 3;0;0;18;0;0;0;7;0;0;3;21
Starfall Hammock;Tidewhisper Sandcastle;Woodland;Farmland, 5, 5, 3;0;0;18;0;0;0;7;2;0;1;21
Starfall Hammock;Tidewhisper Sandcastle;Woodland;Farmland, 5, 5, 5;0;0;11;2;0;0;4;0;0;2;18
Starfall Hammock;Tidewhisper Sandcastle;Woodland;Farmland, 5, 5, 5;0;0;11;2;0;0;4;2;0;0;18
Starfall Hammock;Tidewhisper Sandcastle;Woodland;Farmland, 5, 5, 5;0;0;13;0;0;0;7;1;0;1;21
Starfall Hammock;Tidewhisper Sandcastle;Woodland;Farmland, 5, 5, 5;0;0;14;0;0;0;7;5;0;0;13
Starfall Hammock;Tidewhisper Sandcastle;Woodland;Farmland, 6, 0, 0;0;0;16;0;0;0;16;0;0;0;16
Starfall Hammock;Tidewhisper Sandcastle;Woodland;Farmland, 6, 0, 0;0;0;16;0;0;0;16;1;0;1;14
Starfall Hammock;Tidewhisper Sandcastle;Woodland;Farmland, 6, 0, 0;0;1;14;2;0;0;11;5;0;0;7
Starfall Hammock;Tidewhisper Sandcastle;Woodland;Farmland, 6, 0, 0;0;2;14;0;0;0;16;0;0;0;16
Starfall Hammock;Tidewhisper Sandcastle;Woodland;Farmland, 6, 0, 0;0;2;14;0;0;0;16;0;0;1;15
Starfall Hammock;Tidewhisper Sandcastle;Woodland;Farmland, 6, 0, 0;0;2;14;0;0;0;16;0;0;2;14
Starfall Hammock;Tidewhisper Sandcastle;Woodland;Farmland, 6, 0, 0;0;2;14;0;0;0;16;1;0;1;14
Starfall Hammock;Tidewhisper Sandcastle;Woodland;Farmland, 6, 0, 0;0;6;6;0;0;0;16;0;0;6;6
Starfall Hammock;Tidewhisper Sandcastle;Woodland;Farmland, 6, 0, 0;0;6;6;0;0;0;16;1;0;0;15
Starfall Hammock;Tidewhisper Sandcastle;Woodland;Farmland, 6, 0, 0;0;6;6;0;0;5;1;0;0;5;7
Starfall Hammock;Tidewhisper Sandcastle;Woodland;Farmland, 6, 0, 0;3;0;9;0;4;0;10;0;0;2;12
Starfall Hammock;Tidewhisper Sandcastle;Woodland;Farmland, 6, 0, 0;3;0;9;0;4;0;10;0;3;0;9
Starfall Hammock;Tidewhisper Sandcastle;Woodland;Farmland, 6, 0, 0;3;0;10;0;2;0;11;0;5;0;7
Starfall Hammock;Tidewhisper Sandcastle;Woodland;Farmland, 6, 0, 0;4;0;8;0;3;0;10;0;0;2;13
Starfall Hammock;Tidewhisper Sandcastle;Woodland;Farmland, 6, 0, 0;5;0;7;0;0;0;14;0;5;0;7
Starfall Hammock;Tidewhisper Sandcastle;Woodland;Farmland, 6, 0, 0;5;0;7;0;0;0;14;1;0;1;14
Starfall Hammock;Tidewhisper Sandcastle;Woodland;Farmland, 6, 0, 0;5;0;7;0;2;0;10;0;0;1;15
Starfall Hammock;Tidewhisper Sandcastle;Woodland;Farmland, 6, 0, 0;5;0;7;0;2;0;12;0;3;0;9
Starfall Hammock;Tidewhisper Sandcastle;Woodland;Farmland, 6, 0, 1;0;0;15;0;0;0;16;0;0;2;14
Starfall Hammock;Tidewhisper Sandcastle;Woodland;Farmland, 6, 0, 1;0;1;12;0;0;6;0;0;0;6;6
Starfall Hammock;Tidewhisper Sandcastle;Woodland;Farmland, 6, 0, 1;0;1;12;0;3;0;11;0;4;0;8
Starfall Hammock;Tidewhisper Sandcastle;Woodland;Farmland, 6, 0, 1;0;1;12;0;4;0;10;0;0;2;12
Starfall Hammock;Tidewhisper Sandcastle;Woodland;Farmland, 6, 0, 1;0;1;12;0;4;0;10;0;3;0;9
Starfall Hammock;Tidewhisper Sandcastle;Woodland;Farmland, 6, 0, 1;0;1;12;4;0;0;10;2;0;0;12
Starfall Hammock;Tidewhisper Sandcastle;Woodland;Farmland, 6, 0, 1;0;1;12;4;0;0;10;3;0;0;9
Starfall Hammock;Tidewhisper Sandcastle;Woodland;Farmland, 6, 0, 1;0;1;13;0;0;6;0;0;0;2;13
Starfall Hammock;Tidewhisper Sandcastle;Woodland;Farmland, 6, 0, 1;0;1;14;0;0;0;14;0;5;0;7
Starfall Hammock;Tidewhisper Sandcastle;Woodland;Farmland, 6, 0, 1;0;1;14;0;0;0;14;5;0;0;7
Starfall Hammock;Tidewhisper Sandcastle;Woodland;Farmland, 6, 0, 1;0;1;14;0;0;0;16;0;0;0;16
Starfall Hammock;Tidewhisper Sandcastle;Woodland;Farmland, 6, 0, 1;0;1;14;0;0;0;16;0;0;1;15
Starfall Hammock;Tidewhisper Sandcastle;Woodland;Farmland, 6, 0, 1;0;1;14;0;0;0;16;0;0;2;14
Starfall Hammock;Tidewhisper Sandcastle;Woodland;Farmland, 6, 0, 1;0;1;14;0;0;0;16;1;0;0;15
Starfall Hammock;Tidewhisper Sandcastle;Woodland;Farmland, 6, 0, 1;0;1;14;0;0;0;16;1;0;1;14
Starfall Hammock;Tidewhisper Sandcastle;Woodland;Farmland, 6, 0, 1;0;1;14;0;2;0;10;0;5;0;7
Starfall Hammock;Tidewhisper Sandcastle;Woodland;Farmland, 6, 0, 1;1;0;14;0;0;0;16;1;0;1;14
Starfall Hammock;Tidewhisper Sandcastle;Woodland;Farmland, 6, 0, 2;0;0;13;2;0;0;11;5;0;0;7
Starfall Hammock;Tidewhisper Sandcastle;Woodland;Farmland, 6, 0, 2;0;0;14;0;0;0;16;0;0;2;14
Starfall Hammock;Tidewhisper Sandcastle;Woodland;Farmland, 6, 0, 2;0;0;14;0;0;0;16;0;0;6;6
Starfall Hammock;Tidewhisper Sandcastle;Woodland;Farmland, 6, 0, 3;0;0;9;4;0;0;10;1;0;1;12
Starfall Hammock;Tidewhisper Sandcastle;Woodland;Farmland, 6, 0, 3;0;0;9;4;0;0;10;3;0;0;9
Starfall Hammock;Tidewhisper Sandcastle;Woodland;Farmland, 6, 0, 3;0;0;10;2;0;0;11;5;0;0;7
Starfall Hammock;Tidewhisper Sandcastle;Woodland;Farmland, 6, 0, 3;0;0;11;2;0;0;10;5;0;0;7
Starfall Hammock;Tidewhisper Sandcastle;Woodland;Farmland, 6, 0, 4;0;0;8;3;0;0;10;1;0;1;13
Starfall Hammock;Tidewhisper Sandcastle;Woodland;Farmland, 6, 0, 4;0;0;9;1;0;0;12;5;0;0;7
Starfall Hammock;Tidewhisper Sandcastle;Woodland;Farmland, 6, 0, 5;0;0;7;0;0;0;14;1;0;1;14
Starfall Hammock;Tidewhisper Sandcastle;Woodland;Farmland, 6, 0, 5;0;0;7;0;0;0;14;5;0;0;7
Starfall Hammock;Tidewhisper Sandcastle;Woodland;Farmland, 6, 0, 5;0;0;7;1;0;0;12;4;0;0;9
Starfall Hammock;Tidewhisper Sandcastle;Woodland;Farmland, 6, 0, 5;0;0;7;2;0;0;11;0;0;2;13
Starfall Hammock;Tidewhisper Sandcastle;Woodland;Farmland, 6, 1, 0;0;0;16;0;0;0;13;0;0;0;19
Starfall Hammock;Tidewhisper Sandcastle;Woodland;Farmland, 6, 1, 0;0;0;18;0;0;0;14;0;0;0;16
Starfall Hammock;Tidewhisper Sandcastle;Woodland;Farmland, 6, 1, 0;0;0;18;0;0;0;14;0;0;2;14
Starfall Hammock;Tidewhisper Sandcastle;Woodland;Farmland, 6, 1, 0;0;0;19;0;0;0;13;0;0;0;16
Starfall Hammock;Tidewhisper Sandcastle;Woodland;Farmland, 6, 1, 0;0;0;19;0;0;0;13;1;0;1;14
Starfall Hammock;Tidewhisper Sandcastle;Woodland;Farmland, 6, 1, 0;0;1;15;0;0;0;13;2;0;0;17
Starfall Hammock;Tidewhisper Sandcastle;Woodland;Farmland, 6, 1, 0;0;1;17;0;0;0;11;0;0;8;6
Starfall Hammock;Tidewhisper Sandcastle;Woodland;Farmland, 6, 1, 0;0;2;11;0;0;4;3;0;0;8;6
Starfall Hammock;Tidewhisper Sandcastle;Woodland;Farmland, 6, 1, 0;0;2;11;0;0;5;2;0;0;7;6
Starfall Hammock;Tidewhisper Sandcastle;Woodland;Farmland, 6, 1, 0;0;2;12;4;0;0;8;0;0;0;14
Starfall Hammock;Tidewhisper Sandcastle;Woodland;Farmland, 6, 1, 0;0;2;14;0;0;0;13;0;0;0;19
Starfall Hammock;Tidewhisper Sandcastle;Woodland;Farmland, 6, 1, 0;0;2;14;0;0;0;13;0;0;3;16
Starfall Hammock;Tidewhisper Sandcastle;Woodland;Farmland, 6, 1, 0;0;2;14;0;0;0;14;0;0;0;18
Starfall Hammock;Tidewhisper Sandcastle;Woodland;Farmland, 6, 1, 0;0;2;14;0;0;0;14;0;0;2;16
Starfall Hammock;Tidewhisper Sandcastle;Woodland;Farmland, 6, 1, 0;0;2;16;0;0;0;14;1;0;1;14
Starfall Hammock;Tidewhisper Sandcastle;Woodland;Farmland, 6, 1, 0;0;2;17;0;0;0;13;1;0;1;14
Starfall Hammock;Tidewhisper Sandcastle;Woodland;Farmland, 6, 1, 0;0;3;15;0;0;0;14;0;0;1;15
Starfall Hammock;Tidewhisper Sandcastle;Woodland;Farmland, 6, 1, 0;0;3;16;0;0;0;11;0;0;1;17
Starfall Hammock;Tidewhisper Sandcastle;Woodland;Farmland, 6, 1, 0;0;3;16;0;0;0;13;1;0;0;15
Starfall Hammock;Tidewhisper Sandcastle;Woodland;Farmland, 6, 1, 0;0;5;4;0;0;4;1;0;0;8;6
Starfall Hammock;Tidewhisper Sandcastle;Woodland;Farmland, 6, 1, 0;0;7;6;0;0;5;2;0;0;4;7
Starfall Hammock;Tidewhisper Sandcastle;Woodland;Farmland, 6, 1, 0;0;7;6;0;0;5;2;1;0;1;11
Starfall Hammock;Tidewhisper Sandcastle;Woodland;Farmland, 6, 1, 0;0;8;6;0;0;0;10;1;0;1;17
Starfall Hammock;Tidewhisper Sandcastle;Woodland;Farmland, 6, 1, 0;1;1;12;0;4;0;8;0;0;1;13
Starfall Hammock;Tidewhisper Sandcastle;Woodland;Farmland, 6, 1, 0;3;0;11;0;1;0;10;0;6;0;8
Starfall Hammock;Tidewhisper Sandcastle;Woodland;Farmland, 6, 1, 0;4;0;11;0;0;0;10;0;6;0;8
Starfall Hammock;Tidewhisper Sandcastle;Woodland;Farmland, 6, 1, 0;5;0;10;0;0;0;10;0;5;0;10
Starfall Hammock;Tidewhisper Sandcastle;Woodland;Farmland, 6, 1, 0;5;0;10;0;1;0;10;0;4;0;10
Starfall Hammock;Tidewhisper Sandcastle;Woodland;Farmland, 6, 1, 0;6;0;8;0;0;0;10;0;0;2;16
Starfall Hammock;Tidewhisper Sandcastle;Woodland;Farmland, 6, 1, 0;6;0;8;0;0;0;10;0;4;0;11
Starfall Hammock;Tidewhisper Sandcastle;Woodland;Farmland, 6, 1, 0;6;0;8;0;1;0;10;0;0;2;14
Starfall Hammock;Tidewhisper Sandcastle;Woodland;Farmland, 6, 1, 1;0;1;13;0;2;0;10;0;5;0;9
Starfall Hammock;Tidewhisper Sandcastle;Woodland;Farmland, 6, 1, 1;0;1;14;0;0;0;12;0;6;0;8
Starfall Hammock;Tidewhisper Sandcastle;Woodland;Farmland, 6, 1, 1;0;1;14;0;0;5;4;1;0;1;12
Starfall Hammock;Tidewhisper Sandcastle;Woodland;Farmland, 6, 1, 1;0;1;14;0;1;0;10;0;6;0;8
Starfall Hammock;Tidewhisper Sandcastle;Woodland;Farmland, 6, 1, 1;0;1;14;1;0;0;10;6;0;0;8
Starfall Hammock;Tidewhisper Sandcastle;Woodland;Farmland, 6, 1, 1;0;1;15;0;0;0;12;1;0;1;17
Starfall Hammock;Tidewhisper Sandcastle;Woodland;Farmland, 6, 1, 1;1;0;15;0;0;0;14;1;0;0;16
Starfall Hammock;Tidewhisper Sandcastle;Woodland;Farmland, 6, 1, 2;0;0;16;0;0;0;10;6;0;0;8
Starfall Hammock;Tidewhisper Sandcastle;Woodland;Farmland, 6, 1, 3;0;0;11;1;0;0;10;6;0;0;8
Starfall Hammock;Tidewhisper Sandcastle;Woodland;Farmland, 6, 1, 4;0;0;9;0;0;0;12;6;0;0;8
Starfall Hammock;Tidewhisper Sandcastle;Woodland;Farmland, 6, 1, 4;0;0;11;0;0;0;10;6;0;0;8
Starfall Hammock;Tidewhisper Sandcastle;Woodland;Farmland, 6, 1, 5;0;0;10;0;0;0;11;5;0;0;9
Starfall Hammock;Tidewhisper Sandcastle;Woodland;Farmland, 6, 1, 6;0;0;8;0;0;0;10;0;0;2;16
Starfall Hammock;Tidewhisper Sandcastle;Woodland;Farmland, 6, 1, 6;0;0;8;0;0;0;10;4;0;0;11
Starfall Hammock;Tidewhisper Sandcastle;Woodland;Farmland, 6, 1, 6;0;0;8;1;0;0;10;0;0;2;14
Starfall Hammock;Tidewhisper Sandcastle;Woodland;Farmland, 6, 2, 0;0;0;19;0;0;0;12;1;0;1;17
Starfall Hammock;Tidewhisper Sandcastle;Woodland;Farmland, 6, 2, 0;0;0;19;0;0;0;12;2;0;1;16
Starfall Hammock;Tidewhisper Sandcastle;Woodland;Farmland, 6, 2, 0;0;0;19;0;0;0;12;3;0;0;16
Starfall Hammock;Tidewhisper Sandcastle;Woodland;Farmland, 6, 2, 0;0;2;10;4;0;0;4;4;0;0;8
Starfall Hammock;Tidewhisper Sandcastle;Woodland;Farmland, 6, 2, 0;0;2;11;0;2;0;6;0;6;0;8
Starfall Hammock;Tidewhisper Sandcastle;Woodland;Farmland, 6, 2, 0;0;2;11;2;0;0;6;6;0;0;8
Starfall Hammock;Tidewhisper Sandcastle;Woodland;Farmland, 6, 2, 0;0;2;11;4;0;0;6;0;0;2;11
Starfall Hammock;Tidewhisper Sandcastle;Woodland;Farmland, 6, 2, 0;0;2;17;0;0;0;12;0;0;3;16
Starfall Hammock;Tidewhisper Sandcastle;Woodland;Farmland, 6, 2, 0;0;2;17;0;0;0;12;0;1;2;16
Starfall Hammock;Tidewhisper Sandcastle;Woodland;Farmland, 6, 2, 0;0;2;17;0;0;0;12;1;0;1;17
Starfall Hammock;Tidewhisper Sandcastle;Woodland;Farmland, 6, 2, 0;0;3;16;0;0;0;12;2;0;1;16
Starfall Hammock;Tidewhisper Sandcastle;Woodland;Farmland, 6, 2, 0;0;3;16;0;0;0;12;2;1;0;16
Starfall Hammock;Tidewhisper Sandcastle;Woodland;Farmland, 6, 2, 0;0;7;6;0;0;5;1;0;0;2;10
Starfall Hammock;Tidewhisper Sandcastle;Woodland;Farmland, 6, 2, 0;0;8;4;0;0;0;12;0;0;8;4
Starfall Hammock;Tidewhisper Sandcastle;Woodland;Farmland, 6, 2, 0;0;8;6;0;0;0;12;0;0;1;18
Starfall Hammock;Tidewhisper Sandcastle;Woodland;Farmland, 6, 2, 0;0;8;6;0;0;4;3;0;0;2;10
Starfall Hammock;Tidewhisper Sandcastle;Woodland;Farmland, 6, 2, 0;1;1;16;0;0;0;11;0;6;0;8
Starfall Hammock;Tidewhisper Sandcastle;Woodland;Farmland, 6, 2, 0;1;1;16;0;0;0;11;6;0;0;8
Starfall Hammock;Tidewhisper Sandcastle;Woodland;Farmland, 6, 2, 0;4;0;8;0;4;0;4;1;0;0;11
Starfall Hammock;Tidewhisper Sandcastle;Woodland;Farmland, 6, 2, 0;6;0;8;0;0;0;11;0;1;0;17
Starfall Hammock;Tidewhisper Sandcastle;Woodland;Farmland, 6, 2, 0;6;0;8;0;2;0;6;0;0;2;11
Starfall Hammock;Tidewhisper Sandcastle;Woodland;Farmland, 6, 2, 0;6;0;8;0;2;0;6;1;0;1;11
Starfall Hammock;Tidewhisper Sandcastle;Woodland;Farmland, 6, 2, 1;0;0;14;0;0;5;2;0;0;1;14
Starfall Hammock;Tidewhisper Sandcastle;Woodland;Farmland, 6, 2, 1;0;0;18;0;0;0;12;0;0;8;6
Starfall Hammock;Tidewhisper Sandcastle;Woodland;Farmland, 6, 2, 1;0;1;11;0;2;0;6;0;6;0;8
Starfall Hammock;Tidewhisper Sandcastle;Woodland;Farmland, 6, 2, 1;0;1;11;2;0;0;6;6;0;0;8
Starfall Hammock;Tidewhisper Sandcastle;Woodland;Farmland, 6, 2, 1;0;1;17;0;0;0;12;0;0;0;19
Starfall Hammock;Tidewhisper Sandcastle;Woodland;Farmland, 6, 2, 1;0;1;17;0;0;0;12;0;0;3;16
Starfall Hammock;Tidewhisper Sandcastle;Woodland;Farmland, 6, 2, 1;0;1;17;0;0;0;12;2;0;1;16
Starfall Hammock;Tidewhisper Sandcastle;Woodland;Farmland, 6, 2, 2;0;0;10;0;0;5;1;0;0;7;6
Starfall Hammock;Tidewhisper Sandcastle;Woodland;Farmland, 6, 2, 2;0;0;10;0;4;0;4;0;4;0;8
Starfall Hammock;Tidewhisper Sandcastle;Woodland;Farmland, 6, 2, 2;0;0;17;0;0;0;12;0;0;0;19
Starfall Hammock;Tidewhisper Sandcastle;Woodland;Farmland, 6, 2, 2;0;0;17;0;0;0;12;1;0;2;16
Starfall Hammock;Tidewhisper Sandcastle;Woodland;Farmland, 6, 2, 2;0;1;16;0;0;0;12;0;0;2;17
Starfall Hammock;Tidewhisper Sandcastle;Woodland;Farmland, 6, 2, 2;0;1;16;0;0;0;12;1;0;0;18
Starfall Hammock;Tidewhisper Sandcastle;Woodland;Farmland, 6, 2, 2;0;1;16;0;0;0;12;1;1;0;17
Starfall Hammock;Tidewhisper Sandcastle;Woodland;Farmland, 6, 2, 4;0;0;8;4;0;0;4;0;0;2;10
Starfall Hammock;Tidewhisper Sandcastle;Woodland;Farmland, 6, 2, 6;0;0;5;0;0;0;10;6;0;0;5
Starfall Hammock;Tidewhisper Sandcastle;Woodland;Farmland, 6, 2, 6;0;0;8;0;0;0;11;1;1;0;16
Starfall Hammock;Tidewhisper Sandcastle;Woodland;Farmland, 6, 3, 0;0;0;21;0;0;0;10;0;0;3;17
Starfall Hammock;Tidewhisper Sandcastle;Woodland;Farmland, 6, 3, 0;0;1;12;0;4;0;4;1;0;1;11
Starfall Hammock;Tidewhisper Sandcastle;Woodland;Farmland, 6, 3, 0;0;1;13;0;2;0;4;0;6;0;9
Starfall Hammock;Tidewhisper Sandcastle;Woodland;Farmland, 6, 3, 0;0;1;18;0;0;0;9;0;6;0;10
Starfall Hammock;Tidewhisper Sandcastle;Woodland;Farmland, 6, 3, 0;0;2;14;0;0;5;1;2;0;0;13
Starfall Hammock;Tidewhisper Sandcastle;Woodland;Farmland, 6, 3, 0;0;3;17;0;0;0;10;1;0;2;18
Starfall Hammock;Tidewhisper Sandcastle;Woodland;Farmland, 6, 3, 0;0;3;18;0;0;0;10;1;0;2;17
Starfall Hammock;Tidewhisper Sandcastle;Woodland;Farmland, 6, 3, 0;0;3;19;0;0;0;9;1;0;1;18
Starfall Hammock;Tidewhisper Sandcastle;Woodland;Farmland, 6, 3, 0;0;7;6;0;0;5;0;0;0;1;12
Starfall Hammock;Tidewhisper Sandcastle;Woodland;Farmland, 6, 3, 0;0;8;6;0;0;0;9;0;0;8;8
Starfall Hammock;Tidewhisper Sandcastle;Woodland;Farmland, 6, 3, 0;0;8;7;0;0;0;9;0;0;2;20
Starfall Hammock;Tidewhisper Sandcastle;Woodland;Farmland, 6, 3, 0;0;8;8;0;0;0;9;0;0;8;6
Starfall Hammock;Tidewhisper Sandcastle;Woodland;Farmland, 6, 3, 0;0;8;8;0;0;4;1;2;0;0;11
Starfall Hammock;Tidewhisper Sandcastle;Woodland;Farmland, 6, 3, 0;1;2;17;0;0;0;9;1;0;1;20
Starfall Hammock;Tidewhisper Sandcastle;Woodland;Farmland, 6, 3, 0;6;0;8;0;2;0;5;0;0;1;13
Starfall Hammock;Tidewhisper Sandcastle;Woodland;Farmland, 6, 3, 1;0;0;21;0;0;0;9;0;0;8;7
Starfall Hammock;Tidewhisper Sandcastle;Woodland;Farmland, 6, 3, 1;0;1;10;4;0;0;3;4;0;0;8
Starfall Hammock;Tidewhisper Sandcastle;Woodland;Farmland, 6, 3, 1;0;1;11;4;0;0;4;0;0;2;11
Starfall Hammock;Tidewhisper Sandcastle;Woodland;Farmland, 6, 3, 1;0;1;14;2;0;0;3;6;0;0;8
Starfall Hammock;Tidewhisper Sandcastle;Woodland;Farmland, 6, 3, 1;0;1;19;0;0;0;10;0;0;3;17
Starfall Hammock;Tidewhisper Sandcastle;Woodland;Farmland, 6, 3, 1;0;1;20;0;0;0;7;1;1;1;19
Starfall Hammock;Tidewhisper Sandcastle;Woodland;Farmland, 6, 3, 1;0;2;17;0;0;0;9;1;0;2;19
Starfall Hammock;Tidewhisper Sandcastle;Woodland;Farmland, 6, 3, 1;0;2;17;0;0;0;10;1;0;1;19
Starfall Hammock;Tidewhisper Sandcastle;Woodland;Farmland, 6, 3, 1;1;0;11;0;0;4;1;0;0;8;8
Starfall Hammock;Tidewhisper Sandcastle;Woodland;Farmland, 6, 3, 3;0;0;17;0;0;0;9;2;0;1;19
Starfall Hammock;Tidewhisper Sandcastle;Woodland;Farmland, 6, 3, 6;0;0;9;2;0;0;6;0;0;2;10
Starfall Hammock;Tidewhisper Sandcastle;Woodland;Farmland, 6, 4, 0;0;2;17;0;2;0;6;0;0;3;15
Starfall Hammock;Tidewhisper Sandcastle;Woodland;Farmland, 6, 4, 0;0;2;17;1;0;0;7;6;0;0;9
Starfall Hammock;Tidewhisper Sandcastle;Woodland;Farmland, 6, 4, 0;0;2;18;0;0;3;2;0;0;3;17
Starfall Hammock;Tidewhisper Sandcastle;Woodland;Farmland, 6, 4, 0;0;3;19;0;0;0;8;1;0;2;19
Starfall Hammock;Tidewhisper Sandcastle;Woodland;Farmland, 6, 4, 0;0;8;9;0;0;0;8;1;0;2;19
Starfall Hammock;Tidewhisper Sandcastle;Woodland;Farmland, 6, 4, 0;1;1;17;0;1;0;7;0;6;0;9
Starfall Hammock;Tidewhisper Sandcastle;Woodland;Farmland, 6, 4, 0;1;1;20;0;0;0;8;0;0;3;19
Starfall Hammock;Tidewhisper Sandcastle;Woodland;Farmland, 6, 4, 0;1;2;16;0;0;3;1;0;0;8;8
Starfall Hammock;Tidewhisper Sandcastle;Woodland;Farmland, 6, 4, 0;1;2;19;0;0;0;8;0;0;0;22
Starfall Hammock;Tidewhisper Sandcastle;Woodland;Farmland, 6, 4, 0;6;0;11;0;0;0;8;0;0;2;18
Starfall Hammock;Tidewhisper Sandcastle;Woodland;Farmland, 6, 4, 1;0;1;20;0;0;0;8;1;0;2;19
Starfall Hammock;Tidewhisper Sandcastle;Woodland;Farmland, 6, 4, 1;0;2;19;0;0;0;8;2;0;1;19
Starfall Hammock;Tidewhisper Sandcastle;Woodland;Farmland, 6, 4, 2;0;0;17;2;0;0;6;2;0;1;15
Starfall Hammock;Tidewhisper Sandcastle;Woodland;Farmland, 6, 4, 2;1;0;18;0;0;0;8;0;6;0;10
Starfall Hammock;Tidewhisper Sandcastle;Woodland;Farmland, 6, 4, 3;0;0;18;0;0;0;8;6;0;0;10
Starfall Hammock;Tidewhisper Sandcastle;Woodland;Farmland, 6, 4, 5;0;0;10;2;0;0;5;1;0;2;16
Starfall Hammock;Tidewhisper Sandcastle;Woodland;Farmland, 6, 4, 6;0;0;9;0;0;0;8;6;0;0;9
Starfall Hammock;Tidewhisper Sandcastle;Woodland;Farmland, 6, 4, 6;0;0;11;0;0;0;8;0;0;2;18
Starfall Hammock;Tidewhisper Sandcastle;Woodland;Farmland, 6, 5, 0;0;2;20;0;0;2;1;0;0;9;8
Starfall Hammock;Tidewhisper Sandcastle;Woodland;Farmland, 6, 5, 0;0;2;21;0;0;0;7;0;0;0;24
Starfall Hammock;Tidewhisper Sandcastle;Woodland;Farmland, 6, 5, 0;0;3;19;0;0;2;0;0;0;9;9
Starfall Hammock;Tidewhisper Sandcastle;Woodland;Farmland, 6, 5, 0;0;3;20;0;0;0;7;0;0;9;9
Starfall Hammock;Tidewhisper Sandcastle;Woodland;Farmland, 6, 5, 0;0;3;20;0;0;0;7;6;0;0;11
Starfall Hammock;Tidewhisper Sandcastle;Woodland;Farmland, 6, 5, 0;0;9;7;0;0;0;6;0;0;9;7
Starfall Hammock;Tidewhisper Sandcastle;Woodland;Farmland, 6, 5, 0;0;9;8;0;0;0;7;1;0;1;22
Starfall Hammock;Tidewhisper Sandcastle;Woodland;Farmland, 6, 5, 0;1;1;18;0;2;0;3;1;0;2;18
Starfall Hammock;Tidewhisper Sandcastle;Woodland;Farmland, 6, 5, 0;6;0;12;0;0;0;6;0;6;0;11
Starfall Hammock;Tidewhisper Sandcastle;Woodland;Farmland, 6, 5, 1;0;0;20;1;0;0;5;6;0;0;11
Starfall Hammock;Tidewhisper Sandcastle;Woodland;Farmland, 6, 5, 1;0;0;21;0;0;2;5;1;0;2;18
Starfall Hammock;Tidewhisper Sandcastle;Woodland;Farmland, 6, 5, 1;0;1;18;0;0;2;2;0;0;9;9
Starfall Hammock;Tidewhisper Sandcastle;Woodland;Farmland, 6, 5, 1;0;1;19;0;2;0;2;0;5;0;12
Starfall Hammock;Tidewhisper Sandcastle;Woodland;Farmland, 6, 5, 1;0;1;21;0;0;0;5;0;6;0;13
Starfall Hammock;Tidewhisper Sandcastle;Woodland;Farmland, 6, 5, 1;0;2;20;0;0;0;7;0;0;3;21
Starfall Hammock;Tidewhisper Sandcastle;Woodland;Farmland, 6, 5, 1;0;2;20;0;0;0;7;1;0;2;21
Starfall Hammock;Tidewhisper Sandcastle;Woodland;Farmland, 6, 5, 1;1;1;20;0;0;0;7;1;0;2;21
Starfall Hammock;Tidewhisper Sandcastle;Woodland;Farmland, 6, 5, 2;0;0;18;2;0;0;4;1;0;2;17
Starfall Hammock;Tidewhisper Sandcastle;Woodland;Farmland, 6, 5, 2;0;0;21;0;0;0;7;1;0;2;21
Starfall Hammock;Tidewhisper Sandcastle;Woodland;Farmland, 6, 5, 2;0;1;19;0;1;0;6;0;6;0;9
Starfall Hammock;Tidewhisper Sandcastle;Woodland;Farmland, 6, 5, 2;0;1;21;0;0;0;6;0;0;3;21
Starfall Hammock;Tidewhisper Sandcastle;Woodland;Farmland, 6, 5, 6;0;0;10;1;0;0;5;1;0;2;19
Starfall Hammock;Tidewhisper Sandcastle;Woodland;Farmland, 6, 6, 0;0;1;23;0;0;0;7;0;0;3;21
Starfall Hammock;Tidewhisper Sandcastle;Woodland;Farmland, 6, 6, 0;0;1;23;0;0;0;7;1;0;2;21
Starfall Hammock;Tidewhisper Sandcastle;Woodland;Farmland, 6, 6, 0;0;2;22;0;0;0;7;1;0;2;21
Starfall Hammock;Tidewhisper Sandcastle;Woodland;Farmland, 6, 6, 0;0;3;20;0;0;0;6;7;0;0;10
Starfall Hammock;Tidewhisper Sandcastle;Woodland;Farmland, 6, 6, 0;0;9;9;0;0;0;7;0;0;3;21
Starfall Hammock;Tidewhisper Sandcastle;Woodland;Farmland, 6, 6, 0;1;1;22;0;0;0;7;0;0;0;24
Starfall Hammock;Tidewhisper Sandcastle;Woodland;Farmland, 6, 6, 0;1;1;22;0;0;0;7;1;0;2;21
Starfall Hammock;Tidewhisper Sandcastle;Woodland;Farmland, 6, 6, 0;1;1;22;0;0;0;7;2;0;1;21
Starfall Hammock;Tidewhisper Sandcastle;Woodland;Farmland, 6, 6, 0;1;2;21;0;0;0;7;2;0;1;21
Starfall Hammock;Tidewhisper Sandcastle;Woodland;Farmland, 6, 6, 1;0;0;23;0;0;0;7;2;0;1;21
Starfall Hammock;Tidewhisper Sandcastle;Woodland;Farmland, 6, 6, 1;0;1;22;0;0;0;7;0;0;0;24
Starfall Hammock;Tidewhisper Sandcastle;Woodland;Farmland, 6, 6, 1;0;1;22;0;0;0;7;0;0;9;9
Starfall Hammock;Tidewhisper Sandcastle;Woodland;Farmland, 6, 6, 1;0;2;21;0;0;0;7;3;0;0;21
Starfall Hammock;Tidewhisper Sandcastle;Woodland;Farmland, 6, 6, 1;1;1;19;0;0;2;5;1;0;2;19
Starfall Hammock;Tidewhisper Sandcastle;Woodland;Farmland, 6, 6, 2;0;0;22;0;0;0;7;0;0;0;24
Starfall Hammock;Tidewhisper Sandcastle;Woodland;Farmland, 6, 6, 2;0;1;20;0;0;0;6;0;7;0;10
Starfall Hammock;Tidewhisper Sandcastle;Woodland;Farmland, 6, 6, 2;0;1;20;0;0;0;6;7;0;0;10
Starfall Hammock;Tidewhisper Sandcastle;Woodland;Farmland, 6, 6, 3;0;0;19;0;0;2;1;0;0;9;9
Starfall Hammock;Tidewhisper Sandcastle;Woodland;Farmland, 6, 6, 3;0;0;21;0;0;0;7;1;0;1;22
Starfall Hammock;Tidewhisper Sandcastle;Woodland;Farmland, 6, 6, 6;0;0;12;0;0;0;7;6;0;0;12
Starfall Hammock;Tidewhisper Sandcastle;Woodland;Farmland, 7, 0, 0;0;0;20;0;0;0;12;0;0;2;14
Starfall Hammock;Tidewhisper Sandcastle;Woodland;Farmland, 7, 0, 0;0;0;20;0;0;0;12;1;0;1;14
Starfall Hammock;Tidewhisper Sandcastle;Woodland;Farmland, 7, 0, 0;0;1;15;0;0;0;12;1;0;1;18
Starfall Hammock;Tidewhisper Sandcastle;Woodland;Farmland, 7, 0, 0;0;2;13;0;0;6;0;0;0;6;7
Starfall Hammock;Tidewhisper Sandcastle;Woodland;Farmland, 7, 0, 0;0;2;13;5;0;0;2;0;0;2;12
Starfall Hammock;Tidewhisper Sandcastle;Woodland;Farmland, 7, 0, 0;0;2;14;0;0;0;12;0;0;0;20
Starfall Hammock;Tidewhisper Sandcastle;Woodland;Farmland, 7, 0, 0;0;2;14;0;0;0;12;0;0;2;18
Starfall Hammock;Tidewhisper Sandcastle;Woodland;Farmland, 7, 0, 0;0;2;15;0;0;0;11;0;0;0;20
Starfall Hammock;Tidewhisper Sandcastle;Woodland;Farmland, 7, 0, 0;0;2;17;0;0;0;12;2;0;0;15
Starfall Hammock;Tidewhisper Sandcastle;Woodland;Farmland, 7, 0, 0;0;2;18;0;0;0;12;0;5;0;7
Starfall Hammock;Tidewhisper Sandcastle;Woodland;Farmland, 7, 0, 0;0;4;8;0;0;6;0;0;0;6;8
Starfall Hammock;Tidewhisper Sandcastle;Woodland;Farmland, 7, 0, 0;0;6;7;0;0;0;11;0;0;2;18
Starfall Hammock;Tidewhisper Sandcastle;Woodland;Farmland, 7, 0, 0;0;6;8;0;0;6;0;2;0;0;12
Starfall Hammock;Tidewhisper Sandcastle;Woodland;Farmland, 7, 0, 0;0;6;9;0;0;0;11;0;0;6;8
Starfall Hammock;Tidewhisper Sandcastle;Woodland;Farmland, 7, 0, 0;1;1;18;0;0;0;10;0;0;2;16
Starfall Hammock;Tidewhisper Sandcastle;Woodland;Farmland, 7, 0, 0;1;1;18;0;0;0;12;0;0;2;14
Starfall Hammock;Tidewhisper Sandcastle;Woodland;Farmland, 7, 0, 0;1;1;18;0;0;0;12;1;0;0;15
Starfall Hammock;Tidewhisper Sandcastle;Woodland;Farmland, 7, 0, 1;0;1;13;0;5;0;2;0;0;2;12
Starfall Hammock;Tidewhisper Sandcastle;Woodland;Farmland, 7, 0, 1;0;1;14;0;0;0;12;0;0;0;20
Starfall Hammock;Tidewhisper Sandcastle;Woodland;Farmland, 7, 0, 1;0;1;15;0;0;6;0;1;0;1;13
Starfall Hammock;Tidewhisper Sandcastle;Woodland;Farmland, 7, 0, 1;1;0;18;0;0;0;10;5;0;0;9
Starfall Hammock;Tidewhisper Sandcastle;Woodland;Farmland, 7, 0, 2;0;0;15;0;0;0;12;0;0;6;9
Starfall Hammock;Tidewhisper Sandcastle;Woodland;Farmland, 7, 0, 5;0;0;7;0;0;0;12;2;0;0;18
Starfall Hammock;Tidewhisper Sandcastle;Woodland;Farmland, 7, 0, 5;0;0;8;0;0;0;12;5;0;0;8
Starfall Hammock;Tidewhisper Sandcastle;Woodland;Farmland, 7, 1, 0;0;1;13;0;5;0;2;0;3;0;10
Starfall Hammock;Tidewhisper Sandcastle;Woodland;Farmland, 7, 1, 0;0;2;15;0;0;0;10;0;0;1;21
Starfall Hammock;Tidewhisper Sandcastle;Woodland;Farmland, 7, 1, 0;0;2;19;0;0;0;8;0;6;0;10
Starfall Hammock;Tidewhisper Sandcastle;Woodland;Farmland, 7, 1, 0;0;2;20;0;0;0;10;0;1;0;16
Starfall Hammock;Tidewhisper Sandcastle;Woodland;Farmland, 7, 1, 0;0;2;20;0;0;0;10;2;0;0;15
Starfall Hammock;Tidewhisper Sandcastle;Woodland;Farmland, 7, 1, 0;0;7;7;0;0;5;1;1;0;0;13
Starfall Hammock;Tidewhisper Sandcastle;Woodland;Farmland, 7, 1, 0;0;8;6;0;0;4;0;1;1;0;16
Starfall Hammock;Tidewhisper Sandcastle;Woodland;Farmland, 7, 1, 0;0;8;6;0;0;4;2;2;0;0;14
Starfall Hammock;Tidewhisper Sandcastle;Woodland;Farmland, 7, 1, 0;1;2;19;0;0;0;10;2;0;0;15
Starfall Hammock;Tidewhisper Sandcastle;Woodland;Farmland, 7, 1, 1;0;0;16;0;0;0;10;1;0;2;19
Starfall Hammock;Tidewhisper Sandcastle;Woodland;Farmland, 7, 1, 1;0;1;12;0;0;5;1;0;0;7;7
Starfall Hammock;Tidewhisper Sandcastle;Woodland;Farmland, 7, 1, 1;0;1;13;0;5;0;1;1;0;0;14
Starfall Hammock;Tidewhisper Sandcastle;Woodland;Farmland, 7, 1, 1;0;1;14;0;0;4;1;0;0;8;7
Starfall Hammock;Tidewhisper Sandcastle;Woodland;Farmland, 7, 1, 1;0;1;17;0;0;0;9;0;0;1;21
Starfall Hammock;Tidewhisper Sandcastle;Woodland;Farmland, 7, 1, 1;1;0;13;0;0;4;2;0;0;8;7
Starfall Hammock;Tidewhisper Sandcastle;Woodland;Farmland, 7, 2, 0;0;2;11;0;5;0;0;0;3;0;8
Starfall Hammock;Tidewhisper Sandcastle;Woodland;Farmland, 7, 2, 0;0;8;8;0;0;0;10;0;0;1;20
Starfall Hammock;Tidewhisper Sandcastle;Woodland;Farmland, 7, 2, 0;1;1;10;0;0;5;1;0;0;7;7
Starfall Hammock;Tidewhisper Sandcastle;Woodland;Farmland, 7, 2, 1;0;1;11;5;0;0;0;0;1;1;11
Starfall Hammock;Tidewhisper Sandcastle;Woodland;Farmland, 7, 2, 1;0;1;20;0;0;0;9;0;0;8;8
Starfall Hammock;Tidewhisper Sandcastle;Woodland;Farmland, 7, 2, 1;0;2;17;0;0;0;10;2;0;0;20
Starfall Hammock;Tidewhisper Sandcastle;Woodland;Farmland, 7, 2, 1;0;2;17;0;0;0;10;2;1;0;19
Starfall Hammock;Tidewhisper Sandcastle;Woodland;Farmland, 7, 2, 1;0;2;18;0;0;0;10;1;0;2;18
Starfall Hammock;Tidewhisper Sandcastle;Woodland;Farmland, 7, 2, 1;0;2;19;0;0;0;9;2;0;1;18
Starfall Hammock;Tidewhisper Sandcastle;Woodland;Farmland, 7, 2, 1;0;2;19;0;0;0;10;2;0;0;18
Starfall Hammock;Tidewhisper Sandcastle;Woodland;Farmland, 7, 2, 2;0;0;11;0;5;0;0;0;0;1;12
Starfall Hammock;Tidewhisper Sandcastle;Woodland;Farmland, 7, 2, 2;0;0;19;0;0;0;10;1;0;2;18
Starfall Hammock;Tidewhisper Sandcastle;Woodland;Farmland, 7, 2, 2;0;0;20;0;0;0;10;0;6;0;9
Starfall Hammock;Tidewhisper Sandcastle;Woodland;Farmland, 7, 2, 2;0;1;17;0;0;0;10;1;0;0;21
Starfall Hammock;Tidewhisper Sandcastle;Woodland;Farmland, 7, 2, 2;0;1;17;0;0;0;10;2;0;1;19
Starfall Hammock;Tidewhisper Sandcastle;Woodland;Farmland, 7, 2, 2;0;1;18;0;0;0;9;1;0;2;19
Starfall Hammock;Tidewhisper Sandcastle;Woodland;Farmland, 7, 2, 2;1;0;19;0;0;0;10;1;0;1;18
Starfall Hammock;Tidewhisper Sandcastle;Woodland;Farmland, 7, 2, 3;0;0;18;0;0;0;10;1;0;0;20
Starfall Hammock;Tidewhisper Sandcastle;Woodland;Farmland, 7, 3, 0;0;0;24;0;0;0;8;2;0;1;18
Starfall Hammock;Tidewhisper Sandcastle;Woodland;Farmland, 7, 3, 0;0;1;13;2;0;0;4;6;0;0;11
Starfall Hammock;Tidewhisper Sandcastle;Woodland;Farmland, 7, 3, 0;0;2;11;0;5;0;0;1;1;0;11
Starfall Hammock;Tidewhisper Sandcastle;Woodland;Farmland, 7, 3, 0;0;2;14;0;0;5;0;1;0;2;13
Starfall Hammock;Tidewhisper Sandcastle;Woodland;Farmland, 7, 3, 0;0;2;22;0;0;0;8;1;0;1;19
Starfall Hammock;Tidewhisper Sandcastle;Woodland;Farmland, 7, 3, 0;0;8;10;0;0;0;7;0;0;2;21
Starfall Hammock;Tidewhisper Sandcastle;Woodland;Farmland, 7, 3, 0;1;0;20;0;0;0;8;0;0;3;21
Starfall Hammock;Tidewhisper Sandcastle;Woodland;Farmland, 7, 3, 1;0;1;11;0;0;4;1;0;0;8;9
Starfall Hammock;Tidewhisper Sandcastle;Woodland;Farmland, 7, 3, 1;0;2;21;0;0;0;8;1;0;1;19
Starfall Hammock;Tidewhisper Sandcastle;Woodland;Farmland, 7, 3, 1;1;0;19;0;0;0;8;0;0;0;24
Starfall Hammock;Tidewhisper Sandcastle;Woodland;Farmland, 7, 3, 1;1;0;21;0;0;0;6;0;0;0;24
Starfall Hammock;Tidewhisper Sandcastle;Woodland;Farmland, 7, 3, 2;0;0;11;0;2;0;5;0;6;0;11
Starfall Hammock;Tidewhisper Sandcastle;Woodland;Farmland, 7, 3, 2;0;0;11;5;0;0;0;1;0;0;12
Starfall Hammock;Tidewhisper Sandcastle;Woodland;Farmland, 7, 3, 2;0;1;18;0;0;0;8;0;0;3;21
Starfall Hammock;Tidewhisper Sandcastle;Woodland;Farmland, 7, 4, 0;0;0;24;0;0;0;8;0;0;0;24
Starfall Hammock;Tidewhisper Sandcastle;Woodland;Farmland, 7, 4, 0;0;0;24;0;0;0;8;0;0;2;22
Starfall Hammock;Tidewhisper Sandcastle;Woodland;Farmland, 7, 4, 0;0;0;24;0;0;0;8;1;0;2;21
Starfall Hammock;Tidewhisper Sandcastle;Woodland;Farmland, 7, 4, 0;0;3;21;0;0;0;8;0;0;2;22
Starfall Hammock;Tidewhisper Sandcastle;Woodland;Farmland, 7, 4, 0;0;3;21;0;0;0;8;0;0;8;11
Starfall Hammock;Tidewhisper Sandcastle;Woodland;Farmland, 7, 4, 0;0;3;21;0;0;0;8;1;0;1;22
Starfall Hammock;Tidewhisper Sandcastle;Woodland;Farmland, 7, 4, 1;0;0;18;2;0;0;3;6;0;0;10
Starfall Hammock;Tidewhisper Sandcastle;Woodland;Farmland, 7, 4, 1;0;0;23;0;0;0;8;6;0;0;12
Starfall Hammock;Tidewhisper Sandcastle;Woodland;Farmland, 7, 4, 1;0;2;18;0;2;0;4;0;0;2;19
Starfall Hammock;Tidewhisper Sandcastle;Woodland;Farmland, 7, 4, 1;0;2;21;0;0;0;8;0;0;2;22
Starfall Hammock;Tidewhisper Sandcastle;Woodland;Farmland, 7, 4, 1;1;1;17;0;0;3;2;0;0;8;8
Starfall Hammock;Tidewhisper Sandcastle;Woodland;Farmland, 7, 4, 1;1;1;18;0;0;3;2;0;0;3;17
Starfall Hammock;Tidewhisper Sandcastle;Woodland;Farmland, 7, 4, 1;1;1;18;0;0;3;2;0;0;8;7
Starfall Hammock;Tidewhisper Sandcastle;Woodland;Farmland, 7, 4, 1;1;1;21;0;0;0;8;0;0;2;22
Starfall Hammock;Tidewhisper Sandcastle;Woodland;Farmland, 7, 4, 1;1;1;21;0;0;0;8;1;0;1;22
Starfall Hammock;Tidewhisper Sandcastle;Woodland;Farmland, 7, 4, 2;0;1;21;0;0;0;8;0;0;0;24
Starfall Hammock;Tidewhisper Sandcastle;Woodland;Farmland, 7, 4, 2;0;1;21;0;0;0;8;2;0;1;21
Starfall Hammock;Tidewhisper Sandcastle;Woodland;Farmland, 7, 5, 0;0;2;24;0;0;0;3;0;0;9;11
Starfall Hammock;Tidewhisper Sandcastle;Woodland;Farmland, 7, 5, 0;0;3;23;0;0;0;4;0;6;0;14
Starfall Hammock;Tidewhisper Sandcastle;Woodland;Farmland, 7, 5, 0;0;3;23;0;0;0;4;1;0;2;23
Starfall Hammock;Tidewhisper Sandcastle;Woodland;Farmland, 7, 5, 0;0;3;23;0;0;0;4;6;0;0;14
Starfall Hammock;Tidewhisper Sandcastle;Woodland;Farmland, 7, 5, 2;0;1;21;0;0;0;6;1;0;2;22
Starfall Hammock;Tidewhisper Sandcastle;Woodland;Farmland, 7, 5, 2;0;1;22;0;0;0;5;0;0;0;26
Starfall Hammock;Tidewhisper Sandcastle;Woodland;Farmland, 7, 6, 0;0;0;26;0;0;0;6;1;0;0;24
Starfall Hammock;Tidewhisper Sandcastle;Woodland;Farmland, 7, 6, 0;0;9;8;0;0;1;3;0;0;9;10
Starfall Hammock;Tidewhisper Sandcastle;Woodland;Farmland, 7, 6, 0;0;9;8;0;0;1;4;0;0;9;9
Starfall Hammock;Tidewhisper Sandcastle;Woodland;Farmland, 7, 6, 0;0;9;8;0;0;2;3;0;0;8;10
Starfall Hammock;Tidewhisper Sandcastle;Woodland;Farmland, 7, 6, 0;0;9;10;0;0;2;2;2;0;1;20
Starfall Hammock;Tidewhisper Sandcastle;Woodland;Farmland, 7, 6, 1;0;1;23;0;0;0;6;0;0;0;26
Starfall Hammock;Tidewhisper Sandcastle;Woodland;Farmland, 7, 6, 1;0;1;24;0;0;0;6;1;0;2;22
Starfall Hammock;Tidewhisper Sandcastle;Woodland;Farmland, 7, 6, 1;0;2;22;0;0;0;6;0;0;3;23
Starfall Hammock;Tidewhisper Sandcastle;Woodland;Farmland, 7, 6, 2;0;1;23;0;0;0;5;0;0;3;23
Starfall Hammock;Tidewhisper Sandcastle;Woodland;Farmland, 7, 6, 7;0;0;9;0;0;0;4;7;0;0;9
Starfall Hammock;Tidewhisper Sandcastle;Woodland;Farmland, 7, 7, 0;0;0;28;0;0;0;4;0;1;2;21
Starfall Hammock;Tidewhisper Sandcastle;Woodland;Farmland, 7, 7, 0;0;1;27;0;0;0;1;1;0;2;25
Starfall Hammock;Tidewhisper Sandcastle;Woodland;Farmland, 7, 7, 0;0;9;9;0;0;2;0;0;0;8;12
Starfall Hammock;Tidewhisper Sandcastle;Woodland;Farmland, 7, 7, 0;0;9;10;0;0;1;3;0;0;9;8
Starfall Hammock;Tidewhisper Sandcastle;Woodland;Farmland, 7, 7, 0;0;9;10;0;0;2;2;0;0;3;20
Starfall Hammock;Tidewhisper Sandcastle;Woodland;Farmland, 7, 7, 1;0;2;25;0;0;0;1;0;0;1;27
Starfall Hammock;Tidewhisper Sandcastle;Woodland;Farmland, 7, 7, 7;0;0;11;1;0;0;0;7;0;0;5
Starfall Hammock;Tidewhisper Sandcastle;Woodland;Farmland, 8, 0, 0;0;0;20;0;0;0;12;0;0;0;20
Starfall Hammock;Tidewhisper Sandcastle;Woodland;Farmland, 8, 0, 0;0;0;20;0;0;0;12;2;0;0;18
Starfall Hammock;Tidewhisper Sandcastle;Woodland;Farmland, 8, 0, 0;0;0;22;0;0;0;10;0;0;0;22
Starfall Hammock;Tidewhisper Sandcastle;Woodland;Farmland, 8, 0, 0;0;0;22;0;0;0;10;1;0;1;20
Starfall Hammock;Tidewhisper Sandcastle;Woodland;Farmland, 8, 0, 0;0;1;18;0;0;6;0;0;0;2;15
Starfall Hammock;Tidewhisper Sandcastle;Woodland;Farmland, 8, 0, 0;0;1;19;0;0;0;12;0;0;0;20
Starfall Hammock;Tidewhisper Sandcastle;Woodland;Farmland, 8, 0, 0;0;1;19;0;0;0;12;0;0;2;18
Starfall Hammock;Tidewhisper Sandcastle;Woodland;Farmland, 8, 0, 0;0;1;19;0;0;6;0;0;0;6;6
Starfall Hammock;Tidewhisper Sandcastle;Woodland;Farmland, 8, 0, 0;0;1;21;0;0;0;10;0;0;0;22
Starfall Hammock;Tidewhisper Sandcastle;Woodland;Farmland, 8, 0, 0;0;1;21;0;0;0;10;0;0;1;21
Starfall Hammock;Tidewhisper Sandcastle;Woodland;Farmland, 8, 0, 0;0;1;21;0;0;0;10;0;0;2;20
Starfall Hammock;Tidewhisper Sandcastle;Woodland;Farmland, 8, 0, 0;0;1;21;0;0;0;10;0;0;6;12
Starfall Hammock;Tidewhisper Sandcastle;Woodland;Farmland, 8, 0, 0;0;1;21;0;0;0;10;0;5;0;11
Starfall Hammock;Tidewhisper Sandcastle;Woodland;Farmland, 8, 0, 0;0;1;21;0;0;0;10;1;0;1;20
Starfall Hammock;Tidewhisper Sandcastle;Woodland;Farmland, 8, 0, 0;0;2;20;0;0;0;10;0;0;2;20
Starfall Hammock;Tidewhisper Sandcastle;Woodland;Farmland, 8, 0, 0;0;6;7;0;0;6;0;0;0;6;9
Starfall Hammock;Tidewhisper Sandcastle;Woodland;Farmland, 8, 0, 0;0;6;8;0;0;6;0;1;0;1;16
Starfall Hammock;Tidewhisper Sandcastle;Woodland;Farmland, 8, 0, 0;0;6;10;0;0;6;0;0;0;6;6
Starfall Hammock;Tidewhisper Sandcastle;Woodland;Farmland, 8, 0, 0;0;6;12;0;0;0;10;0;0;2;20
Starfall Hammock;Tidewhisper Sandcastle;Woodland;Farmland, 8, 0, 0;1;0;21;0;0;0;10;0;0;2;20
Starfall Hammock;Tidewhisper Sandcastle;Woodland;Farmland, 8, 0, 0;5;0;8;0;3;0;2;0;0;2;18
Starfall Hammock;Tidewhisper Sandcastle;Woodland;Farmland, 8, 0, 0;5;0;8;0;3;0;2;0;5;0;9
Starfall Hammock;Tidewhisper Sandcastle;Woodland;Farmland, 8, 0, 0;5;0;9;0;3;0;2;0;5;0;8
Starfall Hammock;Tidewhisper Sandcastle;Woodland;Farmland, 8, 0, 1;0;0;19;0;0;0;12;0;0;2;18
Starfall Hammock;Tidewhisper Sandcastle;Woodland;Farmland, 8, 0, 1;0;1;18;0;0;0;12;0;0;2;18
Starfall Hammock;Tidewhisper Sandcastle;Woodland;Farmland, 8, 0, 1;0;1;20;0;0;0;9;5;0;0;12
Starfall Hammock;Tidewhisper Sandcastle;Woodland;Farmland, 8, 0, 1;0;1;20;0;0;0;10;0;0;2;20
Starfall Hammock;Tidewhisper Sandcastle;Woodland;Farmland, 8, 0, 1;0;1;20;0;0;0;10;1;0;1;20
Starfall Hammock;Tidewhisper Sandcastle;Woodland;Farmland, 8, 0, 1;1;0;18;0;0;0;12;2;0;0;18
Starfall Hammock;Tidewhisper Sandcastle;Woodland;Farmland, 8, 0, 2;0;0;13;0;5;0;2;0;3;0;11
Starfall Hammock;Tidewhisper Sandcastle;Woodland;Farmland, 8, 0, 5;0;0;8;3;0;0;2;5;0;0;9
Starfall Hammock;Tidewhisper Sandcastle;Woodland;Farmland, 8, 0, 5;0;0;9;3;0;0;2;5;0;0;8
Starfall Hammock;Tidewhisper Sandcastle;Woodland;Farmland, 8, 0, 5;0;0;11;3;0;0;2;2;0;0;15
Starfall Hammock;Tidewhisper Sandcastle;Woodland;Farmland, 8, 0, 5;0;0;12;0;0;0;9;1;0;1;20
Starfall Hammock;Tidewhisper Sandcastle;Woodland;Farmland, 8, 1, 0;0;2;13;5;0;0;2;0;0;1;15
Starfall Hammock;Tidewhisper Sandcastle;Woodland;Farmland, 8, 1, 0;0;2;14;0;0;4;2;0;0;8;9
Starfall Hammock;Tidewhisper Sandcastle;Woodland;Farmland, 8, 1, 0;0;2;22;0;0;0;8;0;0;2;19
Starfall Hammock;Tidewhisper Sandcastle;Woodland;Farmland, 8, 1, 0;0;2;22;0;0;0;8;0;1;1;19
Starfall Hammock;Tidewhisper Sandcastle;Woodland;Farmland, 8, 1, 0;0;7;7;0;0;3;3;0;0;8;8
Starfall Hammock;Tidewhisper Sandcastle;Woodland;Farmland, 8, 1, 0;0;8;7;0;0;4;0;0;1;1;18
Starfall Hammock;Tidewhisper Sandcastle;Woodland;Farmland, 8, 1, 0;0;8;7;0;0;4;2;0;0;6;8
Starfall Hammock;Tidewhisper Sandcastle;Woodland;Farmland, 8, 1, 0;0;8;9;0;0;4;2;0;0;2;14
Starfall Hammock;Tidewhisper Sandcastle;Woodland;Farmland, 8, 1, 0;1;2;21;0;0;0;8;0;0;2;19
Starfall Hammock;Tidewhisper Sandcastle;Woodland;Farmland, 8, 1, 0;6;0;10;0;1;0;3;0;6;0;8
Starfall Hammock;Tidewhisper Sandcastle;Woodland;Farmland, 8, 1, 1;0;1;21;0;0;0;7;2;0;0;22
Starfall Hammock;Tidewhisper Sandcastle;Woodland;Farmland, 8, 1, 1;0;2;18;0;0;0;10;0;0;2;19
Starfall Hammock;Tidewhisper Sandcastle;Woodland;Farmland, 8, 1, 1;1;0;22;0;0;0;6;0;0;2;22
Starfall Hammock;Tidewhisper Sandcastle;Woodland;Farmland, 8, 1, 2;0;0;18;0;0;0;10;0;0;0;22
Starfall Hammock;Tidewhisper Sandcastle;Woodland;Farmland, 8, 1, 2;0;0;19;0;0;0;8;0;0;8;11
Starfall Hammock;Tidewhisper Sandcastle;Woodland;Farmland, 8, 1, 6;0;0;8;1;0;0;4;6;0;0;9
Starfall Hammock;Tidewhisper Sandcastle;Woodland;Farmland, 8, 1, 6;0;0;10;1;0;0;3;6;0;0;8
Starfall Hammock;Tidewhisper Sandcastle;Woodland;Farmland, 8, 2, 0;0;0;22;0;0;0;10;1;0;2;19
Starfall Hammock;Tidewhisper Sandcastle;Woodland;Farmland, 8, 2, 0;0;0;23;0;0;0;9;0;0;3;20
Starfall Hammock;Tidewhisper Sandcastle;Woodland;Farmland, 8, 2, 0;0;0;24;0;0;0;7;0;0;3;21
Starfall Hammock;Tidewhisper Sandcastle;Woodland;Farmland, 8, 2, 0;0;0;24;0;0;0;8;0;0;3;20
Starfall Hammock;Tidewhisper Sandcastle;Woodland;Farmland, 8, 2, 0;0;2;22;0;0;0;7;0;0;3;21
Starfall Hammock;Tidewhisper Sandcastle;Woodland;Farmland, 8, 2, 0;0;8;8;0;0;4;1;0;0;2;16
Starfall Hammock;Tidewhisper Sandcastle;Woodland;Farmland, 8, 2, 0;0;8;9;0;0;4;2;0;0;6;6
Starfall Hammock;Tidewhisper Sandcastle;Woodland;Farmland, 8, 2, 0;0;8;10;0;0;2;4;0;0;8;7
Starfall Hammock;Tidewhisper Sandcastle;Woodland;Farmland, 8, 2, 0;0;8;11;0;0;0;7;0;0;8;11
Starfall Hammock;Tidewhisper Sandcastle;Woodland;Farmland, 8, 2, 0;1;2;20;0;0;0;8;1;0;2;21
Starfall Hammock;Tidewhisper Sandcastle;Woodland;Farmland, 8, 2, 0;1;2;21;0;0;0;7;0;0;3;21
Starfall Hammock;Tidewhisper Sandcastle;Woodland;Farmland, 8, 2, 0;6;0;12;0;2;0;2;1;0;1;16
Starfall Hammock;Tidewhisper Sandcastle;Woodland;Farmland, 8, 2, 1;0;1;21;0;0;0;9;0;0;3;20
Starfall Hammock;Tidewhisper Sandcastle;Woodland;Farmland, 8, 2, 1;0;1;22;0;0;0;8;0;0;3;20
Starfall Hammock;Tidewhisper Sandcastle;Woodland;Farmland, 8, 2, 1;0;2;19;0;0;0;10;0;0;0;22
Starfall Hammock;Tidewhisper Sandcastle;Woodland;Farmland, 8, 2, 1;0;2;19;0;0;0;10;1;1;0;20
Starfall Hammock;Tidewhisper Sandcastle;Woodland;Farmland, 8, 2, 1;0;2;20;0;0;0;9;0;0;3;20
Starfall Hammock;Tidewhisper Sandcastle;Woodland;Farmland, 8, 2, 6;0;0;12;2;0;0;1;2;0;0;17
Starfall Hammock;Tidewhisper Sandcastle;Woodland;Farmland, 8, 3, 0;0;0;22;0;0;0;7;0;0;0;25
Starfall Hammock;Tidewhisper Sandcastle;Woodland;Farmland, 8, 3, 0;0;0;26;0;0;0;6;0;0;3;19
Starfall Hammock;Tidewhisper Sandcastle;Woodland;Farmland, 8, 3, 0;0;3;23;0;0;0;6;1;0;2;19
Starfall Hammock;Tidewhisper Sandcastle;Woodland;Farmland, 8, 3, 0;0;6;6;0;0;5;0;0;0;7;8
Starfall Hammock;Tidewhisper Sandcastle;Woodland;Farmland, 8, 3, 0;0;6;8;0;0;4;0;0;0;8;9
Starfall Hammock;Tidewhisper Sandcastle;Woodland;Farmland, 8, 3, 0;0;8;8;0;0;2;4;0;0;8;10
Starfall Hammock;Tidewhisper Sandcastle;Woodland;Farmland, 8, 3, 0;0;8;8;0;0;2;5;0;0;8;9
Starfall Hammock;Tidewhisper Sandcastle;Woodland;Farmland, 8, 3, 0;0;8;8;0;0;4;1;0;0;6;8
Starfall Hammock;Tidewhisper Sandcastle;Woodland;Farmland, 8, 3, 0;0;8;8;0;0;4;1;1;0;1;16
Starfall Hammock;Tidewhisper Sandcastle;Woodland;Farmland, 8, 3, 0;0;8;9;0;0;2;5;0;0;8;8
Starfall Hammock;Tidewhisper Sandcastle;Woodland;Farmland, 8, 3, 0;0;8;9;0;0;4;1;1;0;1;15
Starfall Hammock;Tidewhisper Sandcastle;Woodland;Farmland, 8, 3, 0;0;8;12;0;0;0;5;1;0;2;22
Starfall Hammock;Tidewhisper Sandcastle;Woodland;Farmland, 8, 3, 0;3;0;9;0;5;0;0;0;3;0;8
Starfall Hammock;Tidewhisper Sandcastle;Woodland;Farmland, 8, 3, 0;6;0;12;0;0;0;5;2;0;0;24
Starfall Hammock;Tidewhisper Sandcastle;Woodland;Farmland, 8, 3, 1;1;1;21;0;0;0;5;0;0;3;23
Starfall Hammock;Tidewhisper Sandcastle;Woodland;Farmland, 8, 3, 2;0;1;22;0;0;0;7;1;0;1;20
Starfall Hammock;Tidewhisper Sandcastle;Woodland;Farmland, 8, 4, 0;0;0;25;0;0;0;7;0;0;0;24
Starfall Hammock;Tidewhisper Sandcastle;Woodland;Farmland, 8, 4, 0;0;0;25;0;0;0;7;1;0;2;21
Starfall Hammock;Tidewhisper Sandcastle;Woodland;Farmland, 8, 4, 0;0;2;24;0;0;0;5;0;0;3;22
Starfall Hammock;Tidewhisper Sandcastle;Woodland;Farmland, 8, 4, 0;0;2;24;0;0;0;6;1;0;1;22
Starfall Hammock;Tidewhisper Sandcastle;Woodland;Farmland, 8, 4, 0;0;3;21;0;0;0;6;1;0;2;23
Starfall Hammock;Tidewhisper Sandcastle;Woodland;Farmland, 8, 4, 0;0;3;21;0;0;0;8;1;0;0;23
Starfall Hammock;Tidewhisper Sandcastle;Woodland;Farmland, 8, 4, 0;0;8;8;0;0;3;1;0;0;8;11
Starfall Hammock;Tidewhisper Sandcastle;Woodland;Farmland, 8, 4, 0;0;8;9;0;0;3;0;0;0;8;11
Starfall Hammock;Tidewhisper Sandcastle;Woodland;Farmland, 8, 4, 0;0;8;9;0;0;3;1;0;0;3;20
Starfall Hammock;Tidewhisper Sandcastle;Woodland;Farmland, 8, 4, 0;0;8;9;0;0;3;2;0;0;3;19
Starfall Hammock;Tidewhisper Sandcastle;Woodland;Farmland, 8, 4, 0;0;8;9;0;0;3;2;0;0;8;9
Starfall Hammock;Tidewhisper Sandcastle;Woodland;Farmland, 8, 4, 0;0;8;9;0;0;3;2;1;0;2;19
Starfall Hammock;Tidewhisper Sandcastle;Woodland;Farmland, 8, 4, 0;0;8;10;0;0;3;0;0;0;8;10
Starfall Hammock;Tidewhisper Sandcastle;Woodland;Farmland, 8, 4, 0;0;8;10;0;0;3;2;0;0;8;8
Starfall Hammock;Tidewhisper Sandcastle;Woodland;Farmland, 8, 4, 0;0;8;11;0;0;3;0;0;0;8;9
Starfall Hammock;Tidewhisper Sandcastle;Woodland;Farmland, 8, 4, 0;0;8;12;0;0;0;6;0;0;8;12
Starfall Hammock;Tidewhisper Sandcastle;Woodland;Farmland, 8, 4, 0;0;8;13;0;0;0;4;0;0;3;23
Starfall Hammock;Tidewhisper Sandcastle;Woodland;Farmland, 8, 4, 0;0;8;13;0;0;0;5;0;0;8;12
Starfall Hammock;Tidewhisper Sandcastle;Woodland;Farmland, 8, 4, 0;6;0;12;0;2;0;2;2;0;0;18
Starfall Hammock;Tidewhisper Sandcastle;Woodland;Farmland, 8, 4, 0;6;0;13;0;0;0;5;0;6;0;14
Starfall Hammock;Tidewhisper Sandcastle;Woodland;Farmland, 8, 4, 0;6;0;15;0;0;0;4;1;0;1;24
Starfall Hammock;Tidewhisper Sandcastle;Woodland;Farmland, 8, 4, 1;0;1;22;0;0;0;7;1;0;2;22
Starfall Hammock;Tidewhisper Sandcastle;Woodland;Farmland, 8, 4, 1;0;1;22;0;0;0;8;1;0;1;22
Starfall Hammock;Tidewhisper Sandcastle;Woodland;Farmland, 8, 4, 1;0;2;23;0;0;0;6;0;0;1;23
Starfall Hammock;Tidewhisper Sandcastle;Woodland;Farmland, 8, 4, 6;0;0;11;2;0;0;2;2;0;0;19
Starfall Hammock;Tidewhisper Sandcastle;Woodland;Farmland, 8, 4, 6;0;0;11;2;0;0;3;1;0;1;18
Starfall Hammock;Tidewhisper Sandcastle;Woodland;Farmland, 8, 4, 6;0;0;12;2;0;0;2;0;0;1;19
Starfall Hammock;Tidewhisper Sandcastle;Woodland;Farmland, 8, 4, 6;0;0;14;0;0;0;5;0;0;2;24
Starfall Hammock;Tidewhisper Sandcastle;Woodland;Farmland, 8, 4, 6;0;0;14;0;0;0;5;6;0;0;13
Starfall Hammock;Tidewhisper Sandcastle;Woodland;Farmland, 8, 5, 0;0;0;27;0;0;0;5;3;0;0;21
Starfall Hammock;Tidewhisper Sandcastle;Woodland;Farmland, 8, 5, 0;0;2;24;0;0;0;6;2;0;0;22
Starfall Hammock;Tidewhisper Sandcastle;Woodland;Farmland, 8, 5, 0;0;2;25;0;0;0;5;0;0;3;21
Starfall Hammock;Tidewhisper Sandcastle;Woodland;Farmland, 8, 5, 0;0;9;10;0;0;2;3;1;0;2;18
Starfall Hammock;Tidewhisper Sandcastle;Woodland;Farmland, 8, 5, 0;6;0;10;0;2;0;2;0;6;0;10
Starfall Hammock;Tidewhisper Sandcastle;Woodland;Farmland, 8, 5, 0;6;0;12;0;2;0;2;0;0;1;20
Starfall Hammock;Tidewhisper Sandcastle;Woodland;Farmland, 8, 5, 0;6;0;13;0;2;0;2;0;0;3;17
Starfall Hammock;Tidewhisper Sandcastle;Woodland;Farmland, 8, 5, 0;6;0;13;0;2;0;2;2;1;0;17
Starfall Hammock;Tidewhisper Sandcastle;Woodland;Farmland, 8, 5, 0;6;0;14;0;0;0;4;0;6;0;16
Starfall Hammock;Tidewhisper Sandcastle;Woodland;Farmland, 8, 5, 0;6;0;16;0;0;0;3;1;0;2;23
Starfall Hammock;Tidewhisper Sandcastle;Woodland;Farmland, 8, 5, 1;0;1;25;0;0;0;2;1;0;2;24
Starfall Hammock;Tidewhisper Sandcastle;Woodland;Farmland, 8, 5, 1;0;2;21;0;0;0;6;0;0;2;24
Starfall Hammock;Tidewhisper Sandcastle;Woodland;Farmland, 8, 5, 1;0;2;23;0;0;0;6;1;0;1;22
Starfall Hammock;Tidewhisper Sandcastle;Woodland;Farmland, 8, 5, 2;0;1;21;0;0;0;6;1;0;1;24
Starfall Hammock;Tidewhisper Sandcastle;Woodland;Farmland, 8, 5, 2;0;1;22;0;0;0;6;1;0;1;23
Starfall Hammock;Tidewhisper Sandcastle;Woodland;Farmland, 8, 5, 2;1;0;24;0;0;0;2;0;0;3;24
Starfall Hammock;Tidewhisper Sandcastle;Woodland;Farmland, 8, 5, 6;0;0;10;2;0;0;2;6;0;0;10
Starfall Hammock;Tidewhisper Sandcastle;Woodland;Farmland, 8, 5, 6;0;0;12;2;0;0;2;1;0;2;18
Starfall Hammock;Tidewhisper Sandcastle;Woodland;Farmland, 8, 5, 6;0;0;15;0;0;0;5;1;1;0;23
Starfall Hammock;Tidewhisper Sandcastle;Woodland;Farmland, 8, 5, 6;0;0;16;0;0;0;2;6;0;0;16
Starfall Hammock;Tidewhisper Sandcastle;Woodland;Farmland, 8, 5, 6;0;0;16;0;0;0;4;6;0;0;14
Starfall Hammock;Tidewhisper Sandcastle;Woodland;Farmland, 8, 6, 0;0;0;26;0;0;0;5;0;0;0;27
Starfall Hammock;Tidewhisper Sandcastle;Woodland;Farmland, 8, 6, 0;0;0;26;0;0;0;6;0;0;0;26
Starfall Hammock;Tidewhisper Sandcastle;Woodland;Farmland, 8, 6, 0;0;0;26;0;0;0;6;1;0;2;23
Starfall Hammock;Tidewhisper Sandcastle;Woodland;Farmland, 8, 6, 0;0;0;26;0;0;0;6;2;0;1;23
Starfall Hammock;Tidewhisper Sandcastle;Woodland;Farmland, 8, 6, 0;0;0;27;0;0;0;5;0;0;0;26
Starfall Hammock;Tidewhisper Sandcastle;Woodland;Farmland, 8, 6, 0;0;0;27;0;0;0;5;1;0;1;24
Starfall Hammock;Tidewhisper Sandcastle;Woodland;Farmland, 8, 6, 0;0;0;27;0;0;0;5;2;0;1;23
Starfall Hammock;Tidewhisper Sandcastle;Woodland;Farmland, 8, 6, 0;0;3;23;0;0;0;6;0;0;3;23
Starfall Hammock;Tidewhisper Sandcastle;Woodland;Farmland, 8, 6, 0;0;3;23;0;0;0;6;2;0;1;23
Starfall Hammock;Tidewhisper Sandcastle;Woodland;Farmland, 8, 6, 0;0;9;10;0;0;2;0;0;0;1;25
Starfall Hammock;Tidewhisper Sandcastle;Woodland;Farmland, 8, 6, 0;0;9;10;0;0;2;0;0;0;3;23
Starfall Hammock;Tidewhisper Sandcastle;Woodland;Farmland, 8, 6, 0;0;9;11;0;0;0;5;0;0;9;12
Starfall Hammock;Tidewhisper Sandcastle;Woodland;Farmland, 8, 6, 0;0;9;11;0;0;2;1;2;0;0;22
Starfall Hammock;Tidewhisper Sandcastle;Woodland;Farmland, 8, 6, 0;1;1;25;0;0;0;5;1;1;1;23
Starfall Hammock;Tidewhisper Sandcastle;Woodland;Farmland, 8, 6, 0;6;0;12;0;2;0;0;0;6;0;12
Starfall Hammock;Tidewhisper Sandcastle;Woodland;Farmland, 8, 6, 0;6;0;13;0;1;0;1;0;7;0;10
Starfall Hammock;Tidewhisper Sandcastle;Woodland;Farmland, 8, 6, 0;6;0;13;0;2;0;1;1;0;2;19
Starfall Hammock;Tidewhisper Sandcastle;Woodland;Farmland, 8, 6, 0;7;0;10;0;0;0;3;0;7;0;11
Starfall Hammock;Tidewhisper Sandcastle;Woodland;Farmland, 8, 6, 0;7;0;10;0;0;0;4;0;7;0;10
Starfall Hammock;Tidewhisper Sandcastle;Woodland;Farmland, 8, 6, 0;7;0;10;0;1;0;1;0;6;0;13
Starfall Hammock;Tidewhisper Sandcastle;Woodland;Farmland, 8, 6, 0;7;0;10;0;1;0;2;0;6;0;12
Starfall Hammock;Tidewhisper Sandcastle;Woodland;Farmland, 8, 6, 0;7;0;11;0;0;0;2;0;7;0;11
Starfall Hammock;Tidewhisper Sandcastle;Woodland;Farmland, 8, 6, 0;7;0;12;0;1;0;2;2;0;1;21
Starfall Hammock;Tidewhisper Sandcastle;Woodland;Farmland, 8, 6, 0;7;0;13;0;0;0;4;1;0;2;23
Starfall Hammock;Tidewhisper Sandcastle;Woodland;Farmland, 8, 6, 1;0;0;26;0;0;0;4;2;0;1;24
Starfall Hammock;Tidewhisper Sandcastle;Woodland;Farmland, 8, 6, 1;0;2;23;0;0;0;5;1;0;2;24
Starfall Hammock;Tidewhisper Sandcastle;Woodland;Farmland, 8, 6, 1;0;2;24;0;0;0;5;1;0;1;24
Starfall Hammock;Tidewhisper Sandcastle;Woodland;Farmland, 8, 6, 2;0;0;24;0;0;0;6;1;0;1;24
Starfall Hammock;Tidewhisper Sandcastle;Woodland;Farmland, 8, 6, 2;0;1;23;0;0;0;6;0;0;2;24
Starfall Hammock;Tidewhisper Sandcastle;Woodland;Farmland, 8, 6, 6;0;0;12;2;0;0;0;6;0;0;12
Starfall Hammock;Tidewhisper Sandcastle;Woodland;Farmland, 8, 6, 6;0;0;13;1;0;0;1;7;0;0;10
Starfall Hammock;Tidewhisper Sandcastle;Woodland;Farmland, 8, 6, 6;0;0;13;2;0;0;0;2;0;0;21
Starfall Hammock;Tidewhisper Sandcastle;Woodland;Farmland, 8, 6, 7;0;0;10;1;0;0;1;6;0;0;13
Starfall Hammock;Tidewhisper Sandcastle;Woodland;Farmland, 8, 6, 7;0;0;10;1;0;0;2;6;0;0;12
Starfall Hammock;Tidewhisper Sandcastle;Woodland;Farmland, 8, 6, 7;0;0;11;0;0;0;2;7;0;0;11
Starfall Hammock;Tidewhisper Sandcastle;Woodland;Farmland, 8, 6, 7;0;0;11;0;0;0;3;7;0;0;10
Starfall Hammock;Tidewhisper Sandcastle;Woodland;Farmland, 8, 6, 7;0;0;12;0;0;0;5;1;0;2;23
Starfall Hammock;Tidewhisper Sandcastle;Woodland;Farmland, 8, 6, 7;0;0;12;1;0;0;2;2;0;1;21
Starfall Hammock;Tidewhisper Sandcastle;Woodland;Farmland, 8, 7, 0;0;0;28;0;0;0;4;2;0;1;23
Starfall Hammock;Tidewhisper Sandcastle;Woodland;Farmland, 8, 7, 0;0;9;13;0;0;0;3;0;0;3;24
Starfall Hammock;Tidewhisper Sandcastle;Woodland;Farmland, 8, 7, 0;1;2;23;0;0;0;4;1;0;2;25
Starfall Hammock;Tidewhisper Sandcastle;Woodland;Farmland, 8, 7, 0;1;2;23;0;0;0;4;2;0;1;25
Starfall Hammock;Tidewhisper Sandcastle;Woodland;Farmland, 8, 7, 0;6;0;14;0;2;0;0;1;0;2;20
Starfall Hammock;Tidewhisper Sandcastle;Woodland;Farmland, 8, 7, 0;7;0;9;0;0;0;2;0;7;0;14
Starfall Hammock;Tidewhisper Sandcastle;Woodland;Farmland, 8, 7, 0;7;0;9;0;1;0;0;0;7;0;10
Starfall Hammock;Tidewhisper Sandcastle;Woodland;Farmland, 8, 7, 0;7;0;10;0;1;0;0;0;7;0;9
Starfall Hammock;Tidewhisper Sandcastle;Woodland;Farmland, 8, 7, 0;7;0;13;0;1;0;2;1;0;1;22
Starfall Hammock;Tidewhisper Sandcastle;Woodland;Farmland, 8, 7, 0;7;0;13;0;1;0;2;1;0;2;21
Starfall Hammock;Tidewhisper Sandcastle;Woodland;Farmland, 8, 7, 0;7;0;14;0;0;0;3;2;0;1;25
Starfall Hammock;Tidewhisper Sandcastle;Woodland;Farmland, 8, 7, 1;0;1;26;0;0;0;4;1;0;2;23
Starfall Hammock;Tidewhisper Sandcastle;Woodland;Farmland, 8, 7, 1;0;2;23;0;0;0;4;0;0;3;25
Starfall Hammock;Tidewhisper Sandcastle;Woodland;Farmland, 8, 7, 1;0;2;25;0;0;0;3;1;0;1;25
Starfall Hammock;Tidewhisper Sandcastle;Woodland;Farmland, 8, 7, 1;0;2;25;0;0;0;4;1;0;2;23
Starfall Hammock;Tidewhisper Sandcastle;Woodland;Farmland, 8, 7, 2;0;0;26;0;0;0;4;1;0;1;24
Starfall Hammock;Tidewhisper Sandcastle;Woodland;Farmland, 8, 7, 2;0;1;19;2;0;0;1;6;0;0;14
Starfall Hammock;Tidewhisper Sandcastle;Woodland;Farmland, 8, 7, 2;0;1;21;0;1;0;2;0;7;0;13
Starfall Hammock;Tidewhisper Sandcastle;Woodland;Farmland, 8, 7, 3;0;0;21;1;0;0;2;7;0;0;13
Starfall Hammock;Tidewhisper Sandcastle;Woodland;Farmland, 8, 7, 6;0;0;14;2;0;0;0;0;0;3;20
Starfall Hammock;Tidewhisper Sandcastle;Woodland;Farmland, 8, 7, 7;0;0;9;1;0;0;0;7;0;0;10
Starfall Hammock;Tidewhisper Sandcastle;Woodland;Farmland, 8, 7, 7;0;0;10;1;0;0;0;7;0;0;9
Starfall Hammock;Tidewhisper Sandcastle;Woodland;Farmland, 8, 7, 7;0;0;13;1;0;0;2;0;0;3;21
Starfall Hammock;Tidewhisper Sandcastle;Woodland;Farmland, 8, 7, 7;0;0;13;1;0;0;2;0;1;2;21
Starfall Hammock;Tidewhisper Sandcastle;Woodland;Farmland, 8, 7, 7;0;0;14;0;0;0;2;7;0;0;9
Starfall Hammock;Tidewhisper Sandcastle;Woodland;Farmland, 8, 7, 7;0;0;14;0;0;0;3;2;0;1;25
Starfall Hammock;Tidewhisper Sandcastle;Woodland;Farmland, 8, 8, 0;0;0;28;0;0;0;4;0;0;0;28
Starfall Hammock;Tidewhisper Sandcastle;Woodland;Farmland, 8, 8, 0;0;0;28;0;0;0;4;0;0;3;25
Starfall Hammock;Tidewhisper Sandcastle;Woodland;Farmland, 8, 8, 0;0;0;28;0;0;0;4;1;0;2;25
Starfall Hammock;Tidewhisper Sandcastle;Woodland;Farmland, 8, 8, 0;0;1;25;0;0;2;2;0;0;9;11
Starfall Hammock;Tidewhisper Sandcastle;Woodland;Farmland, 8, 8, 0;0;2;24;1;0;0;0;7;0;0;14
Starfall Hammock;Tidewhisper Sandcastle;Woodland;Farmland, 8, 8, 0;0;2;26;0;0;0;4;0;0;2;26
Starfall Hammock;Tidewhisper Sandcastle;Woodland;Farmland, 8, 8, 0;0;2;26;0;0;0;4;0;0;3;25
Starfall Hammock;Tidewhisper Sandcastle;Woodland;Farmland, 8, 8, 0;0;2;26;0;0;0;4;0;1;2;25
Starfall Hammock;Tidewhisper Sandcastle;Woodland;Farmland, 8, 8, 0;0;2;26;0;0;0;4;1;0;2;25
Starfall Hammock;Tidewhisper Sandcastle;Woodland;Farmland, 8, 8, 0;0;3;23;0;1;0;0;0;7;0;14
Starfall Hammock;Tidewhisper Sandcastle;Woodland;Farmland, 8, 8, 0;0;3;25;0;0;0;4;0;0;3;25
Starfall Hammock;Tidewhisper Sandcastle;Woodland;Farmland, 8, 8, 0;0;3;25;0;0;0;4;1;0;1;26
Starfall Hammock;Tidewhisper Sandcastle;Woodland;Farmland, 8, 8, 0;0;3;25;0;0;0;4;2;0;1;25
Starfall Hammock;Tidewhisper Sandcastle;Woodland;Farmland, 8, 8, 0;0;9;11;0;0;2;2;0;0;2;24
Starfall Hammock;Tidewhisper Sandcastle;Woodland;Farmland, 8, 8, 0;0;9;11;0;0;2;2;0;0;9;11
Starfall Hammock;Tidewhisper Sandcastle;Woodland;Farmland, 8, 8, 0;0;9;11;0;0;2;2;1;0;2;23
Starfall Hammock;Tidewhisper Sandcastle;Woodland;Farmland, 8, 8, 0;0;9;13;0;0;0;4;0;0;9;13
Starfall Hammock;Tidewhisper Sandcastle;Woodland;Farmland, 8, 8, 0;0;9;13;0;0;0;4;1;0;2;25
Starfall Hammock;Tidewhisper Sandcastle;Woodland;Farmland, 8, 8, 0;6;0;14;0;2;0;0;1;0;1;21
Starfall Hammock;Tidewhisper Sandcastle;Woodland;Farmland, 8, 8, 0;7;0;7;0;1;0;0;0;7;0;13
Starfall Hammock;Tidewhisper Sandcastle;Woodland;Farmland, 8, 8, 0;7;0;13;0;0;0;1;0;7;0;13
Starfall Hammock;Tidewhisper Sandcastle;Woodland;Farmland, 8, 8, 0;7;0;13;0;1;0;0;0;7;0;7
Starfall Hammock;Tidewhisper Sandcastle;Woodland;Farmland, 8, 8, 0;7;0;14;0;0;0;3;0;0;3;25
Starfall Hammock;Tidewhisper Sandcastle;Woodland;Farmland, 8, 8, 0;7;0;14;0;1;0;0;2;0;1;23
Starfall Hammock;Tidewhisper Sandcastle;Woodland;Farmland, 8, 8, 1;0;2;25;0;0;0;4;0;0;0;28
Starfall Hammock;Tidewhisper Sandcastle;Woodland;Farmland, 8, 8, 1;0;2;25;0;0;0;4;0;0;2;26
Starfall Hammock;Tidewhisper Sandcastle;Woodland;Farmland, 8, 8, 2;0;1;25;0;0;0;4;0;0;3;25
Starfall Hammock;Tidewhisper Sandcastle;Woodland;Farmland, 8, 8, 6;0;0;14;2;0;0;0;1;0;1;21
Starfall Hammock;Tidewhisper Sandcastle;Woodland;Farmland, 8, 8, 7;0;0;7;1;0;0;0;7;0;0;13
Starfall Hammock;Tidewhisper Sandcastle;Woodland;Farmland, 8, 8, 7;0;0;13;0;0;0;1;7;0;0;13
Starfall Hammock;Tidewhisper Sandcastle;Woodland;Farmland, 8, 8, 7;0;0;14;1;0;0;0;1;0;1;24
Starfall Hammock;Tidewhisper Sandcastle;Woodland;Farmland, 8, 8, 7;0;0;15;0;0;0;2;1;0;2;25
Starfall Hammock;Woodland, 2, 0, 0;0;0;8;0;4
Starfall Hammock;Woodland, 2, 0, 0;0;0;9;0;3
Starfall Hammock;Woodland, 2, 0, 0;0;0;10;0;2
Starfall Hammock;Woodland, 2, 0, 0;0;1;7;0;4
Starfall Hammock;Woodland, 2, 0, 0;0;1;9;0;2
Starfall Hammock;Woodland, 2, 0, 0;0;1;9;1;1
Starfall Hammock;Woodland, 2, 0, 0;0;8;0;0;0
Starfall Hammock;Woodland, 2, 0, 0;1;0;7;0;4
Starfall Hammock;Woodland, 2, 0, 0;1;0;10;0;1
Starfall Hammock;Woodland, 2, 0, 0;2;0;10;0;0
Starfall Hammock;Woodland, 2, 0, 0;2;1;5;3;0
Starfall Hammock;Woodland, 2, 0, 0;3;0;9;0;0
Starfall Hammock;Woodland, 2, 0, 0;3;1;8;0;0
Starfall Hammock;Woodland, 2, 0, 0;4;0;8;0;0
Starfall Hammock;Woodland, 2, 0, 0;4;1;7;0;0
Starfall Hammock;Woodland, 2, 0, 1;3;3;1;0;4
Starfall Hammock;Woodland, 2, 0, 2;0;6;0;1;1
Starfall Hammock;Woodland, 2, 0, 2;0;6;0;2;0
Starfall Hammock;Woodland, 2, 1, 0;1;0;8;0;3
Starfall Hammock;Woodland, 2, 1, 0;2;1;7;2;0
Starfall Hammock;Woodland, 2, 1, 1;4;2;2;1;4
Starfall Hammock;Woodland, 2, 1, 2;0;0;8;1;1
Starfall Hammock;Woodland, 2, 1, 2;2;1;7;0;0
Starfall Hammock;Woodland, 2, 1, 3;4;1;4;0;2
Starfall Hammock;Woodland, 2, 1, 4;0;2;2;4;0
Starfall Hammock;Woodland, 2, 2, 0;0;0;8;1;3
Starfall Hammock;Woodland, 2, 2, 0;7;2;1;2;2
Starfall Hammock;Woodland, 2, 2, 1;1;0;8;1;1
Starfall Hammock;Woodland, 2, 2, 1;1;2;6;1;1
Starfall Hammock;Woodland, 2, 2, 1;3;1;7;0;0
Starfall Hammock;Woodland, 2, 2, 1;4;2;1;2;4
Starfall Hammock;Woodland, 2, 2, 2;4;1;2;5;0
Starfall Hammock;Woodland, 2, 2, 2;5;1;4;0;2
Starfall Hammock;Woodland, 2, 2, 3;2;1;1;2;5
Starfall Hammock;Woodland, 2, 2, 4;0;4;0;1;4
Starfall Hammock;Woodland, 2, 2, 4;0;4;0;4;0
Starfall Hammock;Woodland, 2, 2, 4;2;1;1;2;4
Starfall Hammock;Woodland, 3, 0, 0;0;0;10;1;1
Starfall Hammock;Woodland, 3, 0, 0;1;1;6;0;4
Starfall Hammock;Woodland, 3, 0, 0;1;1;6;3;0
Starfall Hammock;Woodland, 3, 0, 0;2;1;9;0;0
Starfall Hammock;Woodland, 3, 0, 2;1;1;8;0;0
Starfall Hammock;Woodland, 3, 0, 3;0;2;3;0;3
Starfall Hammock;Woodland, 3, 1, 0;2;1;7;0;2
Starfall Hammock;Woodland, 3, 1, 0;7;1;2;2;2
Starfall Hammock;Woodland, 3, 1, 2;0;0;8;0;2
Starfall Hammock;Woodland, 3, 1, 2;4;1;5;0;2
Starfall Hammock;Woodland, 3, 2, 0;2;0;8;0;2
Starfall Hammock;Woodland, 3, 2, 0;7;2;0;3;2
Starfall Hammock;Woodland, 3, 2, 1;1;1;7;1;1
Starfall Hammock;Woodland, 3, 2, 1;2;0;8;0;1
Starfall Hammock;Woodland, 3, 2, 1;3;0;8;0;0
Starfall Hammock;Woodland, 3, 2, 1;5;1;2;2;3
Starfall Hammock;Woodland, 3, 2, 3;1;1;2;2;5
Starfall Hammock;Woodland, 3, 2, 3;2;4;0;4;0
Starfall Hammock;Woodland, 3, 2, 5;0;3;0;3;2
Starfall Hammock;Woodland, 3, 3, 0;1;0;8;1;2
Starfall Hammock;Woodland, 3, 3, 0;3;0;8;0;1
Starfall Hammock;Woodland, 3, 3, 1;0;1;7;1;2
Starfall Hammock;Woodland, 3, 3, 2;5;1;1;4;1
Starfall Hammock;Woodland, 3, 3, 2;5;1;2;3;1
Starfall Hammock;Woodland, 3, 3, 4;0;2;1;1;6
Starfall Hammock;Woodland, 4, 0, 1;3;0;6;3;0
Starfall Hammock;Woodland, 4, 0, 3;0;0;6;0;4
Starfall Hammock;Woodland, 4, 0, 3;0;0;6;3;0
Starfall Hammock;Woodland, 4, 1, 1;3;3;1;4;0
Starfall Hammock;Woodland, 4, 1, 4;0;3;1;1;3
Starfall Hammock;Woodland, 4, 2, 0;5;1;3;0;7
Starfall Hammock;Woodland, 4, 2, 0;5;4;0;0;5
Starfall Hammock;Woodland, 4, 2, 1;4;1;4;0;6
Starfall Hammock;Woodland, 4, 2, 1;5;1;3;0;6
Starfall Hammock;Woodland, 4, 2, 4;0;4;0;0;5
Starfall Hammock;Woodland, 4, 2, 4;0;4;0;2;3
Starfall Hammock;Woodland, 5, 0, 1;4;2;1;3;2
Starfall Hammock;Woodland, 5, 0, 3;2;2;1;3;1
Starfall Hammock;Woodland, 5, 1, 1;7;1;2;0;6
Starfall Hammock;Woodland, 5, 1, 2;6;1;2;1;5
Starfall Hammock;Woodland, 5, 1, 3;4;1;3;0;5
Starfall Hammock;Woodland, 5, 1, 4;0;3;1;0;5
Starfall Hammock;Woodland, 5, 1, 4;0;3;1;3;1
Starfall Hammock;Woodland, 5, 1, 5;1;0;2;0;8
Starfall Hammock;Woodland, 5, 1, 5;1;1;2;4;1
Starfall Hammock;Woodland, 5, 2, 0;5;4;0;1;4
Starfall Hammock;Woodland, 5, 2, 0;5;4;0;4;0
Starfall Hammock;Woodland, 5, 2, 0;6;2;2;1;5
Starfall Hammock;Woodland, 5, 2, 0;8;1;2;0;6
Starfall Hammock;Woodland, 5, 2, 2;3;4;0;4;0
Starfall Hammock;Woodland, 5, 2, 5;1;0;2;1;7
Starfall Hammock;Woodland, 5, 3, 1;4;4;0;0;5
Starfall Hammock;Woodland, 5, 3, 1;7;1;2;1;5
Starfall Hammock;Woodland, 5, 3, 3;4;1;3;1;4
Starfall Hammock;Woodland, 5, 4, 1;7;0;2;5;1
Starfall Hammock;Woodland, 5, 5, 0;8;0;2;5;2
Starfall Hammock;Woodland, 5, 5, 5;1;0;2;5;2
Starfall Hammock;Woodland, 5, 5, 5;2;0;2;2;6
Starfall Hammock;Woodland, 6, 0, 0;6;0;6;1;3
Starfall Hammock;Woodland, 6, 0, 0;6;1;3;0;6
Starfall Hammock;Woodland, 6, 0, 0;6;1;3;1;5
Starfall Hammock;Woodland, 6, 0, 0;6;1;5;0;4
Starfall Hammock;Woodland, 6, 0, 0;6;2;2;5;0
Starfall Hammock;Woodland, 6, 0, 1;3;1;5;0;6
Starfall Hammock;Woodland, 6, 0, 1;3;2;4;0;6
Starfall Hammock;Woodland, 6, 0, 1;3;4;2;1;3
Starfall Hammock;Woodland, 6, 0, 1;5;0;4;5;0
Starfall Hammock;Woodland, 6, 0, 1;5;1;5;0;4
Starfall Hammock;Woodland, 6, 0, 1;5;2;2;0;6
Starfall Hammock;Woodland, 6, 0, 1;5;2;2;5;0
Starfall Hammock;Woodland, 6, 0, 1;5;2;4;1;3
Starfall Hammock;Woodland, 6, 0, 1;5;2;4;2;2
Starfall Hammock;Woodland, 6, 0, 2;2;4;2;3;0
Starfall Hammock;Woodland, 6, 0, 2;4;1;3;1;5
Starfall Hammock;Woodland, 6, 0, 3;0;4;2;1;3
Starfall Hammock;Woodland, 6, 0, 3;0;4;2;3;0
Starfall Hammock;Woodland, 6, 0, 3;2;2;2;5;0
Starfall Hammock;Woodland, 6, 0, 5;0;0;4;1;5
Starfall Hammock;Woodland, 6, 0, 5;0;0;4;5;0
Starfall Hammock;Woodland, 6, 0, 5;0;2;2;0;6
Starfall Hammock;Woodland, 6, 0, 5;0;2;2;3;2
Starfall Hammock;Woodland, 6, 1, 0;4;4;1;1;3
Starfall Hammock;Woodland, 6, 1, 0;6;1;2;6;0
Starfall Hammock;Woodland, 6, 1, 0;7;0;5;2;2
Starfall Hammock;Woodland, 6, 1, 0;7;1;4;1;3
Starfall Hammock;Woodland, 6, 1, 0;8;0;4;2;3
Starfall Hammock;Woodland, 6, 1, 0;8;1;3;1;4
Starfall Hammock;Woodland, 6, 1, 1;3;4;1;3;0
Starfall Hammock;Woodland, 6, 1, 2;3;1;3;0;8
Starfall Hammock;Woodland, 6, 1, 2;4;1;4;1;4
Starfall Hammock;Woodland, 6, 1, 3;0;4;1;2;2
Starfall Hammock;Woodland, 6, 1, 3;2;0;5;1;5
Starfall Hammock;Woodland, 6, 1, 3;2;1;2;6;0
Starfall Hammock;Woodland, 6, 1, 4;2;0;2;6;0
Starfall Hammock;Woodland, 6, 1, 6;0;0;2;4;2
Starfall Hammock;Woodland, 6, 1, 6;0;0;3;4;1
Starfall Hammock;Woodland, 6, 1, 6;0;1;2;1;5
Starfall Hammock;Woodland, 6, 1, 6;0;1;2;3;2
Starfall Hammock;Woodland, 6, 2, 0;4;1;4;0;7
Starfall Hammock;Woodland, 6, 2, 0;5;1;3;2;6
Starfall Hammock;Woodland, 6, 2, 1;4;4;0;4;0
Starfall Hammock;Woodland, 6, 2, 1;7;0;4;3;2
Starfall Hammock;Woodland, 6, 2, 2;3;4;0;0;5
Starfall Hammock;Woodland, 6, 2, 2;5;0;5;1;3
Starfall Hammock;Woodland, 6, 2, 3;3;3;0;5;0
Starfall Hammock;Woodland, 6, 2, 4;1;3;0;5;0
Starfall Hammock;Woodland, 6, 2, 5;0;3;0;4;1
Starfall Hammock;Woodland, 6, 2, 6;0;0;2;1;7
Starfall Hammock;Woodland, 6, 3, 0;7;1;4;0;4
Starfall Hammock;Woodland, 6, 3, 0;8;1;3;0;5
Starfall Hammock;Woodland, 6, 3, 0;8;2;0;0;8
Starfall Hammock;Woodland, 6, 3, 1;3;1;4;1;6
Starfall Hammock;Woodland, 6, 3, 1;4;4;0;2;3
Starfall Hammock;Woodland, 6, 3, 1;5;1;4;0;5
Starfall Hammock;Woodland, 6, 3, 2;3;1;3;1;7
Starfall Hammock;Woodland, 6, 3, 2;4;3;0;5;0
Starfall Hammock;Woodland, 6, 3, 2;6;1;3;1;4
Starfall Hammock;Woodland, 6, 3, 5;0;1;2;6;0
Starfall Hammock;Woodland, 6, 3, 5;0;3;0;1;5
Starfall Hammock;Woodland, 6, 3, 6;0;2;0;4;1
Starfall Hammock;Woodland, 6, 4, 0;8;0;3;0;8
Starfall Hammock;Woodland, 6, 4, 0;8;0;3;1;7
Starfall Hammock;Woodland, 6, 4, 0;8;0;3;2;6
Starfall Hammock;Woodland, 6, 4, 0;8;0;3;3;5
Starfall Hammock;Woodland, 6, 4, 0;8;0;3;6;0
Starfall Hammock;Woodland, 6, 4, 0;8;2;0;1;7
Starfall Hammock;Woodland, 6, 4, 0;8;2;0;5;1
Starfall Hammock;Woodland, 6, 4, 1;7;0;3;0;8
Starfall Hammock;Woodland, 6, 4, 1;7;0;3;1;7
Starfall Hammock;Woodland, 6, 4, 1;7;0;3;2;6
Starfall Hammock;Woodland, 6, 4, 2;6;0;3;0;8
Starfall Hammock;Woodland, 6, 4, 2;6;0;3;2;6
Starfall Hammock;Woodland, 6, 4, 2;6;1;1;6;0
Starfall Hammock;Woodland, 6, 4, 5;1;2;0;0;8
Starfall Hammock;Woodland, 6, 4, 5;1;2;0;1;7
Starfall Hammock;Woodland, 6, 4, 5;1;2;0;5;1
Starfall Hammock;Woodland, 6, 4, 6;0;0;3;2;6
Starfall Hammock;Woodland, 6, 4, 6;0;0;3;6;0
Starfall Hammock;Woodland, 6, 5, 0;8;2;0;2;6
Starfall Hammock;Woodland, 6, 5, 0;9;1;1;6;0
Starfall Hammock;Woodland, 6, 5, 1;7;2;0;5;1
Starfall Hammock;Woodland, 6, 5, 1;8;1;1;6;0
Starfall Hammock;Woodland, 6, 5, 2;6;0;2;6;1
Starfall Hammock;Woodland, 6, 5, 5;2;1;1;6;0
Starfall Hammock;Woodland, 6, 5, 6;0;0;2;6;1
Starfall Hammock;Woodland, 6, 5, 6;0;1;1;1;8
Starfall Hammock;Woodland, 6, 5, 6;0;1;1;5;2
Starfall Hammock;Woodland, 6, 5, 6;1;0;1;6;1
Starfall Hammock;Woodland, 6, 5, 6;1;0;2;2;6
Starfall Hammock;Woodland, 6, 5, 6;1;0;2;6;0
Starfall Hammock;Woodland, 6, 6, 0;8;1;1;1;8
Starfall Hammock;Woodland, 6, 6, 0;9;0;1;7;0
Starfall Hammock;Woodland, 6, 6, 0;9;1;1;1;7
Starfall Hammock;Woodland, 6, 6, 0;9;1;1;2;6
Starfall Hammock;Woodland, 6, 6, 1;7;1;1;1;8
Starfall Hammock;Woodland, 6, 6, 1;8;0;1;7;0
Starfall Hammock;Woodland, 6, 6, 1;8;1;0;0;9
Starfall Hammock;Woodland, 6, 6, 1;8;1;0;2;7
Starfall Hammock;Woodland, 6, 6, 2;6;2;0;5;1
Starfall Hammock;Woodland, 6, 6, 3;5;0;2;1;8
Starfall Hammock;Woodland, 6, 6, 5;2;0;1;7;0
Starfall Hammock;Woodland, 6, 6, 7;0;0;1;1;8
Starfall Hammock;Woodland, 6, 6, 7;0;0;1;2;7
Starfall Hammock;Woodland, 6, 6, 7;0;0;1;5;2
Starfall Hammock;Woodland, 7, 0, 0;6;0;6;2;2
Starfall Hammock;Woodland, 7, 0, 0;6;1;4;1;4
Starfall Hammock;Woodland, 7, 0, 0;6;1;5;2;2
Starfall Hammock;Woodland, 7, 0, 1;5;2;4;0;4
Starfall Hammock;Woodland, 7, 0, 1;5;3;0;5;0
Starfall Hammock;Woodland, 7, 0, 2;2;1;5;0;6
Starfall Hammock;Woodland, 7, 0, 2;2;5;0;1;3
Starfall Hammock;Woodland, 7, 0, 2;2;5;0;3;0
Starfall Hammock;Woodland, 7, 0, 2;3;1;4;0;6
Starfall Hammock;Woodland, 7, 0, 2;4;0;4;3;3
Starfall Hammock;Woodland, 7, 0, 2;4;1;3;2;4
Starfall Hammock;Woodland, 7, 0, 3;0;5;0;1;3
Starfall Hammock;Woodland, 7, 0, 3;0;5;0;3;0
Starfall Hammock;Woodland, 7, 0, 3;3;0;4;2;4
Starfall Hammock;Woodland, 7, 0, 4;2;1;3;5;0
Starfall Hammock;Woodland, 7, 0, 5;0;1;3;5;0
Starfall Hammock;Woodland, 7, 0, 5;0;2;2;2;4
Starfall Hammock;Woodland, 7, 0, 5;0;3;0;2;4
Starfall Hammock;Woodland, 7, 0, 5;0;3;0;5;0
Starfall Hammock;Woodland, 7, 1, 0;4;5;0;0;4
Starfall Hammock;Woodland, 7, 1, 0;4;5;0;3;0
Starfall Hammock;Woodland, 7, 1, 0;6;2;3;1;4
Starfall Hammock;Woodland, 7, 1, 1;4;1;3;0;8
Starfall Hammock;Woodland, 7, 1, 1;5;1;2;6;0
Starfall Hammock;Woodland, 7, 1, 1;6;1;4;1;3
Starfall Hammock;Woodland, 7, 1, 2;4;0;5;1;4
Starfall Hammock;Woodland, 7, 1, 3;0;5;0;2;2
Starfall Hammock;Woodland, 7, 2, 0;7;0;5;1;3
Starfall Hammock;Woodland, 7, 2, 0;8;0;4;3;2
Starfall Hammock;Woodland, 7, 2, 0;8;2;0;6;0
Starfall Hammock;Woodland, 7, 2, 1;3;5;0;2;2
Starfall Hammock;Woodland, 7, 2, 1;3;5;0;3;0
Starfall Hammock;Woodland, 7, 2, 2;6;2;0;6;0
Starfall Hammock;Woodland, 7, 2, 3;2;1;3;0;8
Starfall Hammock;Woodland, 7, 2, 3;3;1;4;1;4
Starfall Hammock;Woodland, 7, 2, 6;0;2;0;1;7
Starfall Hammock;Woodland, 7, 2, 6;0;2;0;2;6
Starfall Hammock;Woodland, 7, 2, 6;0;2;0;6;0
Starfall Hammock;Woodland, 7, 3, 0;6;0;5;2;3
Starfall Hammock;Woodland, 7, 3, 1;3;1;4;0;7
Starfall Hammock;Woodland, 7, 3, 1;3;5;0;1;3
Starfall Hammock;Woodland, 7, 3, 1;4;1;3;1;7
Starfall Hammock;Woodland, 7, 3, 1;5;1;4;1;4
Starfall Hammock;Woodland, 7, 3, 2;6;0;4;1;4
Starfall Hammock;Woodland, 7, 3, 2;6;1;1;1;7
Starfall Hammock;Woodland, 7, 3, 2;6;1;1;2;6
Starfall Hammock;Woodland, 7, 3, 2;6;2;0;1;7
Starfall Hammock;Woodland, 7, 3, 3;0;5;0;0;4
Starfall Hammock;Woodland, 7, 3, 3;5;2;0;6;0
Starfall Hammock;Woodland, 7, 4, 1;7;2;0;6;0
Starfall Hammock;Woodland, 7, 4, 2;6;0;3;1;7
Starfall Hammock;Woodland, 7, 4, 2;6;0;3;3;5
Starfall Hammock;Woodland, 7, 4, 2;6;0;3;6;0
Starfall Hammock;Woodland, 7, 4, 6;0;2;0;0;8
Starfall Hammock;Woodland, 7, 5, 0;9;1;0;0;9
Starfall Hammock;Woodland, 7, 5, 0;9;1;0;1;8
Starfall Hammock;Woodland, 7, 5, 6;1;0;1;1;8
Starfall Hammock;Woodland, 7, 6, 1;8;1;0;1;8
Starfall Hammock;Woodland, 7, 6, 1;8;1;0;7;0
Starfall Hammock;Woodland, 7, 6, 2;7;0;1;7;0
Starfall Hammock;Woodland, 7, 6, 2;7;1;0;0;9
Starfall Hammock;Woodland, 7, 6, 6;1;1;0;7;0
Starfall Hammock;Woodland, 7, 6, 7;0;0;1;7;0
Starfall Hammock;Woodland, 7, 6, 7;0;1;0;1;8
Starfall Hammock;Woodland, 7, 6, 7;0;1;0;2;7
Starfall Hammock;Woodland, 7, 6, 7;0;1;0;6;1
Starfall Hammock;Woodland, 7, 7, 0;9;1;0;2;7
Starfall Hammock;Woodland, 7, 7, 0;9;1;0;7;0
Starfall Hammock;Woodland, 7, 7, 0;9;1;1;3;5
Starfall Hammock;Woodland, 7, 7, 1;8;0;1;4;5
Starfall Hammock;Woodland, 7, 7, 1;8;1;1;2;6
Starfall Hammock;Woodland, 7, 7, 2;6;2;0;2;6
Starfall Hammock;Woodland, 7, 7, 2;7;1;0;1;8
Starfall Hammock;Woodland, 7, 7, 3;6;1;0;7;0
Starfall Hammock;Woodland, 7, 7, 7;0;1;0;3;6
Starfall Hammock;Woodland, 7, 7, 7;0;1;0;7;0
Starfall Hammock;Woodland, 8, 0, 0;6;0;6;0;6
Starfall Hammock;Woodland, 8, 0, 1;5;0;6;0;6
Starfall Hammock;Woodland, 8, 0, 1;5;0;6;1;5
Starfall Hammock;Woodland, 8, 0, 2;2;5;0;0;4
Starfall Hammock;Woodland, 8, 0, 2;4;0;6;0;6
Starfall Hammock;Woodland, 8, 0, 3;3;1;3;5;0
Starfall Hammock;Woodland, 8, 0, 5;0;1;3;1;5
Starfall Hammock;Woodland, 8, 1, 0;6;0;4;0;8
Starfall Hammock;Woodland, 8, 1, 0;6;0;4;1;7
Starfall Hammock;Woodland, 8, 1, 0;6;0;5;0;7
Starfall Hammock;Woodland, 8, 1, 0;7;0;5;0;6
Starfall Hammock;Woodland, 8, 1, 0;7;1;2;1;7
Starfall Hammock;Woodland, 8, 1, 0;8;0;4;0;6
Starfall Hammock;Woodland, 8, 1, 0;8;0;4;1;5
Starfall Hammock;Woodland, 8, 1, 1;5;0;4;0;8
Starfall Hammock;Woodland, 8, 1, 1;6;0;5;1;5
Starfall Hammock;Woodland, 8, 1, 2;4;0;4;1;7
Starfall Hammock;Woodland, 8, 1, 2;4;0;5;0;7
Starfall Hammock;Woodland, 8, 1, 2;6;1;1;0;8
Starfall Hammock;Woodland, 8, 2, 0;6;0;5;1;6
Starfall Hammock;Woodland, 8, 2, 1;5;0;4;1;7
Starfall Hammock;Woodland, 8, 2, 1;6;0;5;0;6
Starfall Hammock;Woodland, 8, 2, 1;7;0;4;0;6
Starfall Hammock;Woodland, 8, 2, 1;7;2;0;2;6
Starfall Hammock;Woodland, 8, 2, 2;2;5;0;2;2
Starfall Hammock;Woodland, 8, 2, 2;4;0;4;0;8
Starfall Hammock;Woodland, 8, 3, 1;5;0;5;0;7
Starfall Hammock;Woodland, 8, 3, 1;7;0;4;2;4
Starfall Hammock;Woodland, 8, 3, 1;7;1;1;3;5
Starfall Hammock;Woodland, 8, 3, 3;3;0;4;0;8
Starfall Hammock;Woodland, 8, 3, 3;3;0;4;1;7
Starfall Hammock;Woodland, 8, 4, 3;5;0;3;1;7
Starfall Hammock;Woodland, 8, 4, 3;5;0;3;6;0
Starfall Hammock;Woodland, 8, 4, 3;5;2;0;1;7
Starfall Hammock;Woodland, 8, 5, 0;9;0;2;0;9
Starfall Hammock;Woodland, 8, 5, 0;9;0;2;1;8
Starfall Hammock;Woodland, 8, 5, 1;8;0;2;0;9
Starfall Hammock;Woodland, 8, 5, 1;8;0;2;1;8
Starfall Hammock;Woodland, 8, 5, 2;6;2;0;3;5
Starfall Hammock;Woodland, 8, 5, 2;7;0;2;0;9
Starfall Hammock;Woodland, 8, 5, 2;7;0;2;1;8
Starfall Hammock;Woodland, 8, 5, 6;1;1;1;2;6
Starfall Hammock;Woodland, 8, 5, 6;1;1;1;6;0
Starfall Hammock;Woodland, 8, 6, 0;9;0;2;2;7
Starfall Hammock;Woodland, 8, 6, 1;8;0;2;2;7
Starfall Hammock;Woodland, 8, 6, 2;7;0;2;2;7
Starfall Hammock;Woodland, 8, 6, 2;7;0;2;3;6
Starfall Hammock;Woodland, 8, 6, 2;7;1;0;7;0
Starfall Hammock;Woodland, 8, 6, 6;0;2;0;3;5
Starfall Hammock;Woodland, 8, 7, 3;6;0;2;2;7
Starfall Hammock;Woodland, 8, 8, 0;9;0;2;3;6
Starfall Hammock;Woodland, 8, 8, 1;8;0;2;3;6
Starfall Hammock;Woodland, 8, 8, 3;5;2;0;3;5
Starfall Hammock;Woodland, 8, 8, 3;6;0;2;0;9
Starfall Hammock;Woodland, 8, 8, 7;0;0;1;3;6
Starfall Hammock;Woodland;Farmland, 2, 0, 0;0;0;0;8;10;0;4;0
Starfall Hammock;Woodland;Farmland, 2, 0, 0;0;0;0;10;6;0;2;0
Starfall Hammock;Woodland;Farmland, 2, 0, 0;0;0;0;10;8;0;0;0
Starfall Hammock;Woodland;Farmland, 2, 0, 0;0;1;5;0;13;3;0;1
Starfall Hammock;Woodland;Farmland, 2, 0, 0;0;1;8;0;8;0;0;1
Starfall Hammock;Woodland;Farmland, 2, 0, 0;0;6;0;0;24;0;0;6
Starfall Hammock;Woodland;Farmland, 2, 0, 0;0;6;0;0;24;0;2;4
Starfall Hammock;Woodland;Farmland, 2, 0, 0;1;0;0;10;6;0;1;0
Starfall Hammock;Woodland;Farmland, 2, 0, 0;1;5;0;0;24;0;0;6
Starfall Hammock;Woodland;Farmland, 2, 0, 0;1;5;0;0;24;0;1;5
Starfall Hammock;Woodland;Farmland, 2, 0, 0;1;5;0;0;24;0;2;4
Starfall Hammock;Woodland;Farmland, 2, 0, 0;1;5;0;0;24;0;4;0
Starfall Hammock;Woodland;Farmland, 2, 0, 0;1;5;0;0;24;1;1;4
Starfall Hammock;Woodland;Farmland, 2, 0, 0;1;5;0;0;24;3;0;1
Starfall Hammock;Woodland;Farmland, 2, 0, 0;2;0;0;10;6;0;0;0
Starfall Hammock;Woodland;Farmland, 2, 0, 0;2;4;0;0;24;0;0;6
Starfall Hammock;Woodland;Farmland, 2, 0, 0;4;0;0;0;24;0;2;4
Starfall Hammock;Woodland;Farmland, 2, 0, 0;4;0;0;0;24;0;4;0
Starfall Hammock;Woodland;Farmland, 2, 0, 0;4;0;0;4;16;0;4;0
Starfall Hammock;Woodland;Farmland, 2, 0, 0;4;0;0;8;10;0;0;0
Starfall Hammock;Woodland;Farmland, 2, 0, 1;0;1;5;0;12;3;0;1
Starfall Hammock;Woodland;Farmland, 2, 0, 1;0;5;0;0;24;1;0;5
Starfall Hammock;Woodland;Farmland, 2, 0, 1;1;4;0;0;24;0;0;6
Starfall Hammock;Woodland;Farmland, 2, 0, 1;1;4;0;0;24;1;1;4
Starfall Hammock;Woodland;Farmland, 2, 0, 2;0;1;5;0;11;3;0;1
Starfall Hammock;Woodland;Farmland, 2, 0, 2;0;4;0;0;24;0;1;5
Starfall Hammock;Woodland;Farmland, 2, 0, 2;0;4;0;0;24;1;1;4
Starfall Hammock;Woodland;Farmland, 2, 0, 3;0;1;0;0;24;0;2;4
Starfall Hammock;Woodland;Farmland, 2, 0, 3;0;1;0;0;24;3;0;1
Starfall Hammock;Woodland;Farmland, 2, 0, 3;0;1;4;0;14;3;0;1
Starfall Hammock;Woodland;Farmland, 2, 0, 3;0;1;5;0;11;1;0;2
Starfall Hammock;Woodland;Farmland, 2, 0, 3;0;1;5;0;11;2;0;1
Starfall Hammock;Woodland;Farmland, 2, 0, 3;0;1;5;0;12;1;0;1
Starfall Hammock;Woodland;Farmland, 2, 1, 0;0;0;0;5;11;0;7;0
Starfall Hammock;Woodland;Farmland, 2, 1, 0;0;2;0;8;10;0;0;2
Starfall Hammock;Woodland;Farmland, 2, 1, 0;0;7;0;0;19;0;7;0
Starfall Hammock;Woodland;Farmland, 2, 1, 0;0;7;0;0;20;0;0;11
Starfall Hammock;Woodland;Farmland, 2, 1, 0;0;7;0;0;22;0;0;9
Starfall Hammock;Woodland;Farmland, 2, 1, 0;0;9;0;0;20;0;0;9
Starfall Hammock;Woodland;Farmland, 2, 1, 0;0;9;0;0;22;0;2;5
Starfall Hammock;Woodland;Farmland, 2, 1, 0;0;9;0;0;22;1;1;5
Starfall Hammock;Woodland;Farmland, 2, 1, 0;0;10;0;0;21;0;0;7
Starfall Hammock;Woodland;Farmland, 2, 1, 0;0;10;0;0;21;1;1;5
Starfall Hammock;Woodland;Farmland, 2, 1, 0;0;11;0;0;20;0;2;5
Starfall Hammock;Woodland;Farmland, 2, 1, 0;1;2;3;0;12;5;0;2
Starfall Hammock;Woodland;Farmland, 2, 1, 0;1;6;0;0;20;0;0;11
Starfall Hammock;Woodland;Farmland, 2, 1, 0;1;6;0;0;22;0;1;8
Starfall Hammock;Woodland;Farmland, 2, 1, 0;1;8;0;0;19;1;0;9
Starfall Hammock;Woodland;Farmland, 2, 1, 0;1;10;0;0;20;1;0;6
Starfall Hammock;Woodland;Farmland, 2, 1, 0;2;0;0;8;8;0;2;0
Starfall Hammock;Woodland;Farmland, 2, 1, 0;7;0;0;0;19;0;1;6
Starfall Hammock;Woodland;Farmland, 2, 1, 0;7;0;0;3;8;0;4;1
Starfall Hammock;Woodland;Farmland, 2, 1, 0;7;0;0;5;9;0;0;2
Starfall Hammock;Woodland;Farmland, 2, 1, 1;0;2;3;0;12;5;0;2
Starfall Hammock;Woodland;Farmland, 2, 1, 1;0;6;0;0;20;0;1;10
Starfall Hammock;Woodland;Farmland, 2, 1, 1;0;6;0;0;22;0;0;9
Starfall Hammock;Woodland;Farmland, 2, 1, 1;0;7;0;0;19;5;0;1
Starfall Hammock;Woodland;Farmland, 2, 1, 1;1;5;0;0;20;0;0;11
Starfall Hammock;Woodland;Farmland, 2, 1, 1;1;7;0;0;22;2;0;5
Starfall Hammock;Woodland;Farmland, 2, 1, 1;1;8;0;0;21;0;1;6
Starfall Hammock;Woodland;Farmland, 2, 1, 2;0;1;3;0;12;5;0;1
Starfall Hammock;Woodland;Farmland, 2, 1, 2;0;5;0;0;20;0;0;11
Starfall Hammock;Woodland;Farmland, 2, 1, 2;0;5;0;0;22;0;1;8
Starfall Hammock;Woodland;Farmland, 2, 1, 2;0;6;0;0;19;0;0;11
Starfall Hammock;Woodland;Farmland, 2, 1, 2;0;6;0;0;22;0;1;7
Starfall Hammock;Woodland;Farmland, 2, 1, 2;0;8;0;0;21;0;1;6
Starfall Hammock;Woodland;Farmland, 2, 1, 5;0;1;0;0;16;5;0;1
Starfall Hammock;Woodland;Farmland, 2, 1, 5;0;1;0;0;17;1;1;8
Starfall Hammock;Woodland;Farmland, 2, 1, 5;0;1;3;0;12;2;0;1
Starfall Hammock;Woodland;Farmland, 2, 1, 5;0;2;3;0;12;0;1;2
Starfall Hammock;Woodland;Farmland, 2, 1, 5;0;2;3;0;12;1;0;2
Starfall Hammock;Woodland;Farmland, 2, 2, 0;0;11;0;0;18;0;7;0
Starfall Hammock;Woodland;Farmland, 2, 2, 0;0;11;0;0;18;5;0;2
Starfall Hammock;Woodland;Farmland, 2, 2, 0;3;0;0;8;3;0;1;1
Starfall Hammock;Woodland;Farmland, 2, 2, 0;5;2;0;0;18;0;7;0
Starfall Hammock;Woodland;Farmland, 2, 2, 0;6;1;0;0;18;0;6;1
Starfall Hammock;Woodland;Farmland, 2, 2, 0;6;1;0;2;10;0;6;1
Starfall Hammock;Woodland;Farmland, 2, 2, 0;7;0;0;0;18;0;0;11
Starfall Hammock;Woodland;Farmland, 2, 2, 0;7;0;0;0;18;0;5;2
Starfall Hammock;Woodland;Farmland, 2, 2, 0;7;0;0;2;10;0;5;2
Starfall Hammock;Woodland;Farmland, 2, 2, 1;0;10;0;0;18;1;1;9
Starfall Hammock;Woodland;Farmland, 2, 2, 1;1;9;0;0;18;1;0;10
Starfall Hammock;Woodland;Farmland, 2, 2, 1;2;8;0;0;18;0;0;11
Starfall Hammock;Woodland;Farmland, 2, 2, 2;1;8;0;0;18;0;0;11
Starfall Hammock;Woodland;Farmland, 2, 2, 4;0;2;3;0;4;5;0;0
Starfall Hammock;Woodland;Farmland, 2, 2, 5;0;2;0;0;18;0;0;11
Starfall Hammock;Woodland;Farmland, 2, 2, 5;0;2;0;0;18;5;0;0
Starfall Hammock;Woodland;Farmland, 2, 2, 5;0;2;3;0;4;4;0;0
Starfall Hammock;Woodland;Farmland, 3, 0, 0;0;0;0;8;6;0;4;4
Starfall Hammock;Woodland;Farmland, 3, 0, 0;0;0;0;8;7;0;4;3
Starfall Hammock;Woodland;Farmland, 3, 0, 0;0;0;0;10;4;1;0;1
Starfall Hammock;Woodland;Farmland, 3, 0, 0;0;2;5;0;7;3;0;6
Starfall Hammock;Woodland;Farmland, 3, 0, 0;0;2;8;0;6;0;0;2
Starfall Hammock;Woodland;Farmland, 3, 0, 0;0;11;0;0;19;1;1;4
Starfall Hammock;Woodland;Farmland, 3, 0, 0;1;7;0;0;20;1;1;6
Starfall Hammock;Woodland;Farmland, 3, 0, 0;1;10;0;0;19;1;1;4
Starfall Hammock;Woodland;Farmland, 3, 0, 0;2;4;0;0;20;0;0;10
Starfall Hammock;Woodland;Farmland, 3, 0, 0;2;10;0;0;18;2;0;4
Starfall Hammock;Woodland;Farmland, 3, 0, 0;4;0;0;4;12;0;4;4
Starfall Hammock;Woodland;Farmland, 3, 0, 0;4;1;0;0;19;0;4;4
Starfall Hammock;Woodland;Farmland, 3, 0, 0;4;1;0;4;11;0;4;4
Starfall Hammock;Woodland;Farmland, 3, 0, 0;4;2;0;4;12;0;4;2
Starfall Hammock;Woodland;Farmland, 3, 0, 0;4;3;0;8;7;0;0;0
Starfall Hammock;Woodland;Farmland, 3, 0, 0;4;4;0;0;16;1;0;9
Starfall Hammock;Woodland;Farmland, 3, 0, 0;4;4;0;8;6;0;0;0
Starfall Hammock;Woodland;Farmland, 3, 0, 1;0;1;5;0;7;3;0;6
Starfall Hammock;Woodland;Farmland, 3, 0, 1;0;8;0;0;20;3;0;2
Starfall Hammock;Woodland;Farmland, 3, 0, 1;0;9;0;0;20;1;1;4
Starfall Hammock;Woodland;Farmland, 3, 0, 1;1;4;0;0;20;1;1;8
Starfall Hammock;Woodland;Farmland, 3, 0, 1;1;5;0;0;17;0;2;10
Starfall Hammock;Woodland;Farmland, 3, 0, 2;0;2;5;0;8;3;0;3
Starfall Hammock;Woodland;Farmland, 3, 0, 2;0;7;0;0;20;1;1;5
Starfall Hammock;Woodland;Farmland, 3, 0, 3;0;2;5;0;9;2;0;2
Starfall Hammock;Woodland;Farmland, 3, 0, 3;0;4;5;0;8;1;0;2
Starfall Hammock;Woodland;Farmland, 3, 0, 3;0;5;5;0;8;1;0;1
Starfall Hammock;Woodland;Farmland, 3, 1, 0;0;2;0;5;7;0;7;3
Starfall Hammock;Woodland;Farmland, 3, 1, 0;0;2;0;5;8;0;7;2
Starfall Hammock;Woodland;Farmland, 3, 1, 0;0;13;0;0;18;1;0;6
Starfall Hammock;Woodland;Farmland, 3, 1, 0;0;15;0;0;16;1;0;8
Starfall Hammock;Woodland;Farmland, 3, 1, 0;0;16;0;0;15;2;0;7
Starfall Hammock;Woodland;Farmland, 3, 1, 0;1;3;0;8;6;0;1;3
Starfall Hammock;Woodland;Farmland, 3, 1, 0;2;0;0;6;5;0;6;2
Starfall Hammock;Woodland;Farmland, 3, 1, 0;2;1;0;8;6;0;2;1
Starfall Hammock;Woodland;Farmland, 3, 1, 0;2;8;0;0;18;0;2;8
Starfall Hammock;Woodland;Farmland, 3, 1, 0;6;0;0;2;10;0;6;2
Starfall Hammock;Woodland;Farmland, 3, 1, 0;7;2;0;5;8;0;0;2
Starfall Hammock;Woodland;Farmland, 3, 1, 1;0;2;3;0;8;5;0;6
Starfall Hammock;Woodland;Farmland, 3, 1, 1;0;3;4;0;7;4;0;6
Starfall Hammock;Woodland;Farmland, 3, 1, 1;0;6;0;0;18;0;0;13
Starfall Hammock;Woodland;Farmland, 3, 1, 1;0;12;0;0;14;0;7;1
Starfall Hammock;Woodland;Farmland, 3, 1, 1;1;8;0;0;14;5;0;6
Starfall Hammock;Woodland;Farmland, 3, 1, 1;1;11;0;0;18;1;0;6
Starfall Hammock;Woodland;Farmland, 3, 1, 1;1;13;0;0;16;2;0;7
Starfall Hammock;Woodland;Farmland, 3, 1, 1;1;14;0;0;15;2;0;7
Starfall Hammock;Woodland;Farmland, 3, 1, 2;0;1;3;0;8;5;0;5
Starfall Hammock;Woodland;Farmland, 3, 1, 2;0;5;0;0;18;0;0;13
Starfall Hammock;Woodland;Farmland, 3, 1, 4;0;5;2;0;11;4;0;4
Starfall Hammock;Woodland;Farmland, 3, 1, 5;0;3;3;0;10;0;1;3
Starfall Hammock;Woodland;Farmland, 3, 1, 5;0;4;3;0;8;2;0;2
Starfall Hammock;Woodland;Farmland, 3, 1, 5;0;5;3;0;8;1;0;3
Starfall Hammock;Woodland;Farmland, 3, 2, 0;0;4;0;5;5;0;7;2
Starfall Hammock;Woodland;Farmland, 3, 2, 0;0;4;0;8;4;0;0;4
Starfall Hammock;Woodland;Farmland, 3, 2, 0;0;14;0;0;16;1;2;9
Starfall Hammock;Woodland;Farmland, 3, 2, 0;0;15;0;0;15;2;1;9
Starfall Hammock;Woodland;Farmland, 3, 2, 0;0;16;0;0;12;2;0;12
Starfall Hammock;Woodland;Farmland, 3, 2, 0;1;15;0;0;14;1;0;11
Starfall Hammock;Woodland;Farmland, 3, 2, 0;2;1;0;8;2;0;2;2
Starfall Hammock;Woodland;Farmland, 3, 2, 0;5;3;0;2;11;0;7;0
Starfall Hammock;Woodland;Farmland, 3, 2, 0;5;7;0;0;14;0;7;1
Starfall Hammock;Woodland;Farmland, 3, 2, 0;7;2;0;5;5;0;0;4
Starfall Hammock;Woodland;Farmland, 3, 2, 0;7;3;0;0;14;0;5;5
Starfall Hammock;Woodland;Farmland, 3, 2, 0;7;5;0;0;11;0;5;6
Starfall Hammock;Woodland;Farmland, 3, 2, 1;0;3;3;0;7;5;0;6
Starfall Hammock;Woodland;Farmland, 3, 2, 1;0;12;0;0;16;0;2;11
Starfall Hammock;Woodland;Farmland, 3, 2, 1;2;9;0;0;14;1;0;15
Starfall Hammock;Woodland;Farmland, 3, 2, 2;1;10;0;0;16;1;0;12
Starfall Hammock;Woodland;Farmland, 3, 2, 3;0;9;0;0;14;0;0;16
Starfall Hammock;Woodland;Farmland, 3, 2, 3;0;9;0;0;15;0;1;14
Starfall Hammock;Woodland;Farmland, 3, 2, 5;0;4;0;0;14;0;0;15
Starfall Hammock;Woodland;Farmland, 3, 2, 5;0;5;3;0;8;0;0;4
Starfall Hammock;Woodland;Farmland, 3, 3, 0;0;3;0;8;2;1;1;1
Starfall Hammock;Woodland;Farmland, 3, 3, 0;0;17;0;0;14;1;2;9
Starfall Hammock;Woodland;Farmland, 3, 3, 0;0;19;0;0;11;5;0;6
Starfall Hammock;Woodland;Farmland, 3, 3, 0;0;19;0;0;12;0;3;11
Starfall Hammock;Woodland;Farmland, 3, 3, 0;0;20;0;0;9;0;3;13
Starfall Hammock;Woodland;Farmland, 3, 3, 0;0;20;0;0;11;0;3;11
Starfall Hammock;Woodland;Farmland, 3, 3, 0;1;0;0;5;5;0;7;5
Starfall Hammock;Woodland;Farmland, 3, 3, 0;1;13;0;0;11;0;2;18
Starfall Hammock;Woodland;Farmland, 3, 3, 0;1;19;0;0;11;1;1;12
Starfall Hammock;Woodland;Farmland, 3, 3, 0;2;0;0;5;6;0;7;3
Starfall Hammock;Woodland;Farmland, 3, 3, 0;2;12;0;0;11;0;0;20
Starfall Hammock;Woodland;Farmland, 3, 3, 0;5;3;0;2;10;0;7;4
Starfall Hammock;Woodland;Farmland, 3, 3, 0;5;8;0;0;10;0;7;7
Starfall Hammock;Woodland;Farmland, 3, 3, 0;7;2;0;2;7;0;5;8
Starfall Hammock;Woodland;Farmland, 3, 3, 0;7;3;0;5;6;0;2;0
Starfall Hammock;Woodland;Farmland, 3, 3, 0;7;4;0;5;7;0;0;0
Starfall Hammock;Woodland;Farmland, 3, 3, 0;7;7;0;0;9;0;5;9
Starfall Hammock;Woodland;Farmland, 3, 3, 0;7;8;0;0;11;0;0;15
Starfall Hammock;Woodland;Farmland, 3, 3, 1;0;3;3;0;6;5;0;8
Starfall Hammock;Woodland;Farmland, 3, 3, 1;0;4;3;0;6;5;0;7
Starfall Hammock;Woodland;Farmland, 3, 3, 1;0;11;0;0;14;1;0;16
Starfall Hammock;Woodland;Farmland, 3, 3, 1;0;16;0;0;14;1;1;10
Starfall Hammock;Woodland;Farmland, 3, 3, 1;1;12;0;0;11;1;0;19
Starfall Hammock;Woodland;Farmland, 3, 3, 1;1;12;0;0;14;0;2;13
Starfall Hammock;Woodland;Farmland, 3, 3, 2;1;9;0;0;14;0;0;17
Starfall Hammock;Woodland;Farmland, 3, 3, 5;0;7;3;0;7;0;1;3
Starfall Hammock;Woodland;Farmland, 3, 3, 5;0;9;3;0;4;1;0;4
Starfall Hammock;Woodland;Farmland, 4, 0, 0;0;12;0;0;18;0;0;12
Starfall Hammock;Woodland;Farmland, 4, 0, 0;0;12;0;0;18;0;1;11
Starfall Hammock;Woodland;Farmland, 4, 0, 0;0;12;0;0;18;1;0;11
Starfall Hammock;Woodland;Farmland, 4, 0, 0;0;12;0;0;18;1;1;10
Starfall Hammock;Woodland;Farmland, 4, 0, 0;1;9;0;6;10;0;1;9
Starfall Hammock;Woodland;Farmland, 4, 0, 0;1;9;0;6;10;0;4;4
Starfall Hammock;Woodland;Farmland, 4, 0, 0;1;9;4;0;10;1;0;11
Starfall Hammock;Woodland;Farmland, 4, 0, 0;1;11;0;0;18;0;0;12
Starfall Hammock;Woodland;Farmland, 4, 0, 0;1;11;0;0;18;0;1;11
Starfall Hammock;Woodland;Farmland, 4, 0, 0;1;11;0;0;18;1;1;10
Starfall Hammock;Woodland;Farmland, 4, 0, 0;2;8;0;6;10;0;4;4
Starfall Hammock;Woodland;Farmland, 4, 0, 0;4;4;0;6;10;0;1;9
Starfall Hammock;Woodland;Farmland, 4, 0, 0;4;4;0;6;10;0;2;8
Starfall Hammock;Woodland;Farmland, 4, 0, 0;4;4;0;6;10;0;4;4
Starfall Hammock;Woodland;Farmland, 4, 0, 0;4;6;0;0;18;0;1;11
Starfall Hammock;Woodland;Farmland, 4, 0, 0;4;6;0;0;18;0;4;6
Starfall Hammock;Woodland;Farmland, 4, 0, 1;0;11;0;0;18;0;0;12
Starfall Hammock;Woodland;Farmland, 4, 0, 1;0;11;0;0;18;0;2;10
Starfall Hammock;Woodland;Farmland, 4, 0, 1;0;11;0;0;18;0;4;6
Starfall Hammock;Woodland;Farmland, 4, 0, 1;1;8;4;0;10;3;0;7
Starfall Hammock;Woodland;Farmland, 4, 0, 1;1;10;0;0;18;0;1;11
Starfall Hammock;Woodland;Farmland, 4, 0, 1;1;10;0;0;18;3;0;7
Starfall Hammock;Woodland;Farmland, 4, 0, 2;0;9;4;0;11;3;0;5
Starfall Hammock;Woodland;Farmland, 4, 0, 2;0;10;0;0;18;0;2;10
Starfall Hammock;Woodland;Farmland, 4, 0, 2;0;10;0;0;18;1;0;11
Starfall Hammock;Woodland;Farmland, 4, 0, 3;0;5;4;0;11;0;0;11
Starfall Hammock;Woodland;Farmland, 4, 0, 3;0;5;4;0;11;3;0;6
Starfall Hammock;Woodland;Farmland, 4, 0, 3;0;5;4;0;12;3;0;5
Starfall Hammock;Woodland;Farmland, 4, 0, 3;0;7;0;0;18;0;1;11
Starfall Hammock;Woodland;Farmland, 4, 0, 3;0;7;0;0;18;3;0;7
Starfall Hammock;Woodland;Farmland, 4, 1, 0;0;13;0;0;17;0;1;13
Starfall Hammock;Woodland;Farmland, 4, 1, 0;0;14;0;0;17;0;0;13
Starfall Hammock;Woodland;Farmland, 4, 1, 0;0;14;0;0;17;0;1;12
Starfall Hammock;Woodland;Farmland, 4, 1, 0;0;16;0;0;15;0;2;11
Starfall Hammock;Woodland;Farmland, 4, 1, 0;1;12;0;0;17;0;1;13
Starfall Hammock;Woodland;Farmland, 4, 1, 0;2;6;0;4;9;0;7;4
Starfall Hammock;Woodland;Farmland, 4, 1, 0;2;6;0;6;8;0;5;3
Starfall Hammock;Woodland;Farmland, 4, 1, 0;5;2;0;5;8;0;6;2
Starfall Hammock;Woodland;Farmland, 4, 1, 0;5;2;0;6;7;0;5;2
Starfall Hammock;Woodland;Farmland, 4, 1, 0;5;3;0;6;8;0;1;7
Starfall Hammock;Woodland;Farmland, 4, 1, 0;6;2;0;4;6;0;6;4
Starfall Hammock;Woodland;Farmland, 4, 1, 0;7;2;0;4;6;0;5;4
Starfall Hammock;Woodland;Farmland, 4, 1, 0;7;4;0;4;7;0;1;9
Starfall Hammock;Woodland;Farmland, 4, 1, 0;7;4;0;4;9;0;1;7
Starfall Hammock;Woodland;Farmland, 4, 1, 1;0;8;0;6;9;0;1;8
Starfall Hammock;Woodland;Farmland, 4, 1, 1;0;9;0;4;7;0;7;4
Starfall Hammock;Woodland;Farmland, 4, 1, 1;0;11;0;0;15;0;7;5
Starfall Hammock;Woodland;Farmland, 4, 1, 1;0;12;0;0;17;0;0;14
Starfall Hammock;Woodland;Farmland, 4, 1, 1;0;15;0;0;15;1;1;11
Starfall Hammock;Woodland;Farmland, 4, 1, 1;1;9;4;0;9;0;2;9
Starfall Hammock;Woodland;Farmland, 4, 1, 1;1;9;4;0;9;3;0;6
Starfall Hammock;Woodland;Farmland, 4, 1, 1;1;11;0;0;17;0;0;14
Starfall Hammock;Woodland;Farmland, 4, 1, 1;1;12;0;0;17;1;0;12
Starfall Hammock;Woodland;Farmland, 4, 1, 2;0;8;2;0;11;5;0;7
Starfall Hammock;Woodland;Farmland, 4, 1, 2;0;11;0;0;15;5;0;6
Starfall Hammock;Woodland;Farmland, 4, 1, 3;0;5;2;0;12;5;0;6
Starfall Hammock;Woodland;Farmland, 4, 1, 4;0;7;1;0;12;5;0;5
Starfall Hammock;Woodland;Farmland, 4, 1, 5;0;6;2;0;11;0;2;9
Starfall Hammock;Woodland;Farmland, 4, 1, 5;0;6;2;0;11;1;0;10
Starfall Hammock;Woodland;Farmland, 4, 1, 5;0;6;2;0;11;3;0;6
Starfall Hammock;Woodland;Farmland, 4, 2, 0;0;10;0;4;5;0;7;4
Starfall Hammock;Woodland;Farmland, 4, 2, 0;0;12;3;0;3;5;0;6
Starfall Hammock;Woodland;Farmland, 4, 2, 0;0;16;0;0;13;0;2;14
Starfall Hammock;Woodland;Farmland, 4, 2, 0;0;16;0;0;13;0;7;5
Starfall Hammock;Woodland;Farmland, 4, 2, 0;0;16;0;0;13;1;1;14
Starfall Hammock;Woodland;Farmland, 4, 2, 0;1;7;0;6;4;0;5;3
Starfall Hammock;Woodland;Farmland, 4, 2, 0;1;9;0;4;5;0;7;4
Starfall Hammock;Woodland;Farmland, 4, 2, 0;5;3;0;6;4;1;0;7
Starfall Hammock;Woodland;Farmland, 4, 2, 0;5;4;0;4;4;0;7;3
Starfall Hammock;Woodland;Farmland, 4, 2, 0;7;3;0;2;9;0;7;3
Starfall Hammock;Woodland;Farmland, 4, 2, 0;7;3;0;4;6;0;5;2
Starfall Hammock;Woodland;Farmland, 4, 2, 0;7;4;0;4;7;0;2;6
Starfall Hammock;Woodland;Farmland, 4, 2, 0;7;4;0;4;7;1;1;6
Starfall Hammock;Woodland;Farmland, 4, 2, 0;7;5;0;0;13;0;2;14
Starfall Hammock;Woodland;Farmland, 4, 2, 0;7;5;0;0;13;0;7;5
Starfall Hammock;Woodland;Farmland, 4, 2, 1;0;8;0;6;5;0;2;7
Starfall Hammock;Woodland;Farmland, 4, 2, 1;0;10;3;0;4;5;0;6
Starfall Hammock;Woodland;Farmland, 4, 2, 1;0;15;0;0;13;5;0;7
Starfall Hammock;Woodland;Farmland, 4, 2, 1;1;14;0;0;13;0;2;14
Starfall Hammock;Woodland;Farmland, 4, 2, 2;0;14;0;0;13;0;0;16
Starfall Hammock;Woodland;Farmland, 4, 2, 2;0;14;0;0;13;0;2;14
Starfall Hammock;Woodland;Farmland, 4, 2, 4;0;5;4;0;6;0;1;7
Starfall Hammock;Woodland;Farmland, 4, 2, 5;0;6;3;0;7;0;1;7
Starfall Hammock;Woodland;Farmland, 4, 2, 5;0;6;3;0;7;1;1;6
Starfall Hammock;Woodland;Farmland, 4, 3, 0;0;10;3;0;4;5;0;8
Starfall Hammock;Woodland;Farmland, 4, 3, 0;0;18;0;0;10;0;3;17
Starfall Hammock;Woodland;Farmland, 4, 3, 0;0;20;0;0;8;0;3;17
Starfall Hammock;Woodland;Farmland, 4, 3, 0;1;8;0;4;6;0;7;5
Starfall Hammock;Woodland;Farmland, 4, 3, 0;1;8;0;6;4;0;2;7
Starfall Hammock;Woodland;Farmland, 4, 3, 0;1;8;0;6;4;0;5;2
Starfall Hammock;Woodland;Farmland, 4, 3, 0;1;10;4;0;5;1;1;8
Starfall Hammock;Woodland;Farmland, 4, 3, 0;1;17;0;0;12;0;2;16
Starfall Hammock;Woodland;Farmland, 4, 3, 0;1;18;0;0;9;0;3;17
Starfall Hammock;Woodland;Farmland, 4, 3, 0;2;16;0;0;12;0;2;16
Starfall Hammock;Woodland;Farmland, 4, 3, 0;5;2;0;4;6;0;7;5
Starfall Hammock;Woodland;Farmland, 4, 3, 0;5;2;0;6;4;0;2;7
Starfall Hammock;Woodland;Farmland, 4, 3, 0;7;4;0;2;6;0;7;8
Starfall Hammock;Woodland;Farmland, 4, 3, 0;7;5;0;2;8;0;7;5
Starfall Hammock;Woodland;Farmland, 4, 3, 0;7;6;0;4;5;0;5;2
Starfall Hammock;Woodland;Farmland, 4, 3, 0;7;6;0;4;6;1;0;7
Starfall Hammock;Woodland;Farmland, 4, 3, 0;7;7;0;4;5;0;1;7
Starfall Hammock;Woodland;Farmland, 4, 3, 0;7;9;0;0;9;0;2;17
Starfall Hammock;Woodland;Farmland, 4, 3, 0;7;9;0;0;9;0;7;8
Starfall Hammock;Woodland;Farmland, 4, 3, 1;2;6;0;4;6;0;7;5
Starfall Hammock;Woodland;Farmland, 4, 3, 2;0;7;4;0;4;4;0;6
Starfall Hammock;Woodland;Farmland, 4, 3, 2;1;15;0;0;10;5;0;11
Starfall Hammock;Woodland;Farmland, 4, 3, 4;0;4;4;0;3;4;0;5
Starfall Hammock;Woodland;Farmland, 4, 3, 5;0;7;3;0;5;0;0;10
Starfall Hammock;Woodland;Farmland, 4, 3, 5;0;10;0;0;10;5;0;10
Starfall Hammock;Woodland;Farmland, 4, 3, 5;0;11;0;0;9;5;0;10
Starfall Hammock;Woodland;Farmland, 4, 4, 0;1;15;2;0;6;1;0;15
Starfall Hammock;Woodland;Farmland, 4, 4, 0;3;15;2;0;5;5;0;6
Starfall Hammock;Woodland;Farmland, 4, 4, 0;7;7;0;2;6;0;7;7
Starfall Hammock;Woodland;Farmland, 4, 4, 0;7;7;0;2;6;1;1;16
Starfall Hammock;Woodland;Farmland, 4, 4, 1;1;16;0;2;6;0;7;7
Starfall Hammock;Woodland;Farmland, 4, 4, 5;0;6;2;0;5;1;0;17
Starfall Hammock;Woodland;Farmland, 4, 4, 5;0;9;2;0;2;2;0;16
Starfall Hammock;Woodland;Farmland, 5, 0, 0;1;11;0;4;7;0;1;14
Starfall Hammock;Woodland;Farmland, 5, 0, 0;1;11;0;4;8;0;6;4
Starfall Hammock;Woodland;Farmland, 5, 0, 0;2;10;0;4;8;0;6;4
Starfall Hammock;Woodland;Farmland, 5, 0, 0;4;6;0;4;6;0;6;6
Starfall Hammock;Woodland;Farmland, 5, 0, 0;5;5;0;4;8;0;5;5
Starfall Hammock;Woodland;Farmland, 5, 0, 0;5;6;0;3;8;0;6;4
Starfall Hammock;Woodland;Farmland, 5, 0, 0;6;5;0;0;14;2;0;11
Starfall Hammock;Woodland;Farmland, 5, 0, 0;6;5;0;4;7;0;4;6
Starfall Hammock;Woodland;Farmland, 5, 0, 0;6;5;0;4;8;0;1;10
Starfall Hammock;Woodland;Farmland, 5, 0, 0;6;5;0;4;8;0;4;5
Starfall Hammock;Woodland;Farmland, 5, 0, 0;6;6;0;4;6;1;1;10
Starfall Hammock;Woodland;Farmland, 5, 0, 0;6;6;0;4;7;1;0;10
Starfall Hammock;Woodland;Farmland, 5, 0, 0;6;6;0;4;8;0;4;4
Starfall Hammock;Woodland;Farmland, 5, 0, 1;0;11;0;4;6;0;6;6
Starfall Hammock;Woodland;Farmland, 5, 0, 1;0;11;4;0;8;3;0;7
Starfall Hammock;Woodland;Farmland, 5, 0, 1;0;12;0;0;14;3;0;10
Starfall Hammock;Woodland;Farmland, 5, 0, 1;1;10;4;0;6;3;0;9
Starfall Hammock;Woodland;Farmland, 5, 0, 1;1;10;4;0;8;3;0;7
Starfall Hammock;Woodland;Farmland, 5, 0, 1;1;11;4;0;6;0;2;11
Starfall Hammock;Woodland;Farmland, 5, 0, 2;0;11;0;0;14;0;1;14
Starfall Hammock;Woodland;Farmland, 5, 0, 3;0;8;4;0;7;1;0;11
Starfall Hammock;Woodland;Farmland, 5, 0, 3;0;9;0;0;12;3;0;11
Starfall Hammock;Woodland;Farmland, 5, 1, 0;0;8;0;4;6;0;7;6
Starfall Hammock;Woodland;Farmland, 5, 1, 0;0;13;0;3;5;0;8;4
Starfall Hammock;Woodland;Farmland, 5, 1, 0;2;11;2;0;9;5;0;8
Starfall Hammock;Woodland;Farmland, 5, 1, 0;2;11;4;0;8;3;0;5
Starfall Hammock;Woodland;Farmland, 5, 1, 0;2;16;0;0;13;1;2;10
Starfall Hammock;Woodland;Farmland, 5, 1, 0;3;11;0;0;13;0;1;16
Starfall Hammock;Woodland;Farmland, 5, 1, 0;5;2;0;4;4;0;7;6
Starfall Hammock;Woodland;Farmland, 5, 1, 0;8;4;0;3;5;1;1;11
Starfall Hammock;Woodland;Farmland, 5, 1, 0;8;5;0;3;7;0;2;8
Starfall Hammock;Woodland;Farmland, 5, 1, 1;0;11;0;3;5;0;8;5
Starfall Hammock;Woodland;Farmland, 5, 1, 1;0;13;0;4;8;1;1;11
Starfall Hammock;Woodland;Farmland, 5, 1, 1;0;13;2;0;8;5;0;8
Starfall Hammock;Woodland;Farmland, 5, 1, 1;0;14;0;0;11;0;8;5
Starfall Hammock;Woodland;Farmland, 5, 1, 2;0;11;0;0;13;0;1;17
Starfall Hammock;Woodland;Farmland, 5, 1, 2;0;11;4;0;7;1;1;9
Starfall Hammock;Woodland;Farmland, 5, 1, 2;1;11;0;0;12;0;0;19
Starfall Hammock;Woodland;Farmland, 5, 1, 5;0;7;2;0;9;1;1;12
Starfall Hammock;Woodland;Farmland, 5, 1, 5;0;8;2;0;8;3;0;9
Starfall Hammock;Woodland;Farmland, 5, 1, 5;0;8;2;0;9;1;1;11
Starfall Hammock;Woodland;Farmland, 5, 2, 0;0;8;3;0;7;5;0;8
Starfall Hammock;Woodland;Farmland, 5, 2, 0;0;12;0;3;4;0;8;5
Starfall Hammock;Woodland;Farmland, 5, 2, 0;0;14;0;4;6;1;0;12
Starfall Hammock;Woodland;Farmland, 5, 2, 0;1;16;0;0;11;2;0;17
Starfall Hammock;Woodland;Farmland, 5, 2, 0;1;17;0;0;11;2;0;16
Starfall Hammock;Woodland;Farmland, 5, 2, 0;1;17;0;0;11;5;0;9
Starfall Hammock;Woodland;Farmland, 5, 2, 0;2;15;0;0;11;0;2;17
Starfall Hammock;Woodland;Farmland, 5, 2, 0;3;16;0;0;9;1;1;17
Starfall Hammock;Woodland;Farmland, 5, 2, 0;7;6;0;4;4;1;1;6
Starfall Hammock;Woodland;Farmland, 5, 2, 0;8;6;0;3;5;2;0;8
Starfall Hammock;Woodland;Farmland, 5, 2, 1;0;7;0;4;4;0;7;6
Starfall Hammock;Woodland;Farmland, 5, 2, 1;1;9;3;0;4;5;0;8
Starfall Hammock;Woodland;Farmland, 5, 2, 1;1;15;0;0;11;0;0;19
Starfall Hammock;Woodland;Farmland, 5, 2, 1;2;14;0;0;11;0;0;19
Starfall Hammock;Woodland;Farmland, 5, 2, 2;0;6;4;0;5;4;0;7
Starfall Hammock;Woodland;Farmland, 5, 2, 4;0;6;4;0;6;0;2;6
Starfall Hammock;Woodland;Farmland, 5, 2, 5;0;8;0;0;11;5;0;10
Starfall Hammock;Woodland;Farmland, 5, 2, 5;0;8;3;0;3;0;1;11
Starfall Hammock;Woodland;Farmland, 5, 2, 5;0;8;3;0;7;0;0;8
Starfall Hammock;Woodland;Farmland, 5, 2, 5;0;9;0;0;11;1;1;16
Starfall Hammock;Woodland;Farmland, 5, 3, 0;0;21;0;0;10;2;0;15
Starfall Hammock;Woodland;Farmland, 5, 3, 0;1;9;3;0;4;5;0;10
Starfall Hammock;Woodland;Farmland, 5, 3, 0;6;5;0;4;4;0;6;5
Starfall Hammock;Woodland;Farmland, 5, 3, 0;7;6;0;4;3;1;1;9
Starfall Hammock;Woodland;Farmland, 5, 3, 0;8;6;0;3;3;1;0;12
Starfall Hammock;Woodland;Farmland, 5, 3, 0;8;6;0;3;5;1;1;9
Starfall Hammock;Woodland;Farmland, 5, 3, 1;0;9;4;0;4;4;0;6
Starfall Hammock;Woodland;Farmland, 5, 3, 1;1;8;3;0;4;5;0;10
Starfall Hammock;Woodland;Farmland, 5, 3, 1;1;10;0;3;4;0;8;6
Starfall Hammock;Woodland;Farmland, 5, 3, 1;1;10;0;3;6;0;8;4
Starfall Hammock;Woodland;Farmland, 5, 3, 1;1;15;0;0;10;0;2;19
Starfall Hammock;Woodland;Farmland, 5, 3, 1;1;20;0;0;9;1;2;15
Starfall Hammock;Woodland;Farmland, 5, 3, 2;0;18;0;0;8;5;0;13
Starfall Hammock;Woodland;Farmland, 5, 3, 2;0;20;0;0;9;1;2;15
Starfall Hammock;Woodland;Farmland, 5, 3, 2;1;13;0;4;2;2;1;13
Starfall Hammock;Woodland;Farmland, 5, 3, 2;1;15;0;0;9;0;0;22
Starfall Hammock;Woodland;Farmland, 5, 3, 2;1;18;0;0;10;1;2;14
Starfall Hammock;Woodland;Farmland, 5, 3, 3;0;14;0;0;10;0;0;21
Starfall Hammock;Woodland;Farmland, 5, 3, 4;0;6;4;0;4;1;0;9
Starfall Hammock;Woodland;Farmland, 5, 3, 5;0;9;3;0;5;0;1;9
Starfall Hammock;Woodland;Farmland, 5, 3, 5;0;10;3;0;4;0;1;9
Starfall Hammock;Woodland;Farmland, 5, 4, 0;1;18;0;2;6;1;1;17
Starfall Hammock;Woodland;Farmland, 5, 4, 0;1;21;0;0;8;5;0;13
Starfall Hammock;Woodland;Farmland, 5, 4, 0;2;20;0;0;8;2;0;20
Starfall Hammock;Woodland;Farmland, 5, 4, 1;0;17;2;0;6;0;1;17
Starfall Hammock;Woodland;Farmland, 5, 4, 1;2;18;0;0;8;0;8;9
Starfall Hammock;Woodland;Farmland, 5, 4, 2;0;15;2;0;5;5;0;10
Starfall Hammock;Woodland;Farmland, 5, 4, 5;0;8;2;0;6;1;2;15
Starfall Hammock;Woodland;Farmland, 5, 4, 5;0;8;2;0;6;5;0;9
Starfall Hammock;Woodland;Farmland, 5, 4, 5;0;9;2;0;6;0;1;16
Starfall Hammock;Woodland;Farmland, 5, 4, 5;0;9;2;0;6;5;0;8
Starfall Hammock;Woodland;Farmland, 5, 4, 5;0;13;0;0;8;1;1;20
Starfall Hammock;Woodland;Farmland, 5, 4, 5;0;13;0;0;8;5;0;13
Starfall Hammock;Woodland;Farmland, 5, 5, 0;1;19;2;0;4;5;0;11
Starfall Hammock;Woodland;Farmland, 5, 5, 0;2;18;2;0;4;5;0;11
Starfall Hammock;Woodland;Farmland, 5, 5, 1;0;23;0;0;7;5;0;12
Starfall Hammock;Woodland;Farmland, 5, 5, 1;1;19;0;0;7;0;9;7
Starfall Hammock;Woodland;Farmland, 5, 5, 2;0;19;0;2;4;1;1;19
Starfall Hammock;Woodland;Farmland, 5, 5, 5;0;11;2;0;4;0;2;18
Starfall Hammock;Woodland;Farmland, 5, 5, 5;0;11;2;0;4;1;1;18
Starfall Hammock;Woodland;Farmland, 5, 5, 5;0;11;2;0;4;5;0;11
Starfall Hammock;Woodland;Farmland, 5, 5, 5;0;12;0;0;7;1;1;22
Starfall Hammock;Woodland;Farmland, 6, 0, 0;0;16;0;0;16;0;0;16
Starfall Hammock;Woodland;Farmland, 6, 0, 0;0;16;0;0;16;0;1;15
Starfall Hammock;Woodland;Farmland, 6, 0, 0;1;13;4;0;10;3;0;9
Starfall Hammock;Woodland;Farmland, 6, 0, 0;1;15;0;0;14;5;0;7
Starfall Hammock;Woodland;Farmland, 6, 0, 0;1;15;0;0;16;0;1;15
Starfall Hammock;Woodland;Farmland, 6, 0, 0;2;12;4;0;10;0;1;13
Starfall Hammock;Woodland;Farmland, 6, 0, 0;2;14;0;0;16;0;0;16
Starfall Hammock;Woodland;Farmland, 6, 0, 0;2;14;0;0;16;0;1;15
Starfall Hammock;Woodland;Farmland, 6, 0, 0;2;14;0;0;16;0;2;14
Starfall Hammock;Woodland;Farmland, 6, 0, 0;2;14;0;0;16;0;6;6
Starfall Hammock;Woodland;Farmland, 6, 0, 0;2;14;0;0;16;1;1;14
Starfall Hammock;Woodland;Farmland, 6, 0, 0;6;6;0;0;16;0;1;15
Starfall Hammock;Woodland;Farmland, 6, 0, 0;6;6;0;0;16;0;6;6
Starfall Hammock;Woodland;Farmland, 6, 0, 1;0;13;0;6;0;0;2;14
Starfall Hammock;Woodland;Farmland, 6, 0, 1;1;12;2;0;12;5;0;7
Starfall Hammock;Woodland;Farmland, 6, 0, 1;1;13;3;0;10;4;0;8
Starfall Hammock;Woodland;Farmland, 6, 0, 1;1;14;0;0;16;0;0;16
Starfall Hammock;Woodland;Farmland, 6, 0, 1;1;14;0;0;16;0;1;15
Starfall Hammock;Woodland;Farmland, 6, 0, 1;1;14;0;0;16;1;1;14
Starfall Hammock;Woodland;Farmland, 6, 0, 3;0;9;3;0;11;4;0;8
Starfall Hammock;Woodland;Farmland, 6, 0, 3;0;9;4;0;10;0;1;13
Starfall Hammock;Woodland;Farmland, 6, 0, 3;0;9;4;0;10;3;0;9
Starfall Hammock;Woodland;Farmland, 6, 0, 4;0;9;2;0;10;4;0;9
Starfall Hammock;Woodland;Farmland, 6, 0, 5;0;7;0;0;14;0;2;14
Starfall Hammock;Woodland;Farmland, 6, 0, 5;0;7;0;0;14;5;0;7
Starfall Hammock;Woodland;Farmland, 6, 0, 5;0;7;1;0;12;4;0;9
Starfall Hammock;Woodland;Farmland, 6, 0, 5;0;7;2;0;10;0;1;15
Starfall Hammock;Woodland;Farmland, 6, 0, 5;0;7;2;0;10;3;0;11
Starfall Hammock;Woodland;Farmland, 6, 1, 0;0;13;0;4;3;0;8;6
Starfall Hammock;Woodland;Farmland, 6, 1, 0;0;13;0;5;2;0;7;6
Starfall Hammock;Woodland;Farmland, 6, 1, 0;0;14;4;0;8;3;0;9
Starfall Hammock;Woodland;Farmland, 6, 1, 0;0;16;0;0;12;6;0;8
Starfall Hammock;Woodland;Farmland, 6, 1, 0;0;16;0;0;13;0;0;19
Starfall Hammock;Woodland;Farmland, 6, 1, 0;0;16;0;0;14;0;0;18
Starfall Hammock;Woodland;Farmland, 6, 1, 0;0;16;1;0;10;6;0;8
Starfall Hammock;Woodland;Farmland, 6, 1, 0;0;17;0;0;14;0;0;17
Starfall Hammock;Woodland;Farmland, 6, 1, 0;0;18;0;0;14;0;0;16
Starfall Hammock;Woodland;Farmland, 6, 1, 0;0;18;0;0;14;0;1;15
Starfall Hammock;Woodland;Farmland, 6, 1, 0;0;19;0;0;13;0;1;15
Starfall Hammock;Woodland;Farmland, 6, 1, 0;1;15;0;0;13;0;1;18
Starfall Hammock;Woodland;Farmland, 6, 1, 0;2;17;0;0;13;1;0;15
Starfall Hammock;Woodland;Farmland, 6, 1, 0;6;7;0;5;2;0;5;6
Starfall Hammock;Woodland;Farmland, 6, 1, 0;7;6;0;5;2;0;1;12
Starfall Hammock;Woodland;Farmland, 6, 1, 0;8;6;0;4;1;1;1;13
Starfall Hammock;Woodland;Farmland, 6, 1, 0;8;6;0;4;3;0;1;12
Starfall Hammock;Woodland;Farmland, 6, 1, 1;0;12;0;4;3;0;8;6
Starfall Hammock;Woodland;Farmland, 6, 1, 1;0;15;0;0;13;0;0;19
Starfall Hammock;Woodland;Farmland, 6, 1, 1;0;15;0;0;14;0;2;16
Starfall Hammock;Woodland;Farmland, 6, 1, 1;0;17;0;0;14;0;1;15
Starfall Hammock;Woodland;Farmland, 6, 1, 1;0;18;0;0;13;0;1;15
Starfall Hammock;Woodland;Farmland, 6, 1, 1;1;13;0;5;5;0;1;13
Starfall Hammock;Woodland;Farmland, 6, 1, 1;1;14;0;0;13;0;1;18
Starfall Hammock;Woodland;Farmland, 6, 1, 1;1;16;0;0;14;0;1;15
Starfall Hammock;Woodland;Farmland, 6, 1, 2;0;12;4;0;8;0;1;13
Starfall Hammock;Woodland;Farmland, 6, 1, 3;0;9;4;0;8;0;2;12
Starfall Hammock;Woodland;Farmland, 6, 1, 3;0;10;2;0;10;5;0;9
Starfall Hammock;Woodland;Farmland, 6, 1, 4;0;10;0;0;11;6;0;8
Starfall Hammock;Woodland;Farmland, 6, 1, 4;0;11;0;0;10;6;0;8
Starfall Hammock;Woodland;Farmland, 6, 1, 6;0;8;0;0;10;4;0;11
Starfall Hammock;Woodland;Farmland, 6, 1, 6;0;8;1;0;10;0;1;15
Starfall Hammock;Woodland;Farmland, 6, 1, 6;0;8;1;0;10;0;2;14
Starfall Hammock;Woodland;Farmland, 6, 1, 6;0;8;1;0;10;3;0;11
Starfall Hammock;Woodland;Farmland, 6, 1, 6;0;8;1;0;11;3;0;10
Starfall Hammock;Woodland;Farmland, 6, 2, 0;0;15;0;5;3;0;2;12
Starfall Hammock;Woodland;Farmland, 6, 2, 0;0;18;0;0;11;6;0;8
Starfall Hammock;Woodland;Farmland, 6, 2, 0;0;19;0;0;12;0;2;17
Starfall Hammock;Woodland;Farmland, 6, 2, 0;0;19;0;0;12;1;1;17
Starfall Hammock;Woodland;Farmland, 6, 2, 0;1;11;0;4;3;0;8;6
Starfall Hammock;Woodland;Farmland, 6, 2, 0;1;11;4;0;4;4;0;8
Starfall Hammock;Woodland;Farmland, 6, 2, 0;1;12;2;0;6;6;0;8
Starfall Hammock;Woodland;Farmland, 6, 2, 0;1;18;0;0;12;0;8;6
Starfall Hammock;Woodland;Farmland, 6, 2, 0;1;18;0;0;12;1;1;17
Starfall Hammock;Woodland;Farmland, 6, 2, 0;8;4;0;0;12;0;8;4
Starfall Hammock;Woodland;Farmland, 6, 2, 0;8;6;0;0;12;0;1;18
Starfall Hammock;Woodland;Farmland, 6, 2, 1;0;13;2;0;5;6;0;8
Starfall Hammock;Woodland;Farmland, 6, 2, 1;0;18;0;0;12;0;0;19
Starfall Hammock;Woodland;Farmland, 6, 2, 1;0;18;0;0;12;0;1;18
Starfall Hammock;Woodland;Farmland, 6, 2, 1;0;18;0;0;12;0;2;17
Starfall Hammock;Woodland;Farmland, 6, 2, 1;0;18;0;0;12;1;1;17
Starfall Hammock;Woodland;Farmland, 6, 2, 1;1;17;0;0;12;1;1;17
Starfall Hammock;Woodland;Farmland, 6, 2, 1;2;16;0;0;12;0;1;18
Starfall Hammock;Woodland;Farmland, 6, 2, 2;0;17;0;0;12;0;1;18
Starfall Hammock;Woodland;Farmland, 6, 2, 2;0;17;0;0;12;1;1;17
Starfall Hammock;Woodland;Farmland, 6, 2, 4;0;7;4;0;2;4;0;7
Starfall Hammock;Woodland;Farmland, 6, 2, 4;0;8;4;0;4;0;1;11
Starfall Hammock;Woodland;Farmland, 6, 2, 5;0;8;1;0;7;6;0;5
Starfall Hammock;Woodland;Farmland, 6, 2, 6;0;8;0;0;11;0;1;17
Starfall Hammock;Woodland;Farmland, 6, 2, 6;0;8;2;0;6;1;1;11
Starfall Hammock;Woodland;Farmland, 6, 3, 0;2;11;0;4;2;0;8;7
Starfall Hammock;Woodland;Farmland, 6, 3, 0;8;6;0;0;9;0;8;8
Starfall Hammock;Woodland;Farmland, 6, 3, 0;8;7;0;0;9;0;1;21
Starfall Hammock;Woodland;Farmland, 6, 3, 0;8;7;0;0;9;0;8;7
Starfall Hammock;Woodland;Farmland, 6, 3, 1;1;10;4;0;3;4;0;8
Starfall Hammock;Woodland;Farmland, 6, 3, 1;1;11;4;0;4;0;1;12
Starfall Hammock;Woodland;Farmland, 6, 3, 1;1;12;0;5;2;1;1;14
Starfall Hammock;Woodland;Farmland, 6, 3, 1;1;12;2;0;4;6;0;9
Starfall Hammock;Woodland;Farmland, 6, 3, 1;1;20;0;0;9;2;0;18
Starfall Hammock;Woodland;Farmland, 6, 3, 4;0;7;3;0;3;5;0;9
Starfall Hammock;Woodland;Farmland, 6, 3, 5;0;9;3;0;3;4;0;7
Starfall Hammock;Woodland;Farmland, 6, 3, 5;0;12;1;0;4;6;0;6
Starfall Hammock;Woodland;Farmland, 6, 3, 6;0;6;1;0;4;5;0;12
Starfall Hammock;Woodland;Farmland, 6, 4, 0;0;22;0;0;8;2;0;20
Starfall Hammock;Woodland;Farmland, 6, 4, 0;1;18;2;0;5;0;2;17
Starfall Hammock;Woodland;Farmland, 6, 4, 0;1;19;0;3;2;0;1;19
Starfall Hammock;Woodland;Farmland, 6, 4, 0;8;8;0;3;1;2;0;17
Starfall Hammock;Woodland;Farmland, 6, 4, 1;0;18;1;0;7;6;0;9
Starfall Hammock;Woodland;Farmland, 6, 4, 1;1;18;0;0;8;6;0;11
Starfall Hammock;Woodland;Farmland, 6, 4, 1;1;20;0;0;8;2;0;20
Starfall Hammock;Woodland;Farmland, 6, 4, 1;2;16;2;0;5;5;0;10
Starfall Hammock;Woodland;Farmland, 6, 4, 2;0;17;1;0;7;6;0;9
Starfall Hammock;Woodland;Farmland, 6, 4, 5;0;10;2;0;5;0;2;17
Starfall Hammock;Woodland;Farmland, 6, 4, 5;0;10;2;0;5;5;0;10
Starfall Hammock;Woodland;Farmland, 6, 4, 6;0;9;1;0;7;0;1;18
Starfall Hammock;Woodland;Farmland, 6, 4, 6;0;9;1;0;7;1;0;18
Starfall Hammock;Woodland;Farmland, 6, 5, 0;1;19;2;0;3;2;0;19
Starfall Hammock;Woodland;Farmland, 6, 5, 0;2;19;2;0;4;5;0;10
Starfall Hammock;Woodland;Farmland, 6, 5, 1;1;19;0;2;5;1;1;20
Starfall Hammock;Woodland;Farmland, 6, 5, 2;0;19;1;0;6;6;0;10
Starfall Hammock;Woodland;Farmland, 6, 5, 2;0;21;0;0;7;0;9;9
Starfall Hammock;Woodland;Farmland, 6, 5, 3;0;19;1;0;6;6;0;9
Starfall Hammock;Woodland;Farmland, 6, 5, 5;0;11;2;0;3;1;1;19
Starfall Hammock;Woodland;Farmland, 6, 5, 6;0;10;1;0;6;1;1;19
Starfall Hammock;Woodland;Farmland, 6, 5, 6;0;11;0;0;6;6;0;12
Starfall Hammock;Woodland;Farmland, 6, 5, 6;0;11;0;0;7;0;2;21
Starfall Hammock;Woodland;Farmland, 6, 5, 6;0;12;0;0;7;6;0;10
Starfall Hammock;Woodland;Farmland, 6, 6, 0;0;24;0;0;7;2;0;22
Starfall Hammock;Woodland;Farmland, 6, 6, 0;1;21;0;2;5;1;1;20
Starfall Hammock;Woodland;Farmland, 6, 6, 0;1;23;0;0;7;0;0;24
Starfall Hammock;Woodland;Farmland, 6, 6, 0;1;23;0;0;7;0;9;9
Starfall Hammock;Woodland;Farmland, 6, 6, 0;3;21;0;0;7;1;1;22
Starfall Hammock;Woodland;Farmland, 6, 6, 0;9;5;0;0;7;0;9;9
Starfall Hammock;Woodland;Farmland, 6, 6, 0;9;7;0;0;7;0;9;7
Starfall Hammock;Woodland;Farmland, 6, 6, 0;9;9;0;0;7;1;1;22
Starfall Hammock;Woodland;Farmland, 6, 6, 0;9;9;0;2;3;1;1;18
Starfall Hammock;Woodland;Farmland, 6, 6, 1;0;22;0;0;6;7;0;10
Starfall Hammock;Woodland;Farmland, 6, 6, 1;1;22;0;0;7;0;0;24
Starfall Hammock;Woodland;Farmland, 6, 6, 1;1;22;0;0;7;2;0;22
Starfall Hammock;Woodland;Farmland, 6, 6, 2;0;22;0;0;7;0;1;23
Starfall Hammock;Woodland;Farmland, 6, 6, 2;1;18;2;0;4;1;1;19
Starfall Hammock;Woodland;Farmland, 6, 6, 2;1;21;0;0;7;1;1;22
Starfall Hammock;Woodland;Farmland, 6, 6, 7;0;10;0;0;6;1;1;21
Starfall Hammock;Woodland;Farmland, 7, 0, 0;0;20;0;0;12;1;0;15
Starfall Hammock;Woodland;Farmland, 7, 0, 0;1;13;5;0;2;1;1;13
Starfall Hammock;Woodland;Farmland, 7, 0, 0;1;16;0;0;11;1;0;19
Starfall Hammock;Woodland;Farmland, 7, 0, 0;1;19;0;0;12;0;2;14
Starfall Hammock;Woodland;Farmland, 7, 0, 0;2;12;0;6;0;0;1;17
Starfall Hammock;Woodland;Farmland, 7, 0, 0;2;13;5;0;2;3;0;9
Starfall Hammock;Woodland;Farmland, 7, 0, 0;2;14;0;0;12;0;1;19
Starfall Hammock;Woodland;Farmland, 7, 0, 0;4;9;0;6;0;0;6;7
Starfall Hammock;Woodland;Farmland, 7, 0, 0;5;9;0;6;0;0;5;7
Starfall Hammock;Woodland;Farmland, 7, 0, 0;6;7;0;5;0;0;5;9
Starfall Hammock;Woodland;Farmland, 7, 0, 0;6;8;0;0;11;0;6;9
Starfall Hammock;Woodland;Farmland, 7, 0, 1;0;15;0;0;12;0;0;20
Starfall Hammock;Woodland;Farmland, 7, 0, 1;0;19;0;0;12;1;1;14
Starfall Hammock;Woodland;Farmland, 7, 0, 1;1;13;4;0;2;4;0;9
Starfall Hammock;Woodland;Farmland, 7, 0, 1;1;14;0;0;12;0;1;19
Starfall Hammock;Woodland;Farmland, 7, 0, 1;1;15;0;0;12;0;6;9
Starfall Hammock;Woodland;Farmland, 7, 0, 1;1;15;0;0;12;1;0;18
Starfall Hammock;Woodland;Farmland, 7, 0, 2;0;15;3;0;2;5;0;7
Starfall Hammock;Woodland;Farmland, 7, 0, 2;0;16;0;0;12;5;0;9
Starfall Hammock;Woodland;Farmland, 7, 0, 2;0;18;0;0;11;0;1;16
Starfall Hammock;Woodland;Farmland, 7, 0, 3;0;9;5;0;2;0;2;13
Starfall Hammock;Woodland;Farmland, 7, 0, 4;0;9;4;0;1;0;2;14
Starfall Hammock;Woodland;Farmland, 7, 0, 5;0;7;3;0;2;0;2;15
Starfall Hammock;Woodland;Farmland, 7, 0, 5;0;8;0;0;12;0;1;18
Starfall Hammock;Woodland;Farmland, 7, 0, 5;0;8;0;0;12;5;0;8
Starfall Hammock;Woodland;Farmland, 7, 1, 0;1;14;5;0;1;3;0;10
Starfall Hammock;Woodland;Farmland, 7, 1, 0;1;19;0;0;9;0;8;8
Starfall Hammock;Woodland;Farmland, 7, 1, 0;7;7;0;5;1;2;0;12
Starfall Hammock;Woodland;Farmland, 7, 1, 0;8;6;0;4;0;2;0;16
Starfall Hammock;Woodland;Farmland, 7, 1, 0;8;7;0;4;0;1;1;15
Starfall Hammock;Woodland;Farmland, 7, 1, 1;1;14;0;5;1;1;1;15
Starfall Hammock;Woodland;Farmland, 7, 1, 3;0;10;5;0;1;0;1;14
Starfall Hammock;Woodland;Farmland, 7, 1, 6;0;8;1;0;4;6;0;8
Starfall Hammock;Woodland;Farmland, 7, 2, 0;0;22;0;0;9;0;2;19
Starfall Hammock;Woodland;Farmland, 7, 2, 0;0;22;0;0;10;0;2;18
Starfall Hammock;Woodland;Farmland, 7, 2, 0;0;22;0;0;10;6;0;9
Starfall Hammock;Woodland;Farmland, 7, 2, 0;1;13;2;0;5;6;0;10
Starfall Hammock;Woodland;Farmland, 7, 2, 0;7;7;0;5;1;1;1;10
Starfall Hammock;Woodland;Farmland, 7, 2, 0;8;7;0;0;10;1;0;21
Starfall Hammock;Woodland;Farmland, 7, 2, 0;8;8;0;4;1;0;2;12
Starfall Hammock;Woodland;Farmland, 7, 2, 1;0;12;2;0;6;6;0;10
Starfall Hammock;Woodland;Farmland, 7, 2, 1;0;19;0;0;10;0;2;20
Starfall Hammock;Woodland;Farmland, 7, 2, 1;0;20;0;0;10;0;2;19
Starfall Hammock;Woodland;Farmland, 7, 2, 1;0;20;0;0;10;0;8;8
Starfall Hammock;Woodland;Farmland, 7, 2, 1;0;21;0;0;10;0;2;18
Starfall Hammock;Woodland;Farmland, 7, 2, 1;1;20;0;0;10;0;2;18
Starfall Hammock;Woodland;Farmland, 7, 2, 1;2;17;0;0;10;1;1;20
Starfall Hammock;Woodland;Farmland, 7, 2, 1;2;19;0;0;10;1;1;18
Starfall Hammock;Woodland;Farmland, 7, 2, 2;0;14;0;5;2;0;1;15
Starfall Hammock;Woodland;Farmland, 7, 2, 2;0;19;0;0;10;1;1;19
Starfall Hammock;Woodland;Farmland, 7, 2, 2;1;17;0;0;10;1;1;20
Starfall Hammock;Woodland;Farmland, 7, 2, 3;0;17;0;0;10;1;1;20
Starfall Hammock;Woodland;Farmland, 7, 2, 6;0;9;0;0;10;0;1;21
Starfall Hammock;Woodland;Farmland, 7, 2, 6;0;9;0;0;10;6;0;9
Starfall Hammock;Woodland;Farmland, 7, 2, 6;0;10;2;0;5;0;1;13
Starfall Hammock;Woodland;Farmland, 7, 3, 0;1;13;2;0;4;6;0;11
Starfall Hammock;Woodland;Farmland, 7, 3, 0;7;6;0;5;0;1;1;12
Starfall Hammock;Woodland;Farmland, 7, 3, 0;8;8;0;4;1;1;0;13
Starfall Hammock;Woodland;Farmland, 7, 3, 1;0;12;0;4;1;0;8;9
Starfall Hammock;Woodland;Farmland, 7, 3, 1;0;12;5;0;0;3;0;8
Starfall Hammock;Woodland;Farmland, 7, 3, 1;0;13;0;4;1;0;8;8
Starfall Hammock;Woodland;Farmland, 7, 3, 1;0;13;0;5;0;0;7;6
Starfall Hammock;Woodland;Farmland, 7, 3, 1;1;13;0;5;0;0;2;15
Starfall Hammock;Woodland;Farmland, 7, 3, 1;1;22;0;0;6;0;8;10
Starfall Hammock;Woodland;Farmland, 7, 3, 1;1;22;0;0;8;2;0;19
Starfall Hammock;Woodland;Farmland, 7, 3, 2;1;18;0;0;8;1;1;22
Starfall Hammock;Woodland;Farmland, 7, 3, 6;0;11;2;0;4;0;1;13
Starfall Hammock;Woodland;Farmland, 7, 4, 0;0;24;0;0;8;0;0;24
Starfall Hammock;Woodland;Farmland, 7, 4, 0;0;24;0;0;8;1;1;22
Starfall Hammock;Woodland;Farmland, 7, 4, 0;1;23;0;0;8;1;1;22
Starfall Hammock;Woodland;Farmland, 7, 4, 0;2;19;0;3;2;2;0;18
Starfall Hammock;Woodland;Farmland, 7, 4, 0;2;22;0;0;8;0;1;23
Starfall Hammock;Woodland;Farmland, 7, 4, 0;8;7;0;3;2;0;8;8
Starfall Hammock;Woodland;Farmland, 7, 4, 0;8;8;0;3;2;0;8;7
Starfall Hammock;Woodland;Farmland, 7, 4, 0;8;11;0;0;8;0;8;11
Starfall Hammock;Woodland;Farmland, 7, 4, 0;8;11;0;0;8;1;1;22
Starfall Hammock;Woodland;Farmland, 7, 4, 1;1;19;2;0;4;0;2;19
Starfall Hammock;Woodland;Farmland, 7, 4, 1;1;22;0;0;8;0;2;22
Starfall Hammock;Woodland;Farmland, 7, 4, 1;1;22;0;0;8;1;1;22
Starfall Hammock;Woodland;Farmland, 7, 4, 1;2;21;0;0;8;0;0;24
Starfall Hammock;Woodland;Farmland, 7, 4, 1;2;21;0;0;8;1;1;22
Starfall Hammock;Woodland;Farmland, 7, 4, 2;0;22;0;0;8;0;2;22
Starfall Hammock;Woodland;Farmland, 7, 4, 2;0;22;0;0;8;6;0;12
Starfall Hammock;Woodland;Farmland, 7, 4, 2;1;21;0;0;8;0;8;11
Starfall Hammock;Woodland;Farmland, 7, 4, 3;0;21;0;0;8;0;0;24
Starfall Hammock;Woodland;Farmland, 7, 4, 6;0;10;2;0;3;0;1;18
Starfall Hammock;Woodland;Farmland, 7, 4, 6;0;11;0;0;8;6;0;11
Starfall Hammock;Woodland;Farmland, 7, 4, 6;0;11;2;0;3;0;1;17
Starfall Hammock;Woodland;Farmland, 7, 4, 6;0;12;0;0;8;0;1;23
Starfall Hammock;Woodland;Farmland, 7, 5, 0;0;19;2;0;2;6;0;12
Starfall Hammock;Woodland;Farmland, 7, 5, 0;1;24;0;0;5;6;0;14
Starfall Hammock;Woodland;Farmland, 7, 5, 0;2;24;0;0;4;0;2;24
Starfall Hammock;Woodland;Farmland, 7, 5, 1;1;19;2;0;4;1;1;20
Starfall Hammock;Woodland;Farmland, 7, 5, 1;1;21;0;0;6;2;0;24
Starfall Hammock;Woodland;Farmland, 7, 5, 2;0;23;0;2;1;1;1;20
Starfall Hammock;Woodland;Farmland, 7, 5, 2;1;17;0;2;2;0;9;10
Starfall Hammock;Woodland;Farmland, 7, 5, 2;1;20;0;0;6;0;0;26
Starfall Hammock;Woodland;Farmland, 7, 5, 2;1;21;0;0;6;0;9;10
Starfall Hammock;Woodland;Farmland, 7, 5, 6;0;14;0;0;5;6;0;13
Starfall Hammock;Woodland;Farmland, 7, 6, 0;1;23;0;2;4;2;0;21
Starfall Hammock;Woodland;Farmland, 7, 6, 0;2;21;0;2;3;0;9;9
Starfall Hammock;Woodland;Farmland, 7, 6, 0;2;24;0;0;6;0;9;10
Starfall Hammock;Woodland;Farmland, 7, 6, 0;8;10;0;2;3;0;9;8
Starfall Hammock;Woodland;Farmland, 7, 6, 0;9;8;0;1;3;0;9;10
Starfall Hammock;Woodland;Farmland, 7, 6, 0;9;8;0;1;4;0;9;9
Starfall Hammock;Woodland;Farmland, 7, 6, 0;9;8;0;2;3;0;8;10
Starfall Hammock;Woodland;Farmland, 7, 6, 0;9;9;0;2;3;0;2;21
Starfall Hammock;Woodland;Farmland, 7, 6, 1;0;24;0;0;6;0;0;26
Starfall Hammock;Woodland;Farmland, 7, 6, 1;1;24;0;0;6;1;1;23
Starfall Hammock;Woodland;Farmland, 7, 6, 1;2;22;0;0;5;7;0;12
Starfall Hammock;Woodland;Farmland, 7, 6, 2;0;21;0;2;3;0;9;9
Starfall Hammock;Woodland;Farmland, 7, 6, 2;0;21;2;0;3;1;1;20
Starfall Hammock;Woodland;Farmland, 7, 6, 2;0;24;0;0;5;0;0;26
Starfall Hammock;Woodland;Farmland, 7, 6, 3;0;22;0;0;6;1;1;24
Starfall Hammock;Woodland;Farmland, 7, 6, 6;0;11;1;0;2;7;0;9
Starfall Hammock;Woodland;Farmland, 7, 7, 0;0;28;0;0;3;2;0;24
Starfall Hammock;Woodland;Farmland, 7, 7, 0;0;28;0;0;4;2;0;22
Starfall Hammock;Woodland;Farmland, 7, 7, 0;1;27;0;0;3;0;9;11
Starfall Hammock;Woodland;Farmland, 7, 7, 0;2;19;2;0;1;6;0;14
Starfall Hammock;Woodland;Farmland, 7, 7, 0;2;22;2;0;2;1;1;21
Starfall Hammock;Woodland;Farmland, 7, 7, 1;1;22;0;0;4;2;0;26
Starfall Hammock;Woodland;Farmland, 7, 7, 1;1;26;0;0;3;7;0;12
Starfall Hammock;Woodland;Farmland, 7, 7, 1;2;25;0;0;4;1;1;22
Starfall Hammock;Woodland;Farmland, 7, 7, 1;2;25;0;0;4;2;0;22
Starfall Hammock;Woodland;Farmland, 8, 0, 0;0;20;0;0;12;0;0;20
Starfall Hammock;Woodland;Farmland, 8, 0, 0;0;20;0;0;12;0;1;19
Starfall Hammock;Woodland;Farmland, 8, 0, 0;0;22;0;0;10;0;0;22
Starfall Hammock;Woodland;Farmland, 8, 0, 0;0;22;0;0;10;0;1;21
Starfall Hammock;Woodland;Farmland, 8, 0, 0;1;15;0;6;0;0;6;10
Starfall Hammock;Woodland;Farmland, 8, 0, 0;1;18;0;6;0;0;1;16
Starfall Hammock;Woodland;Farmland, 8, 0, 0;1;18;0;6;0;0;6;7
Starfall Hammock;Woodland;Farmland, 8, 0, 0;1;19;0;0;12;0;0;20
Starfall Hammock;Woodland;Farmland, 8, 0, 0;1;19;0;0;12;0;1;19
Starfall Hammock;Woodland;Farmland, 8, 0, 0;1;21;0;0;10;0;0;22
Starfall Hammock;Woodland;Farmland, 8, 0, 0;1;21;0;0;10;0;1;21
Starfall Hammock;Woodland;Farmland, 8, 0, 0;6;6;0;6;0;0;1;19
Starfall Hammock;Woodland;Farmland, 8, 0, 0;6;6;0;6;0;0;6;10
Starfall Hammock;Woodland;Farmland, 8, 0, 0;6;8;0;6;0;0;6;8
Starfall Hammock;Woodland;Farmland, 8, 0, 0;6;8;0;6;0;1;0;17
Starfall Hammock;Woodland;Farmland, 8, 0, 0;6;10;0;6;0;0;1;15
Starfall Hammock;Woodland;Farmland, 8, 0, 0;6;10;0;6;0;0;6;6
Starfall Hammock;Woodland;Farmland, 8, 0, 0;6;12;0;0;10;0;1;21
Starfall Hammock;Woodland;Farmland, 8, 0, 0;6;12;0;0;10;0;6;12
Starfall Hammock;Woodland;Farmland, 8, 0, 1;0;14;5;0;2;1;0;15
Starfall Hammock;Woodland;Farmland, 8, 0, 1;0;17;3;0;2;5;0;10
Starfall Hammock;Woodland;Farmland, 8, 0, 1;1;16;0;6;0;0;6;8
Starfall Hammock;Woodland;Farmland, 8, 0, 1;1;20;0;0;10;0;0;22
Starfall Hammock;Woodland;Farmland, 8, 0, 1;1;20;0;0;10;0;1;21
Starfall Hammock;Woodland;Farmland, 8, 0, 1;1;20;0;0;10;0;6;12
Starfall Hammock;Woodland;Farmland, 8, 0, 2;0;20;0;0;10;0;1;21
Starfall Hammock;Woodland;Farmland, 8, 0, 3;0;10;5;0;2;1;0;15
Starfall Hammock;Woodland;Farmland, 8, 0, 3;0;11;5;0;2;3;0;10
Starfall Hammock;Woodland;Farmland, 8, 0, 5;0;8;3;0;2;1;0;19
Starfall Hammock;Woodland;Farmland, 8, 0, 5;0;8;3;0;2;5;0;9
Starfall Hammock;Woodland;Farmland, 8, 0, 5;0;9;3;0;2;5;0;8
Starfall Hammock;Woodland;Farmland, 8, 0, 5;0;11;0;0;10;0;1;21
Starfall Hammock;Woodland;Farmland, 8, 0, 5;0;11;3;0;2;0;1;16
Starfall Hammock;Woodland;Farmland, 8, 1, 0;1;17;0;4;0;0;8;9
Starfall Hammock;Woodland;Farmland, 8, 1, 0;1;17;0;5;1;0;7;7
Starfall Hammock;Woodland;Farmland, 8, 1, 0;1;19;0;0;10;0;2;20
Starfall Hammock;Woodland;Farmland, 8, 1, 0;1;20;0;0;7;6;0;13
Starfall Hammock;Woodland;Farmland, 8, 1, 0;2;20;0;0;10;0;2;18
Starfall Hammock;Woodland;Farmland, 8, 1, 0;6;10;0;4;0;0;8;7
Starfall Hammock;Woodland;Farmland, 8, 1, 0;7;8;0;4;3;0;7;7
Starfall Hammock;Woodland;Farmland, 8, 1, 0;7;9;0;5;1;0;1;15
Starfall Hammock;Woodland;Farmland, 8, 1, 0;8;7;0;4;2;0;6;8
Starfall Hammock;Woodland;Farmland, 8, 1, 0;8;8;0;4;1;0;1;17
Starfall Hammock;Woodland;Farmland, 8, 1, 0;8;10;0;4;1;0;1;15
Starfall Hammock;Woodland;Farmland, 8, 1, 1;0;16;0;5;2;0;1;18
Starfall Hammock;Woodland;Farmland, 8, 1, 1;0;20;0;0;8;0;1;23
Starfall Hammock;Woodland;Farmland, 8, 1, 1;0;20;0;0;9;0;1;22
Starfall Hammock;Woodland;Farmland, 8, 1, 1;0;21;0;0;10;0;1;19
Starfall Hammock;Woodland;Farmland, 8, 1, 1;1;14;5;0;2;0;2;13
Starfall Hammock;Woodland;Farmland, 8, 1, 1;1;19;0;0;10;1;2;18
Starfall Hammock;Woodland;Farmland, 8, 1, 2;0;17;0;4;0;0;8;8
Starfall Hammock;Woodland;Farmland, 8, 1, 2;0;19;0;0;9;0;0;23
Starfall Hammock;Woodland;Farmland, 8, 1, 6;0;9;1;0;3;6;0;9
Starfall Hammock;Woodland;Farmland, 8, 1, 6;0;13;0;0;6;1;1;20
Starfall Hammock;Woodland;Farmland, 8, 2, 0;0;19;0;5;1;0;1;16
Starfall Hammock;Woodland;Farmland, 8, 2, 0;0;22;0;0;10;1;1;20
Starfall Hammock;Woodland;Farmland, 8, 2, 0;0;23;0;0;9;0;0;23
Starfall Hammock;Woodland;Farmland, 8, 2, 0;0;23;0;0;9;1;1;21
Starfall Hammock;Woodland;Farmland, 8, 2, 0;1;15;0;4;2;0;8;9
Starfall Hammock;Woodland;Farmland, 8, 2, 0;1;15;0;5;1;0;7;8
Starfall Hammock;Woodland;Farmland, 8, 2, 0;1;17;0;4;2;0;8;7
Starfall Hammock;Woodland;Farmland, 8, 2, 0;1;23;0;0;7;6;0;12
Starfall Hammock;Woodland;Farmland, 8, 2, 0;2;20;0;0;10;0;0;22
Starfall Hammock;Woodland;Farmland, 8, 2, 0;2;20;0;0;10;1;1;20
Starfall Hammock;Woodland;Farmland, 8, 2, 0;2;21;0;0;8;0;2;22
Starfall Hammock;Woodland;Farmland, 8, 2, 0;2;21;0;0;9;0;0;23
Starfall Hammock;Woodland;Farmland, 8, 2, 0;2;21;0;0;9;0;2;21
Starfall Hammock;Woodland;Farmland, 8, 2, 0;2;21;0;0;9;1;1;21
Starfall Hammock;Woodland;Farmland, 8, 2, 0;2;22;0;0;7;0;8;11
Starfall Hammock;Woodland;Farmland, 8, 2, 0;3;20;0;0;8;0;0;24
Starfall Hammock;Woodland;Farmland, 8, 2, 0;3;21;0;0;8;1;1;21
Starfall Hammock;Woodland;Farmland, 8, 2, 0;6;6;0;4;1;0;8;10
Starfall Hammock;Woodland;Farmland, 8, 2, 0;6;6;0;5;1;0;7;8
Starfall Hammock;Woodland;Farmland, 8, 2, 0;8;7;0;2;3;0;8;11
Starfall Hammock;Woodland;Farmland, 8, 2, 0;8;8;0;4;1;0;6;8
Starfall Hammock;Woodland;Farmland, 8, 2, 0;8;9;0;2;3;0;8;9
Starfall Hammock;Woodland;Farmland, 8, 2, 0;8;9;0;4;0;0;1;17
Starfall Hammock;Woodland;Farmland, 8, 2, 0;8;9;0;4;2;0;1;15
Starfall Hammock;Woodland;Farmland, 8, 2, 0;8;10;0;0;8;0;1;23
Starfall Hammock;Woodland;Farmland, 8, 2, 0;8;10;0;2;4;0;8;7
Starfall Hammock;Woodland;Farmland, 8, 2, 0;8;11;0;2;3;0;8;7
Starfall Hammock;Woodland;Farmland, 8, 2, 1;2;19;0;0;10;0;1;21
Starfall Hammock;Woodland;Farmland, 8, 2, 2;1;20;0;0;9;1;1;21
Starfall Hammock;Woodland;Farmland, 8, 2, 6;0;12;2;0;2;0;2;16
Starfall Hammock;Woodland;Farmland, 8, 3, 0;0;24;0;0;8;1;2;19
Starfall Hammock;Woodland;Farmland, 8, 3, 0;0;25;0;0;7;2;1;19
Starfall Hammock;Woodland;Farmland, 8, 3, 0;0;26;0;0;6;2;1;19
Starfall Hammock;Woodland;Farmland, 8, 3, 0;1;17;0;4;1;0;8;8
Starfall Hammock;Woodland;Farmland, 8, 3, 0;2;22;0;0;8;0;2;20
Starfall Hammock;Woodland;Farmland, 8, 3, 0;2;22;0;0;8;2;1;19
Starfall Hammock;Woodland;Farmland, 8, 3, 0;6;7;0;4;1;0;8;9
Starfall Hammock;Woodland;Farmland, 8, 3, 0;6;8;0;5;0;0;7;6
Starfall Hammock;Woodland;Farmland, 8, 3, 0;7;8;0;5;0;0;2;14
Starfall Hammock;Woodland;Farmland, 8, 3, 0;8;8;0;2;4;0;8;10
Starfall Hammock;Woodland;Farmland, 8, 3, 0;8;8;0;2;5;0;8;9
Starfall Hammock;Woodland;Farmland, 8, 3, 0;8;9;0;2;5;0;8;8
Starfall Hammock;Woodland;Farmland, 8, 3, 0;8;10;0;4;1;0;6;6
Starfall Hammock;Woodland;Farmland, 8, 3, 1;1;22;0;0;5;1;2;23
Starfall Hammock;Woodland;Farmland, 8, 3, 2;0;20;0;0;7;0;0;25
Starfall Hammock;Woodland;Farmland, 8, 3, 2;0;20;0;0;7;1;1;23
Starfall Hammock;Woodland;Farmland, 8, 3, 2;1;15;0;5;0;0;1;16
Starfall Hammock;Woodland;Farmland, 8, 3, 3;0;8;5;0;0;1;1;12
Starfall Hammock;Woodland;Farmland, 8, 4, 0;0;25;0;0;7;0;0;24
Starfall Hammock;Woodland;Farmland, 8, 4, 0;2;21;0;3;2;0;8;8
Starfall Hammock;Woodland;Farmland, 8, 4, 0;2;22;0;0;8;0;0;24
Starfall Hammock;Woodland;Farmland, 8, 4, 0;2;22;0;0;8;1;1;22
Starfall Hammock;Woodland;Farmland, 8, 4, 0;2;23;0;0;7;1;1;22
Starfall Hammock;Woodland;Farmland, 8, 4, 0;3;21;0;0;6;0;0;26
Starfall Hammock;Woodland;Farmland, 8, 4, 0;8;9;0;3;1;0;8;10
Starfall Hammock;Woodland;Farmland, 8, 4, 0;8;9;0;3;2;1;1;20
Starfall Hammock;Woodland;Farmland, 8, 4, 0;8;10;0;3;0;1;1;21
Starfall Hammock;Woodland;Farmland, 8, 4, 0;8;10;0;3;1;0;8;9
Starfall Hammock;Woodland;Farmland, 8, 4, 0;8;10;0;3;2;1;1;19
Starfall Hammock;Woodland;Farmland, 8, 4, 0;8;11;0;3;0;0;8;9
Starfall Hammock;Woodland;Farmland, 8, 4, 0;8;12;0;0;5;0;8;13
Starfall Hammock;Woodland;Farmland, 8, 4, 0;8;13;0;0;5;1;1;23
Starfall Hammock;Woodland;Farmland, 8, 4, 1;0;25;0;0;4;6;0;15
Starfall Hammock;Woodland;Farmland, 8, 4, 1;1;20;0;3;1;0;8;10
Starfall Hammock;Woodland;Farmland, 8, 4, 1;1;21;0;3;1;1;1;20
Starfall Hammock;Woodland;Farmland, 8, 4, 1;1;22;0;0;7;1;1;23
Starfall Hammock;Woodland;Farmland, 8, 4, 1;2;21;0;0;6;0;0;26
Starfall Hammock;Woodland;Farmland, 8, 4, 1;2;23;0;0;4;0;8;13
Starfall Hammock;Woodland;Farmland, 8, 4, 2;0;22;0;0;8;1;1;22
Starfall Hammock;Woodland;Farmland, 8, 4, 2;1;21;0;0;8;0;2;22
Starfall Hammock;Woodland;Farmland, 8, 4, 6;0;11;2;0;2;0;1;20
Starfall Hammock;Woodland;Farmland, 8, 4, 6;0;15;0;0;4;1;0;25
Starfall Hammock;Woodland;Farmland, 8, 5, 0;1;26;0;0;5;1;1;22
Starfall Hammock;Woodland;Farmland, 8, 5, 0;2;19;0;2;3;0;9;10
Starfall Hammock;Woodland;Farmland, 8, 5, 0;9;10;0;2;2;2;0;20
Starfall Hammock;Woodland;Farmland, 8, 5, 1;0;23;0;0;5;0;0;27
Starfall Hammock;Woodland;Farmland, 8, 5, 1;1;18;2;0;3;6;0;12
Starfall Hammock;Woodland;Farmland, 8, 5, 1;1;24;0;0;6;2;0;22
Starfall Hammock;Woodland;Farmland, 8, 5, 2;0;20;2;0;4;1;1;20
Starfall Hammock;Woodland;Farmland, 8, 5, 2;1;21;0;0;5;1;1;25
Starfall Hammock;Woodland;Farmland, 8, 5, 6;0;10;2;0;2;6;0;10
Starfall Hammock;Woodland;Farmland, 8, 5, 6;0;12;2;0;2;1;1;19
Starfall Hammock;Woodland;Farmland, 8, 5, 6;0;14;0;0;5;1;1;24
Starfall Hammock;Woodland;Farmland, 8, 5, 6;0;15;0;0;3;6;0;16
Starfall Hammock;Woodland;Farmland, 8, 5, 6;0;16;0;0;4;6;0;14
Starfall Hammock;Woodland;Farmland, 8, 6, 0;0;26;0;0;5;0;0;27
Starfall Hammock;Woodland;Farmland, 8, 6, 0;0;26;0;0;6;0;0;26
Starfall Hammock;Woodland;Farmland, 8, 6, 0;0;26;0;0;6;1;1;24
Starfall Hammock;Woodland;Farmland, 8, 6, 0;0;27;0;0;5;0;0;26
Starfall Hammock;Woodland;Farmland, 8, 6, 0;0;27;0;0;5;1;1;24
Starfall Hammock;Woodland;Farmland, 8, 6, 0;1;23;1;0;2;7;0;12
Starfall Hammock;Woodland;Farmland, 8, 6, 0;1;25;0;0;5;1;1;25
Starfall Hammock;Woodland;Farmland, 8, 6, 0;1;25;0;0;6;1;1;24
Starfall Hammock;Woodland;Farmland, 8, 6, 0;2;24;0;0;5;0;0;27
Starfall Hammock;Woodland;Farmland, 8, 6, 0;2;24;0;0;5;2;0;25
Starfall Hammock;Woodland;Farmland, 8, 6, 0;2;24;0;0;6;0;0;26
Starfall Hammock;Woodland;Farmland, 8, 6, 0;2;24;0;0;6;1;1;24
Starfall Hammock;Woodland;Farmland, 8, 6, 0;2;25;0;0;5;1;1;24
Starfall Hammock;Woodland;Farmland, 8, 6, 0;9;11;0;0;6;0;9;11
Starfall Hammock;Woodland;Farmland, 8, 6, 0;9;11;0;0;6;1;1;24
Starfall Hammock;Woodland;Farmland, 8, 6, 1;0;25;0;0;6;1;1;24
Starfall Hammock;Woodland;Farmland, 8, 6, 1;1;21;0;2;3;0;9;10
Starfall Hammock;Woodland;Farmland, 8, 6, 1;1;22;1;0;2;7;0;12
Starfall Hammock;Woodland;Farmland, 8, 6, 1;1;23;0;2;3;1;1;22
Starfall Hammock;Woodland;Farmland, 8, 6, 1;1;24;0;0;4;7;0;13
Starfall Hammock;Woodland;Farmland, 8, 6, 1;1;24;0;0;5;1;1;25
Starfall Hammock;Woodland;Farmland, 8, 6, 1;1;25;0;0;5;1;1;24
Starfall Hammock;Woodland;Farmland, 8, 6, 1;2;21;0;2;1;0;9;11
Starfall Hammock;Woodland;Farmland, 8, 6, 1;2;23;0;0;5;1;1;25
Starfall Hammock;Woodland;Farmland, 8, 6, 1;2;23;0;0;6;1;1;24
Starfall Hammock;Woodland;Farmland, 8, 6, 1;2;24;0;0;4;0;9;12
Starfall Hammock;Woodland;Farmland, 8, 6, 2;1;23;0;0;6;1;1;24
Starfall Hammock;Woodland;Farmland, 8, 6, 6;0;12;2;0;0;6;0;12
Starfall Hammock;Woodland;Farmland, 8, 6, 6;0;13;1;0;1;7;0;10
Starfall Hammock;Woodland;Farmland, 8, 6, 7;0;10;0;0;3;7;0;11
Starfall Hammock;Woodland;Farmland, 8, 6, 7;0;10;0;0;4;7;0;10
Starfall Hammock;Woodland;Farmland, 8, 6, 7;0;12;0;0;5;1;1;24
Starfall Hammock;Woodland;Farmland, 8, 7, 0;2;25;0;0;3;0;0;28
Starfall Hammock;Woodland;Farmland, 8, 7, 0;2;26;0;0;3;7;0;14
Starfall Hammock;Woodland;Farmland, 8, 7, 0;2;26;0;0;4;2;0;24
Starfall Hammock;Woodland;Farmland, 8, 7, 0;3;21;1;0;2;7;0;13
Starfall Hammock;Woodland;Farmland, 8, 7, 1;1;20;2;0;1;6;0;14
Starfall Hammock;Woodland;Farmland, 8, 7, 1;1;24;0;2;1;0;9;10
Starfall Hammock;Woodland;Farmland, 8, 7, 1;1;25;0;0;4;0;9;12
Starfall Hammock;Woodland;Farmland, 8, 7, 1;2;23;0;0;4;0;0;28
Starfall Hammock;Woodland;Farmland, 8, 7, 1;2;25;0;0;2;1;1;26
Starfall Hammock;Woodland;Farmland, 8, 7, 2;0;26;0;0;2;1;1;26
Starfall Hammock;Woodland;Farmland, 8, 7, 6;0;14;2;0;1;1;1;20
Starfall Hammock;Woodland;Farmland, 8, 7, 7;0;10;1;0;0;7;0;9
Starfall Hammock;Woodland;Farmland, 8, 7, 7;0;13;1;0;2;0;1;23
Starfall Hammock;Woodland;Farmland, 8, 7, 7;0;13;1;0;2;1;1;22
Starfall Hammock;Woodland;Farmland, 8, 7, 7;0;14;0;0;3;1;1;26
Starfall Hammock;Woodland;Farmland, 8, 8, 0;0;28;0;0;4;0;0;28
Starfall Hammock;Woodland;Farmland, 8, 8, 0;0;28;0;0;4;1;1;26
Starfall Hammock;Woodland;Farmland, 8, 8, 0;1;27;0;0;4;1;1;26
Starfall Hammock;Woodland;Farmland, 8, 8, 0;2;24;0;2;2;0;9;11
Starfall Hammock;Woodland;Farmland, 8, 8, 0;2;24;1;0;0;7;0;14
Starfall Hammock;Woodland;Farmland, 8, 8, 0;2;26;0;0;4;0;9;13
Starfall Hammock;Woodland;Farmland, 8, 8, 0;2;26;0;0;4;1;1;26
Starfall Hammock;Woodland;Farmland, 8, 8, 0;3;25;0;0;3;7;0;14
Starfall Hammock;Woodland;Farmland, 8, 8, 0;9;11;0;2;2;0;9;11
Starfall Hammock;Woodland;Farmland, 8, 8, 0;9;11;0;2;2;1;1;24
Starfall Hammock;Woodland;Farmland, 8, 8, 0;9;13;0;0;4;0;9;13
Starfall Hammock;Woodland;Farmland, 8, 8, 0;9;13;0;0;4;1;1;26
Starfall Hammock;Woodland;Farmland, 8, 8, 1;1;24;0;2;2;1;1;24
Starfall Hammock;Woodland;Farmland, 8, 8, 1;1;26;0;0;4;0;0;28
Starfall Hammock;Woodland;Farmland, 8, 8, 1;1;26;0;0;4;1;1;26
Starfall Hammock;Woodland;Farmland, 8, 8, 1;2;25;0;0;4;0;1;27
Starfall Hammock;Woodland;Farmland, 8, 8, 2;0;23;2;0;1;2;0;22
Starfall Hammock;Woodland;Farmland, 8, 8, 2;0;24;0;2;2;0;9;11
Starfall Hammock;Woodland;Farmland, 8, 8, 2;1;25;0;0;4;1;1;26
Starfall Hammock;Woodland;Farmland, 8, 8, 7;0;14;0;0;3;2;0;26
Starfall Hammock;Woodland;Farmland, 8, 8, 7;0;14;1;0;0;1;1;24
Tidewhisper Sandcastle, 2, 0, 0;8;0
Tidewhisper Sandcastle, 2, 1, 2;6;2
Tidewhisper Sandcastle, 2, 2, 4;4;4
Tidewhisper Sandcastle, 7, 0, 3;5;3
Tidewhisper Sandcastle, 7, 0, 5;3;5
Tidewhisper Sandcastle, 7, 2, 6;2;6
Tidewhisper Sandcastle, 7, 7, 7;1;7
Tidewhisper Sandcastle;Farmland, 2, 0, 0;1;5;13;3;1
Tidewhisper Sandcastle;Farmland, 2, 0, 0;1;8;8;0;1
Tidewhisper Sandcastle;Farmland, 2, 0, 0;6;0;24;0;6
Tidewhisper Sandcastle;Farmland, 2, 0, 0;6;0;24;1;5
Tidewhisper Sandcastle;Farmland, 2, 0, 0;6;0;24;2;4
Tidewhisper Sandcastle;Farmland, 2, 0, 1;1;5;12;3;1
Tidewhisper Sandcastle;Farmland, 2, 0, 1;5;0;24;0;6
Tidewhisper Sandcastle;Farmland, 2, 0, 1;5;0;24;1;5
Tidewhisper Sandcastle;Farmland, 2, 0, 1;5;0;24;2;4
Tidewhisper Sandcastle;Farmland, 2, 0, 1;5;0;24;3;1
Tidewhisper Sandcastle;Farmland, 2, 0, 2;1;5;11;3;1
Tidewhisper Sandcastle;Farmland, 2, 0, 2;4;0;24;2;4
Tidewhisper Sandcastle;Farmland, 2, 0, 3;1;0;24;2;4
Tidewhisper Sandcastle;Farmland, 2, 0, 3;1;0;24;3;1
Tidewhisper Sandcastle;Farmland, 2, 0, 3;1;4;14;3;1
Tidewhisper Sandcastle;Farmland, 2, 0, 3;1;5;11;2;1
Tidewhisper Sandcastle;Farmland, 2, 0, 3;1;5;12;0;2
Tidewhisper Sandcastle;Farmland, 2, 0, 3;1;5;12;1;1
Tidewhisper Sandcastle;Farmland, 2, 1, 0;7;0;19;5;2
Tidewhisper Sandcastle;Farmland, 2, 1, 0;7;0;20;0;11
Tidewhisper Sandcastle;Farmland, 2, 1, 0;8;0;19;0;11
Tidewhisper Sandcastle;Farmland, 2, 1, 0;8;0;22;0;8
Tidewhisper Sandcastle;Farmland, 2, 1, 0;9;0;22;0;7
Tidewhisper Sandcastle;Farmland, 2, 1, 0;9;0;22;1;6
Tidewhisper Sandcastle;Farmland, 2, 1, 0;10;0;21;1;6
Tidewhisper Sandcastle;Farmland, 2, 1, 0;11;0;20;1;6
Tidewhisper Sandcastle;Farmland, 2, 1, 1;2;3;12;5;2
Tidewhisper Sandcastle;Farmland, 2, 1, 1;6;0;20;0;11
Tidewhisper Sandcastle;Farmland, 2, 1, 1;6;0;22;0;9
Tidewhisper Sandcastle;Farmland, 2, 1, 1;6;0;22;2;7
Tidewhisper Sandcastle;Farmland, 2, 1, 1;7;0;22;1;7
Tidewhisper Sandcastle;Farmland, 2, 1, 1;8;0;22;1;6
Tidewhisper Sandcastle;Farmland, 2, 1, 2;1;3;12;5;1
Tidewhisper Sandcastle;Farmland, 2, 1, 2;5;0;20;0;11
Tidewhisper Sandcastle;Farmland, 2, 1, 2;5;0;20;2;9
Tidewhisper Sandcastle;Farmland, 2, 1, 2;6;0;19;0;11
Tidewhisper Sandcastle;Farmland, 2, 1, 2;6;0;19;1;10
Tidewhisper Sandcastle;Farmland, 2, 1, 2;9;0;20;2;5
Tidewhisper Sandcastle;Farmland, 2, 1, 4;1;1;16;5;1
Tidewhisper Sandcastle;Farmland, 2, 1, 5;1;0;16;5;1
Tidewhisper Sandcastle;Farmland, 2, 1, 5;1;3;12;2;1
Tidewhisper Sandcastle;Farmland, 2, 1, 5;2;3;12;0;3
Tidewhisper Sandcastle;Farmland, 2, 2, 0;11;0;18;3;8
Tidewhisper Sandcastle;Farmland, 2, 2, 0;11;0;18;5;2
Tidewhisper Sandcastle;Farmland, 2, 2, 2;9;0;18;1;10
Tidewhisper Sandcastle;Farmland, 2, 2, 4;1;3;4;5;1
Tidewhisper Sandcastle;Farmland, 2, 2, 5;0;0;18;5;2
Tidewhisper Sandcastle;Farmland, 2, 2, 5;2;0;18;1;10
Tidewhisper Sandcastle;Farmland, 2, 2, 5;2;3;8;0;5
Tidewhisper Sandcastle;Farmland, 3, 0, 0;2;8;6;0;2
Tidewhisper Sandcastle;Farmland, 3, 0, 1;2;5;7;3;5
Tidewhisper Sandcastle;Farmland, 3, 0, 1;3;5;7;3;4
Tidewhisper Sandcastle;Farmland, 3, 0, 1;8;0;19;3;3
Tidewhisper Sandcastle;Farmland, 3, 0, 1;10;0;19;2;4
Tidewhisper Sandcastle;Farmland, 3, 0, 2;1;5;7;3;5
Tidewhisper Sandcastle;Farmland, 3, 0, 3;2;5;10;1;2
Tidewhisper Sandcastle;Farmland, 3, 0, 3;4;5;8;2;1
Tidewhisper Sandcastle;Farmland, 3, 0, 3;5;0;19;3;2
Tidewhisper Sandcastle;Farmland, 3, 0, 3;5;5;7;2;1
Tidewhisper Sandcastle;Farmland, 3, 1, 0;13;0;18;1;6
Tidewhisper Sandcastle;Farmland, 3, 1, 1;2;3;8;5;6
Tidewhisper Sandcastle;Farmland, 3, 1, 1;3;3;9;5;4
Tidewhisper Sandcastle;Farmland, 3, 1, 1;6;0;18;1;12
Tidewhisper Sandcastle;Farmland, 3, 1, 1;12;0;18;1;6
Tidewhisper Sandcastle;Farmland, 3, 1, 2;1;3;10;5;3
Tidewhisper Sandcastle;Farmland, 3, 1, 2;5;0;18;0;13
Tidewhisper Sandcastle;Farmland, 3, 1, 2;7;0;16;1;14
Tidewhisper Sandcastle;Farmland, 3, 1, 2;13;0;16;1;8
Tidewhisper Sandcastle;Farmland, 3, 1, 2;14;0;15;1;8
Tidewhisper Sandcastle;Farmland, 3, 1, 4;4;4;8;2;2
Tidewhisper Sandcastle;Farmland, 3, 1, 5;3;3;10;1;3
Tidewhisper Sandcastle;Farmland, 3, 1, 5;4;3;9;1;3
Tidewhisper Sandcastle;Farmland, 3, 2, 2;10;0;16;1;13
Tidewhisper Sandcastle;Farmland, 3, 2, 3;9;0;16;0;14
Tidewhisper Sandcastle;Farmland, 3, 2, 3;10;0;13;0;16
Tidewhisper Sandcastle;Farmland, 3, 2, 3;12;0;11;1;15
Tidewhisper Sandcastle;Farmland, 3, 2, 5;2;0;15;5;5
Tidewhisper Sandcastle;Farmland, 3, 3, 0;17;0;14;3;9
Tidewhisper Sandcastle;Farmland, 3, 3, 0;19;0;12;3;11
Tidewhisper Sandcastle;Farmland, 3, 3, 0;20;0;11;3;11
Tidewhisper Sandcastle;Farmland, 3, 3, 1;16;0;14;2;10
Tidewhisper Sandcastle;Farmland, 3, 3, 2;10;0;14;0;17
Tidewhisper Sandcastle;Farmland, 3, 3, 3;9;0;14;0;17
Tidewhisper Sandcastle;Farmland, 3, 3, 3;11;0;11;1;19
Tidewhisper Sandcastle;Farmland, 3, 3, 3;17;0;11;0;14
Tidewhisper Sandcastle;Farmland, 4, 0, 0;12;0;18;0;12
Tidewhisper Sandcastle;Farmland, 4, 0, 0;12;0;18;1;11
Tidewhisper Sandcastle;Farmland, 4, 0, 0;12;0;18;2;10
Tidewhisper Sandcastle;Farmland, 4, 0, 1;11;0;18;0;12
Tidewhisper Sandcastle;Farmland, 4, 0, 1;11;0;18;1;11
Tidewhisper Sandcastle;Farmland, 4, 0, 1;11;0;18;2;10
Tidewhisper Sandcastle;Farmland, 4, 0, 1;11;0;18;3;7
Tidewhisper Sandcastle;Farmland, 4, 0, 2;9;4;11;3;5
Tidewhisper Sandcastle;Farmland, 4, 0, 2;10;0;18;0;12
Tidewhisper Sandcastle;Farmland, 4, 0, 3;5;4;10;2;10
Tidewhisper Sandcastle;Farmland, 4, 0, 3;5;4;11;2;9
Tidewhisper Sandcastle;Farmland, 4, 0, 3;5;4;11;3;6
Tidewhisper Sandcastle;Farmland, 4, 0, 3;6;4;11;3;5
Tidewhisper Sandcastle;Farmland, 4, 0, 3;7;0;18;1;11
Tidewhisper Sandcastle;Farmland, 4, 0, 3;7;0;18;3;7
Tidewhisper Sandcastle;Farmland, 4, 1, 0;13;0;17;0;14
Tidewhisper Sandcastle;Farmland, 4, 1, 0;13;0;17;1;13
Tidewhisper Sandcastle;Farmland, 4, 1, 0;14;0;17;0;13
Tidewhisper Sandcastle;Farmland, 4, 1, 0;14;0;17;1;12
Tidewhisper Sandcastle;Farmland, 4, 1, 0;16;0;15;2;11
Tidewhisper Sandcastle;Farmland, 4, 1, 1;12;0;17;1;13
Tidewhisper Sandcastle;Farmland, 4, 1, 1;12;0;17;2;12
Tidewhisper Sandcastle;Farmland, 4, 1, 1;13;0;17;0;13
Tidewhisper Sandcastle;Farmland, 4, 1, 1;13;0;17;2;11
Tidewhisper Sandcastle;Farmland, 4, 1, 4;6;1;12;5;6
Tidewhisper Sandcastle;Farmland, 4, 1, 5;6;2;12;3;5
Tidewhisper Sandcastle;Farmland, 4, 2, 0;16;0;13;3;13
Tidewhisper Sandcastle;Farmland, 4, 2, 2;14;0;13;2;14
Tidewhisper Sandcastle;Farmland, 4, 2, 4;5;4;6;1;7
Tidewhisper Sandcastle;Farmland, 4, 2, 5;6;3;4;1;10
Tidewhisper Sandcastle;Farmland, 4, 2, 5;7;0;13;0;16
Tidewhisper Sandcastle;Farmland, 4, 3, 0;19;0;9;5;11
Tidewhisper Sandcastle;Farmland, 4, 3, 1;9;3;5;5;7
Tidewhisper Sandcastle;Farmland, 4, 3, 2;16;0;12;2;16
Tidewhisper Sandcastle;Farmland, 4, 3, 3;15;0;11;0;19
Tidewhisper Sandcastle;Farmland, 4, 3, 3;15;0;12;0;18
Tidewhisper Sandcastle;Farmland, 4, 3, 4;4;4;3;4;5
Tidewhisper Sandcastle;Farmland, 4, 3, 5;7;3;5;2;8
Tidewhisper Sandcastle;Farmland, 4, 3, 5;10;0;10;0;19
Tidewhisper Sandcastle;Farmland, 4, 3, 5;11;0;9;5;10
Tidewhisper Sandcastle;Farmland, 5, 0, 2;12;0;14;1;13
Tidewhisper Sandcastle;Farmland, 5, 0, 3;5;4;9;2;11
Tidewhisper Sandcastle;Farmland, 5, 0, 3;8;0;13;3;11
Tidewhisper Sandcastle;Farmland, 5, 0, 3;8;4;7;2;10
Tidewhisper Sandcastle;Farmland, 5, 0, 3;10;0;13;1;13
Tidewhisper Sandcastle;Farmland, 5, 1, 0;16;0;10;5;10
Tidewhisper Sandcastle;Farmland, 5, 1, 1;12;2;9;5;8
Tidewhisper Sandcastle;Farmland, 5, 1, 1;13;2;8;5;8
Tidewhisper Sandcastle;Farmland, 5, 1, 1;16;0;13;2;12
Tidewhisper Sandcastle;Farmland, 5, 1, 1;17;0;13;2;11
Tidewhisper Sandcastle;Farmland, 5, 1, 5;7;2;9;2;12
Tidewhisper Sandcastle;Farmland, 5, 1, 5;7;2;9;3;9
Tidewhisper Sandcastle;Farmland, 5, 2, 1;7;3;7;5;8
Tidewhisper Sandcastle;Farmland, 5, 2, 1;8;3;6;5;8
Tidewhisper Sandcastle;Farmland, 5, 2, 2;17;0;11;5;8
Tidewhisper Sandcastle;Farmland, 5, 2, 5;8;3;3;1;11
Tidewhisper Sandcastle;Farmland, 5, 2, 5;8;3;7;1;7
Tidewhisper Sandcastle;Farmland, 5, 2, 5;10;0;10;2;16
Tidewhisper Sandcastle;Farmland, 5, 3, 1;9;3;4;5;10
Tidewhisper Sandcastle;Farmland, 5, 3, 5;7;3;4;4;5
Tidewhisper Sandcastle;Farmland, 5, 3, 5;9;3;5;1;9
Tidewhisper Sandcastle;Farmland, 5, 4, 1;15;2;6;5;10
Tidewhisper Sandcastle;Farmland, 5, 4, 1;17;2;6;1;17
Tidewhisper Sandcastle;Farmland, 5, 4, 2;16;2;6;5;8
Tidewhisper Sandcastle;Farmland, 5, 4, 3;19;0;8;5;13
Tidewhisper Sandcastle;Farmland, 5, 4, 5;8;2;6;2;16
Tidewhisper Sandcastle;Farmland, 5, 4, 5;8;2;6;5;9
Tidewhisper Sandcastle;Farmland, 5, 4, 5;9;2;6;5;8
Tidewhisper Sandcastle;Farmland, 5, 4, 5;10;2;5;1;16
Tidewhisper Sandcastle;Farmland, 5, 4, 5;10;2;6;1;15
Tidewhisper Sandcastle;Farmland, 5, 4, 5;13;0;8;2;20
Tidewhisper Sandcastle;Farmland, 5, 4, 5;13;0;8;5;13
Tidewhisper Sandcastle;Farmland, 5, 5, 2;18;2;4;5;11
Tidewhisper Sandcastle;Farmland, 5, 5, 3;17;2;4;1;19
Tidewhisper Sandcastle;Farmland, 5, 5, 3;17;2;4;5;11
Tidewhisper Sandcastle;Farmland, 5, 5, 3;20;0;7;5;13
Tidewhisper Sandcastle;Farmland, 5, 5, 5;11;2;4;5;11
Tidewhisper Sandcastle;Farmland, 5, 5, 5;12;0;7;2;22
Tidewhisper Sandcastle;Farmland, 5, 5, 5;12;0;7;5;15
Tidewhisper Sandcastle;Farmland, 5, 5, 5;13;0;6;5;15
Tidewhisper Sandcastle;Farmland, 5, 5, 5;14;0;5;5;15
Tidewhisper Sandcastle;Farmland, 6, 0, 0;16;0;16;0;16
Tidewhisper Sandcastle;Farmland, 6, 0, 0;16;0;16;1;15
Tidewhisper Sandcastle;Farmland, 6, 0, 1;15;0;14;5;7
Tidewhisper Sandcastle;Farmland, 6, 0, 1;15;0;16;0;16
Tidewhisper Sandcastle;Farmland, 6, 0, 1;15;0;16;1;15
Tidewhisper Sandcastle;Farmland, 6, 0, 1;15;0;16;2;14
Tidewhisper Sandcastle;Farmland, 6, 0, 2;12;4;10;2;12
Tidewhisper Sandcastle;Farmland, 6, 0, 2;12;4;10;3;9
Tidewhisper Sandcastle;Farmland, 6, 0, 2;13;2;11;5;7
Tidewhisper Sandcastle;Farmland, 6, 0, 2;14;0;16;0;16
Tidewhisper Sandcastle;Farmland, 6, 0, 2;14;2;10;5;7
Tidewhisper Sandcastle;Farmland, 6, 0, 3;9;4;10;1;13
Tidewhisper Sandcastle;Farmland, 6, 0, 3;9;4;10;3;9
Tidewhisper Sandcastle;Farmland, 6, 0, 3;10;2;11;5;7
Tidewhisper Sandcastle;Farmland, 6, 0, 4;8;3;11;3;9
Tidewhisper Sandcastle;Farmland, 6, 0, 4;9;2;11;4;8
Tidewhisper Sandcastle;Farmland, 6, 0, 5;7;0;14;1;15
Tidewhisper Sandcastle;Farmland, 6, 0, 5;7;0;14;5;7
Tidewhisper Sandcastle;Farmland, 6, 0, 5;7;1;12;4;9
Tidewhisper Sandcastle;Farmland, 6, 0, 5;7;2;11;1;14
Tidewhisper Sandcastle;Farmland, 6, 1, 0;16;0;13;0;19
Tidewhisper Sandcastle;Farmland, 6, 1, 0;16;0;13;1;18
Tidewhisper Sandcastle;Farmland, 6, 1, 0;16;0;14;2;16
Tidewhisper Sandcastle;Farmland, 6, 1, 0;18;0;14;0;16
Tidewhisper Sandcastle;Farmland, 6, 1, 0;18;0;14;1;15
Tidewhisper Sandcastle;Farmland, 6, 1, 0;19;0;13;1;15
Tidewhisper Sandcastle;Farmland, 6, 1, 1;13;4;8;1;13
Tidewhisper Sandcastle;Farmland, 6, 1, 1;13;4;8;3;9
Tidewhisper Sandcastle;Farmland, 6, 1, 1;14;1;11;6;8
Tidewhisper Sandcastle;Farmland, 6, 1, 1;15;0;12;6;8
Tidewhisper Sandcastle;Farmland, 6, 1, 1;15;0;13;0;19
Tidewhisper Sandcastle;Farmland, 6, 1, 1;15;0;13;1;18
Tidewhisper Sandcastle;Farmland, 6, 1, 1;15;0;14;0;18
Tidewhisper Sandcastle;Farmland, 6, 1, 1;15;0;14;1;17
Tidewhisper Sandcastle;Farmland, 6, 1, 1;15;1;10;6;8
Tidewhisper Sandcastle;Farmland, 6, 1, 1;17;0;14;1;15
Tidewhisper Sandcastle;Farmland, 6, 1, 1;18;0;13;1;15
Tidewhisper Sandcastle;Farmland, 6, 1, 3;10;1;11;6;8
Tidewhisper Sandcastle;Farmland, 6, 1, 3;11;1;10;6;8
Tidewhisper Sandcastle;Farmland, 6, 1, 4;11;0;10;6;8
Tidewhisper Sandcastle;Farmland, 6, 1, 5;10;0;10;5;10
Tidewhisper Sandcastle;Farmland, 6, 1, 5;10;0;11;5;9
Tidewhisper Sandcastle;Farmland, 6, 1, 6;8;0;10;4;11
Tidewhisper Sandcastle;Farmland, 6, 1, 6;8;0;12;1;15
Tidewhisper Sandcastle;Farmland, 6, 1, 6;8;1;10;1;15
Tidewhisper Sandcastle;Farmland, 6, 1, 6;8;1;10;3;11
Tidewhisper Sandcastle;Farmland, 6, 2, 1;11;4;4;4;8
Tidewhisper Sandcastle;Farmland, 6, 2, 1;17;0;11;6;8
Tidewhisper Sandcastle;Farmland, 6, 2, 1;18;0;12;3;16
Tidewhisper Sandcastle;Farmland, 6, 2, 2;12;2;5;6;8
Tidewhisper Sandcastle;Farmland, 6, 2, 4;7;3;3;5;8
Tidewhisper Sandcastle;Farmland, 6, 2, 4;7;4;2;4;7
Tidewhisper Sandcastle;Farmland, 6, 2, 4;8;4;4;1;11
Tidewhisper Sandcastle;Farmland, 6, 2, 6;5;2;6;4;7
Tidewhisper Sandcastle;Farmland, 6, 2, 6;8;0;11;1;17
Tidewhisper Sandcastle;Farmland, 6, 3, 3;17;0;10;1;20
Tidewhisper Sandcastle;Farmland, 6, 3, 4;8;2;5;6;6
Tidewhisper Sandcastle;Farmland, 6, 3, 5;9;3;3;4;7
Tidewhisper Sandcastle;Farmland, 6, 3, 6;9;2;4;0;14
Tidewhisper Sandcastle;Farmland, 6, 4, 1;18;1;7;6;9
Tidewhisper Sandcastle;Farmland, 6, 4, 2;16;2;6;1;18
Tidewhisper Sandcastle;Farmland, 6, 4, 2;17;2;5;5;10
Tidewhisper Sandcastle;Farmland, 6, 4, 3;18;0;8;6;10
Tidewhisper Sandcastle;Farmland, 6, 4, 5;9;2;6;1;18
Tidewhisper Sandcastle;Farmland, 6, 4, 5;10;1;5;6;10
Tidewhisper Sandcastle;Farmland, 6, 4, 5;10;2;5;5;10
Tidewhisper Sandcastle;Farmland, 6, 4, 6;9;1;7;2;17
Tidewhisper Sandcastle;Farmland, 6, 5, 2;17;2;3;3;19
Tidewhisper Sandcastle;Farmland, 6, 5, 2;20;1;5;6;10
Tidewhisper Sandcastle;Farmland, 6, 5, 2;20;1;6;6;9
Tidewhisper Sandcastle;Farmland, 6, 5, 5;10;2;3;5;13
Tidewhisper Sandcastle;Farmland, 6, 5, 5;13;1;6;6;9
Tidewhisper Sandcastle;Farmland, 6, 5, 6;9;1;6;2;20
Tidewhisper Sandcastle;Farmland, 6, 5, 6;10;1;6;2;19
Tidewhisper Sandcastle;Farmland, 6, 5, 6;11;1;5;5;12
Tidewhisper Sandcastle;Farmland, 6, 5, 6;12;0;6;2;21
Tidewhisper Sandcastle;Farmland, 6, 6, 1;20;2;4;3;18
Tidewhisper Sandcastle;Farmland, 6, 6, 1;20;2;4;5;12
Tidewhisper Sandcastle;Farmland, 6, 6, 1;22;0;6;7;10
Tidewhisper Sandcastle;Farmland, 6, 6, 1;23;0;7;0;24
Tidewhisper Sandcastle;Farmland, 6, 6, 3;21;0;7;2;22
Tidewhisper Sandcastle;Farmland, 6, 6, 5;12;2;4;2;19
Tidewhisper Sandcastle;Farmland, 6, 6, 5;13;0;6;7;11
Tidewhisper Sandcastle;Farmland, 6, 6, 5;14;0;6;7;10
Tidewhisper Sandcastle;Farmland, 6, 6, 6;12;0;7;6;12
Tidewhisper Sandcastle;Farmland, 6, 6, 7;10;0;6;2;21
Tidewhisper Sandcastle;Farmland, 6, 6, 7;10;0;6;5;14
Tidewhisper Sandcastle;Farmland, 6, 6, 7;11;0;6;2;20
Tidewhisper Sandcastle;Farmland, 6, 6, 7;11;0;6;5;13
Tidewhisper Sandcastle;Farmland, 7, 0, 0;20;0;12;2;14
Tidewhisper Sandcastle;Farmland, 7, 0, 1;13;3;4;5;8
Tidewhisper Sandcastle;Farmland, 7, 0, 1;14;3;4;5;7
Tidewhisper Sandcastle;Farmland, 7, 0, 1;19;0;12;5;7
Tidewhisper Sandcastle;Farmland, 7, 0, 2;14;0;12;1;19
Tidewhisper Sandcastle;Farmland, 7, 0, 4;9;4;1;2;14
Tidewhisper Sandcastle;Farmland, 7, 0, 5;7;0;12;5;9
Tidewhisper Sandcastle;Farmland, 7, 0, 5;8;0;12;1;18
Tidewhisper Sandcastle;Farmland, 7, 1, 6;10;0;9;1;19
Tidewhisper Sandcastle;Farmland, 7, 2, 1;12;2;6;6;10
Tidewhisper Sandcastle;Farmland, 7, 2, 1;19;0;10;3;19
Tidewhisper Sandcastle;Farmland, 7, 2, 1;21;0;10;6;9
Tidewhisper Sandcastle;Farmland, 7, 2, 6;9;0;10;1;21
Tidewhisper Sandcastle;Farmland, 7, 2, 6;9;0;10;6;9
Tidewhisper Sandcastle;Farmland, 7, 2, 6;10;2;5;2;12
Tidewhisper Sandcastle;Farmland, 7, 2, 6;10;2;6;1;12
Tidewhisper Sandcastle;Farmland, 7, 3, 0;14;2;4;6;11
Tidewhisper Sandcastle;Farmland, 7, 3, 1;13;2;4;6;11
Tidewhisper Sandcastle;Farmland, 7, 3, 1;23;0;8;3;18
Tidewhisper Sandcastle;Farmland, 7, 3, 3;18;0;8;2;22
Tidewhisper Sandcastle;Farmland, 7, 3, 6;11;2;4;2;12
Tidewhisper Sandcastle;Farmland, 7, 4, 0;24;0;8;0;24
Tidewhisper Sandcastle;Farmland, 7, 4, 0;24;0;8;2;22
Tidewhisper Sandcastle;Farmland, 7, 4, 1;23;0;8;2;22
Tidewhisper Sandcastle;Farmland, 7, 4, 1;23;0;8;6;12
Tidewhisper Sandcastle;Farmland, 7, 4, 2;22;0;8;0;24
Tidewhisper Sandcastle;Farmland, 7, 4, 2;22;0;8;2;22
Tidewhisper Sandcastle;Farmland, 7, 4, 6;11;0;8;6;11
Tidewhisper Sandcastle;Farmland, 7, 4, 6;12;0;8;1;23
Tidewhisper Sandcastle;Farmland, 7, 5, 0;26;0;5;6;13
Tidewhisper Sandcastle;Farmland, 7, 5, 2;20;2;4;2;19
Tidewhisper Sandcastle;Farmland, 7, 5, 6;14;0;5;2;23
Tidewhisper Sandcastle;Farmland, 7, 5, 6;14;0;5;6;13
Tidewhisper Sandcastle;Farmland, 7, 6, 1;22;2;3;2;20
Tidewhisper Sandcastle;Farmland, 7, 6, 3;23;0;6;2;23
Tidewhisper Sandcastle;Farmland, 7, 6, 6;11;1;2;7;9
Tidewhisper Sandcastle;Farmland, 7, 6, 7;9;0;4;7;9
Tidewhisper Sandcastle;Farmland, 7, 6, 7;9;1;2;6;11
Tidewhisper Sandcastle;Farmland, 7, 6, 7;11;0;5;2;24
Tidewhisper Sandcastle;Farmland, 7, 7, 2;19;2;1;6;14
Tidewhisper Sandcastle;Farmland, 7, 7, 7;5;0;4;7;13
Tidewhisper Sandcastle;Farmland, 7, 7, 7;12;0;4;2;25
Tidewhisper Sandcastle;Farmland, 8, 0, 0;20;0;12;0;20
Tidewhisper Sandcastle;Farmland, 8, 0, 0;20;0;12;1;19
Tidewhisper Sandcastle;Farmland, 8, 0, 0;22;0;10;0;22
Tidewhisper Sandcastle;Farmland, 8, 0, 0;22;0;10;1;21
Tidewhisper Sandcastle;Farmland, 8, 0, 1;14;5;2;2;14
Tidewhisper Sandcastle;Farmland, 8, 0, 1;15;5;2;3;10
Tidewhisper Sandcastle;Farmland, 8, 0, 1;16;3;2;5;11
Tidewhisper Sandcastle;Farmland, 8, 0, 1;18;3;2;5;9
Tidewhisper Sandcastle;Farmland, 8, 0, 1;19;0;12;1;19
Tidewhisper Sandcastle;Farmland, 8, 0, 1;19;0;12;2;18
Tidewhisper Sandcastle;Farmland, 8, 0, 1;21;0;8;5;13
Tidewhisper Sandcastle;Farmland, 8, 0, 1;21;0;10;0;22
Tidewhisper Sandcastle;Farmland, 8, 0, 1;21;0;10;1;21
Tidewhisper Sandcastle;Farmland, 8, 0, 1;21;0;10;2;20
Tidewhisper Sandcastle;Farmland, 8, 0, 2;18;0;12;0;20
Tidewhisper Sandcastle;Farmland, 8, 0, 2;20;0;10;0;22
Tidewhisper Sandcastle;Farmland, 8, 0, 2;20;0;10;1;21
Tidewhisper Sandcastle;Farmland, 8, 0, 3;10;5;2;3;11
Tidewhisper Sandcastle;Farmland, 8, 0, 3;11;5;2;1;14
Tidewhisper Sandcastle;Farmland, 8, 0, 5;8;3;2;5;9
Tidewhisper Sandcastle;Farmland, 8, 0, 5;9;3;2;1;18
Tidewhisper Sandcastle;Farmland, 8, 0, 5;9;3;2;5;8
Tidewhisper Sandcastle;Farmland, 8, 0, 5;10;3;2;2;16
Tidewhisper Sandcastle;Farmland, 8, 0, 5;12;0;9;1;21
Tidewhisper Sandcastle;Farmland, 8, 1, 1;20;0;9;0;23
Tidewhisper Sandcastle;Farmland, 8, 1, 2;13;5;2;3;11
Tidewhisper Sandcastle;Farmland, 8, 1, 2;14;5;2;1;14
Tidewhisper Sandcastle;Farmland, 8, 1, 3;11;5;2;2;13
Tidewhisper Sandcastle;Farmland, 8, 1, 6;8;1;3;6;10
Tidewhisper Sandcastle;Farmland, 8, 1, 6;9;1;4;6;8
Tidewhisper Sandcastle;Farmland, 8, 2, 0;22;0;10;2;20
Tidewhisper Sandcastle;Farmland, 8, 2, 0;23;0;9;0;23
Tidewhisper Sandcastle;Farmland, 8, 2, 0;23;0;9;2;21
Tidewhisper Sandcastle;Farmland, 8, 2, 2;20;0;10;2;20
Tidewhisper Sandcastle;Farmland, 8, 2, 2;22;0;7;6;12
Tidewhisper Sandcastle;Farmland, 8, 2, 6;13;0;6;1;23
Tidewhisper Sandcastle;Farmland, 8, 3, 0;25;0;7;2;20
Tidewhisper Sandcastle;Farmland, 8, 3, 1;25;0;6;6;11
Tidewhisper Sandcastle;Farmland, 8, 3, 3;19;0;6;0;26
Tidewhisper Sandcastle;Farmland, 8, 3, 3;19;0;7;2;23
Tidewhisper Sandcastle;Farmland, 8, 3, 6;12;0;5;1;25
Tidewhisper Sandcastle;Farmland, 8, 4, 0;24;0;7;0;25
Tidewhisper Sandcastle;Farmland, 8, 4, 1;19;2;3;6;11
Tidewhisper Sandcastle;Farmland, 8, 4, 1;20;2;3;1;21
Tidewhisper Sandcastle;Farmland, 8, 4, 1;25;0;4;6;15
Tidewhisper Sandcastle;Farmland, 8, 4, 2;19;2;2;6;11
Tidewhisper Sandcastle;Farmland, 8, 4, 2;20;2;2;1;21
Tidewhisper Sandcastle;Farmland, 8, 4, 2;22;0;6;0;26
Tidewhisper Sandcastle;Farmland, 8, 4, 2;22;0;7;0;25
Tidewhisper Sandcastle;Farmland, 8, 4, 2;22;0;7;2;23
Tidewhisper Sandcastle;Farmland, 8, 4, 2;22;0;8;1;23
Tidewhisper Sandcastle;Farmland, 8, 4, 6;15;0;4;1;25
Tidewhisper Sandcastle;Farmland, 8, 5, 1;19;2;2;6;13
Tidewhisper Sandcastle;Farmland, 8, 5, 1;20;2;2;6;12
Tidewhisper Sandcastle;Farmland, 8, 5, 1;25;0;3;6;16
Tidewhisper Sandcastle;Farmland, 8, 5, 2;18;2;3;6;12
Tidewhisper Sandcastle;Farmland, 8, 5, 2;21;2;3;2;20
Tidewhisper Sandcastle;Farmland, 8, 5, 2;22;0;5;0;27
Tidewhisper Sandcastle;Farmland, 8, 5, 2;22;0;5;2;25
Tidewhisper Sandcastle;Farmland, 8, 5, 2;25;0;5;2;22
Tidewhisper Sandcastle;Farmland, 8, 5, 3;21;0;5;0;27
Tidewhisper Sandcastle;Farmland, 8, 5, 6;10;2;2;6;10
Tidewhisper Sandcastle;Farmland, 8, 5, 6;12;2;2;2;19
Tidewhisper Sandcastle;Farmland, 8, 5, 6;12;2;3;2;18
Tidewhisper Sandcastle;Farmland, 8, 5, 6;12;2;3;3;17
Tidewhisper Sandcastle;Farmland, 8, 5, 6;14;0;4;6;16
Tidewhisper Sandcastle;Farmland, 8, 5, 6;16;0;3;1;25
Tidewhisper Sandcastle;Farmland, 8, 5, 6;16;0;3;6;15
Tidewhisper Sandcastle;Farmland, 8, 5, 6;16;0;4;6;14
Tidewhisper Sandcastle;Farmland, 8, 6, 0;22;2;1;6;13
Tidewhisper Sandcastle;Farmland, 8, 6, 0;26;0;5;0;27
Tidewhisper Sandcastle;Farmland, 8, 6, 0;26;0;6;0;26
Tidewhisper Sandcastle;Farmland, 8, 6, 0;26;0;6;2;24
Tidewhisper Sandcastle;Farmland, 8, 6, 0;27;0;5;0;26
Tidewhisper Sandcastle;Farmland, 8, 6, 0;27;0;5;2;24
Tidewhisper Sandcastle;Farmland, 8, 6, 1;23;1;2;7;12
Tidewhisper Sandcastle;Farmland, 8, 6, 1;25;0;4;7;13
Tidewhisper Sandcastle;Farmland, 8, 6, 1;25;0;5;0;27
Tidewhisper Sandcastle;Farmland, 8, 6, 1;25;0;5;2;25
Tidewhisper Sandcastle;Farmland, 8, 6, 1;25;0;6;0;26
Tidewhisper Sandcastle;Farmland, 8, 6, 1;25;0;6;2;24
Tidewhisper Sandcastle;Farmland, 8, 6, 1;26;0;5;2;24
Tidewhisper Sandcastle;Farmland, 8, 6, 2;24;0;6;1;25
Tidewhisper Sandcastle;Farmland, 8, 6, 2;24;0;6;2;24
Tidewhisper Sandcastle;Farmland, 8, 6, 2;24;0;6;3;23
Tidewhisper Sandcastle;Farmland, 8, 6, 6;12;2;0;6;12
Tidewhisper Sandcastle;Farmland, 8, 6, 6;13;1;1;7;10
Tidewhisper Sandcastle;Farmland, 8, 6, 7;10;0;3;7;11
Tidewhisper Sandcastle;Farmland, 8, 6, 7;10;1;1;6;13
Tidewhisper Sandcastle;Farmland, 8, 6, 7;11;0;2;7;11
Tidewhisper Sandcastle;Farmland, 8, 6, 7;11;0;3;7;10
Tidewhisper Sandcastle;Farmland, 8, 6, 7;13;0;4;2;24
Tidewhisper Sandcastle;Farmland, 8, 7, 0;24;1;2;7;13
Tidewhisper Sandcastle;Farmland, 8, 7, 1;22;2;0;6;14
Tidewhisper Sandcastle;Farmland, 8, 7, 1;23;2;2;2;22
Tidewhisper Sandcastle;Farmland, 8, 7, 1;27;0;3;7;14
Tidewhisper Sandcastle;Farmland, 8, 7, 2;22;1;2;7;13
Tidewhisper Sandcastle;Farmland, 8, 7, 6;14;2;1;2;20
Tidewhisper Sandcastle;Farmland, 8, 7, 7;9;0;2;7;14
Tidewhisper Sandcastle;Farmland, 8, 7, 7;9;1;0;7;10
Tidewhisper Sandcastle;Farmland, 8, 7, 7;10;1;0;7;9
Tidewhisper Sandcastle;Farmland, 8, 7, 7;13;1;2;2;22
Tidewhisper Sandcastle;Farmland, 8, 7, 7;14;0;2;7;9
Tidewhisper Sandcastle;Farmland, 8, 7, 7;14;0;3;2;26
Tidewhisper Sandcastle;Farmland, 8, 8, 0;28;0;4;0;28
Tidewhisper Sandcastle;Farmland, 8, 8, 0;28;0;4;2;26
Tidewhisper Sandcastle;Farmland, 8, 8, 1;21;2;1;6;14
Tidewhisper Sandcastle;Farmland, 8, 8, 1;24;2;1;2;22
Tidewhisper Sandcastle;Farmland, 8, 8, 1;27;0;4;0;28
Tidewhisper Sandcastle;Farmland, 8, 8, 1;27;0;4;2;26
Tidewhisper Sandcastle;Farmland, 8, 8, 2;24;1;0;7;14
Tidewhisper Sandcastle;Farmland, 8, 8, 2;26;0;4;0;28
Tidewhisper Sandcastle;Farmland, 8, 8, 2;26;0;4;2;26
Tidewhisper Sandcastle;Farmland, 8, 8, 3;25;0;4;2;26
Tidewhisper Sandcastle;Farmland, 8, 8, 6;14;2;0;2;21
Tidewhisper Sandcastle;Farmland, 8, 8, 7;7;1;0;7;13
Tidewhisper Sandcastle;Farmland, 8, 8, 7;13;0;1;7;13
Tidewhisper Sandcastle;Farmland, 8, 8, 7;13;1;0;7;7
Tidewhisper Sandcastle;Farmland, 8, 8, 7;14;1;0;2;24
Tidewhisper Sandcastle;Woodland, 2, 0, 0;0;0;8;0;4
Tidewhisper Sandcastle;Woodland, 2, 0, 0;0;0;9;0;3
Tidewhisper Sandcastle;Woodland, 2, 0, 0;0;0;10;0;2
Tidewhisper Sandcastle;Woodland, 2, 0, 0;0;1;7;0;4
Tidewhisper Sandcastle;Woodland, 2, 0, 0;0;1;9;0;2
Tidewhisper Sandcastle;Woodland, 2, 0, 0;0;1;9;1;1
Tidewhisper Sandcastle;Woodland, 2, 0, 0;0;8;0;0;0
Tidewhisper Sandcastle;Woodland, 2, 0, 0;1;0;7;0;4
Tidewhisper Sandcastle;Woodland, 2, 0, 0;1;0;10;0;1
Tidewhisper Sandcastle;Woodland, 2, 0, 0;2;0;10;0;0
Tidewhisper Sandcastle;Woodland, 2, 0, 0;2;1;5;3;0
Tidewhisper Sandcastle;Woodland, 2, 0, 0;3;0;9;0;0
Tidewhisper Sandcastle;Woodland, 2, 0, 0;3;1;8;0;0
Tidewhisper Sandcastle;Woodland, 2, 0, 0;4;0;8;0;0
Tidewhisper Sandcastle;Woodland, 2, 0, 0;4;1;7;0;0
Tidewhisper Sandcastle;Woodland, 2, 0, 1;3;3;1;0;4
Tidewhisper Sandcastle;Woodland, 2, 0, 2;0;6;0;1;1
Tidewhisper Sandcastle;Woodland, 2, 0, 2;0;6;0;2;0
Tidewhisper Sandcastle;Woodland, 2, 1, 0;1;0;8;0;3
Tidewhisper Sandcastle;Woodland, 2, 1, 0;2;1;7;2;0
Tidewhisper Sandcastle;Woodland, 2, 1, 1;4;2;2;1;4
Tidewhisper Sandcastle;Woodland, 2, 1, 2;0;0;8;1;1
Tidewhisper Sandcastle;Woodland, 2, 1, 2;2;1;7;0;0
Tidewhisper Sandcastle;Woodland, 2, 1, 3;4;1;4;0;2
Tidewhisper Sandcastle;Woodland, 2, 1, 4;0;2;2;4;0
Tidewhisper Sandcastle;Woodland, 2, 2, 0;0;0;8;1;3
Tidewhisper Sandcastle;Woodland, 2, 2, 0;7;2;1;2;2
Tidewhisper Sandcastle;Woodland, 2, 2, 1;1;0;8;1;1
Tidewhisper Sandcastle;Woodland, 2, 2, 1;1;2;6;1;1
Tidewhisper Sandcastle;Woodland, 2, 2, 1;3;1;7;0;0
Tidewhisper Sandcastle;Woodland, 2, 2, 1;4;2;1;2;4
Tidewhisper Sandcastle;Woodland, 2, 2, 2;4;1;2;5;0
Tidewhisper Sandcastle;Woodland, 2, 2, 2;5;1;4;0;2
Tidewhisper Sandcastle;Woodland, 2, 2, 3;2;1;1;2;5
Tidewhisper Sandcastle;Woodland, 2, 2, 4;0;4;0;1;4
Tidewhisper Sandcastle;Woodland, 2, 2, 4;0;4;0;4;0
Tidewhisper Sandcastle;Woodland, 2, 2, 4;2;1;1;2;4
Tidewhisper Sandcastle;Woodland, 3, 0, 0;0;0;10;1;1
Tidewhisper Sandcastle;Woodland, 3, 0, 0;1;1;6;0;4
Tidewhisper Sandcastle;Woodland, 3, 0, 0;1;1;6;3;0
Tidewhisper Sandcastle;Woodland, 3, 0, 0;2;1;9;0;0
Tidewhisper Sandcastle;Woodland, 3, 0, 2;1;1;8;0;0
Tidewhisper Sandcastle;Woodland, 3, 0, 3;0;2;3;0;3
Tidewhisper Sandcastle;Woodland, 3, 1, 0;2;1;7;0;2
Tidewhisper Sandcastle;Woodland, 3, 1, 0;7;1;2;2;2
Tidewhisper Sandcastle;Woodland, 3, 1, 2;0;0;8;0;2
Tidewhisper Sandcastle;Woodland, 3, 1, 2;4;1;5;0;2
Tidewhisper Sandcastle;Woodland, 3, 2, 0;2;0;8;0;2
Tidewhisper Sandcastle;Woodland, 3, 2, 0;7;2;0;3;2
Tidewhisper Sandcastle;Woodland, 3, 2, 1;1;1;7;1;1
Tidewhisper Sandcastle;Woodland, 3, 2, 1;2;0;8;0;1
Tidewhisper Sandcastle;Woodland, 3, 2, 1;3;0;8;0;0
Tidewhisper Sandcastle;Woodland, 3, 2, 1;5;1;2;2;3
Tidewhisper Sandcastle;Woodland, 3, 2, 3;1;1;2;2;5
Tidewhisper Sandcastle;Woodland, 3, 2, 3;2;4;0;4;0
Tidewhisper Sandcastle;Woodland, 3, 2, 5;0;3;0;3;2
Tidewhisper Sandcastle;Woodland, 3, 3, 0;1;0;8;1;2
Tidewhisper Sandcastle;Woodland, 3, 3, 0;3;0;8;0;1
Tidewhisper Sandcastle;Woodland, 3, 3, 1;0;1;7;1;2
Tidewhisper Sandcastle;Woodland, 3, 3, 2;5;1;1;4;1
Tidewhisper Sandcastle;Woodland, 3, 3, 2;5;1;2;3;1
Tidewhisper Sandcastle;Woodland, 3, 3, 4;0;2;1;1;6
Tidewhisper Sandcastle;Woodland, 4, 0, 1;3;0;6;3;0
Tidewhisper Sandcastle;Woodland, 4, 0, 3;0;0;6;0;4
Tidewhisper Sandcastle;Woodland, 4, 0, 3;0;0;6;3;0
Tidewhisper Sandcastle;Woodland, 4, 1, 1;3;3;1;4;0
Tidewhisper Sandcastle;Woodland, 4, 1, 4;0;3;1;1;3
Tidewhisper Sandcastle;Woodland, 4, 2, 0;5;1;3;0;7
Tidewhisper Sandcastle;Woodland, 4, 2, 0;5;4;0;0;5
Tidewhisper Sandcastle;Woodland, 4, 2, 1;4;1;4;0;6
Tidewhisper Sandcastle;Woodland, 4, 2, 1;5;1;3;0;6
Tidewhisper Sandcastle;Woodland, 4, 2, 4;0;4;0;0;5
Tidewhisper Sandcastle;Woodland, 4, 2, 4;0;4;0;2;3
Tidewhisper Sandcastle;Woodland, 5, 0, 1;4;2;1;3;2
Tidewhisper Sandcastle;Woodland, 5, 0, 3;2;2;1;3;1
Tidewhisper Sandcastle;Woodland, 5, 1, 1;7;1;2;0;6
Tidewhisper Sandcastle;Woodland, 5, 1, 2;6;1;2;1;5
Tidewhisper Sandcastle;Woodland, 5, 1, 3;4;1;3;0;5
Tidewhisper Sandcastle;Woodland, 5, 1, 4;0;3;1;0;5
Tidewhisper Sandcastle;Woodland, 5, 1, 4;0;3;1;3;1
Tidewhisper Sandcastle;Woodland, 5, 1, 5;1;0;2;0;8
Tidewhisper Sandcastle;Woodland, 5, 1, 5;1;1;2;4;1
Tidewhisper Sandcastle;Woodland, 5, 2, 0;5;4;0;1;4
Tidewhisper Sandcastle;Woodland, 5, 2, 0;5;4;0;4;0
Tidewhisper Sandcastle;Woodland, 5, 2, 0;6;2;2;1;5
Tidewhisper Sandcastle;Woodland, 5, 2, 0;8;1;2;0;6
Tidewhisper Sandcastle;Woodland, 5, 2, 2;3;4;0;4;0
Tidewhisper Sandcastle;Woodland, 5, 2, 5;1;0;2;1;7
Tidewhisper Sandcastle;Woodland, 5, 3, 1;4;4;0;0;5
Tidewhisper Sandcastle;Woodland, 5, 3, 1;7;1;2;1;5
Tidewhisper Sandcastle;Woodland, 5, 3, 3;4;1;3;1;4
Tidewhisper Sandcastle;Woodland, 5, 4, 1;7;0;2;5;1
Tidewhisper Sandcastle;Woodland, 5, 5, 0;8;0;2;5;2
Tidewhisper Sandcastle;Woodland, 5, 5, 5;1;0;2;5;2
Tidewhisper Sandcastle;Woodland, 5, 5, 5;2;0;2;2;6
Tidewhisper Sandcastle;Woodland, 6, 0, 0;6;0;6;1;3
Tidewhisper Sandcastle;Woodland, 6, 0, 0;6;1;3;0;6
Tidewhisper Sandcastle;Woodland, 6, 0, 0;6;1;3;1;5
Tidewhisper Sandcastle;Woodland, 6, 0, 0;6;1;5;0;4
Tidewhisper Sandcastle;Woodland, 6, 0, 0;6;2;2;5;0
Tidewhisper Sandcastle;Woodland, 6, 0, 1;3;1;5;0;6
Tidewhisper Sandcastle;Woodland, 6, 0, 1;3;2;4;0;6
Tidewhisper Sandcastle;Woodland, 6, 0, 1;3;4;2;1;3
Tidewhisper Sandcastle;Woodland, 6, 0, 1;5;0;4;5;0
Tidewhisper Sandcastle;Woodland, 6, 0, 1;5;1;5;0;4
Tidewhisper Sandcastle;Woodland, 6, 0, 1;5;2;2;0;6
Tidewhisper Sandcastle;Woodland, 6, 0, 1;5;2;2;5;0
Tidewhisper Sandcastle;Woodland, 6, 0, 1;5;2;4;1;3
Tidewhisper Sandcastle;Woodland, 6, 0, 1;5;2;4;2;2
Tidewhisper Sandcastle;Woodland, 6, 0, 2;2;4;2;3;0
Tidewhisper Sandcastle;Woodland, 6, 0, 2;4;1;3;1;5
Tidewhisper Sandcastle;Woodland, 6, 0, 3;0;4;2;1;3
Tidewhisper Sandcastle;Woodland, 6, 0, 3;0;4;2;3;0
Tidewhisper Sandcastle;Woodland, 6, 0, 3;2;2;2;5;0
Tidewhisper Sandcastle;Woodland, 6, 0, 5;0;0;4;1;5
Tidewhisper Sandcastle;Woodland, 6, 0, 5;0;0;4;5;0
Tidewhisper Sandcastle;Woodland, 6, 0, 5;0;2;2;0;6
Tidewhisper Sandcastle;Woodland, 6, 0, 5;0;2;2;3;2
Tidewhisper Sandcastle;Woodland, 6, 1, 0;4;4;1;1;3
Tidewhisper Sandcastle;Woodland, 6, 1, 0;6;1;2;6;0
Tidewhisper Sandcastle;Woodland, 6, 1, 0;7;0;5;2;2
Tidewhisper Sandcastle;Woodland, 6, 1, 0;7;1;4;1;3
Tidewhisper Sandcastle;Woodland, 6, 1, 0;8;0;4;2;3
Tidewhisper Sandcastle;Woodland, 6, 1, 0;8;1;3;1;4
Tidewhisper Sandcastle;Woodland, 6, 1, 1;3;4;1;3;0
Tidewhisper Sandcastle;Woodland, 6, 1, 2;3;1;3;0;8
Tidewhisper Sandcastle;Woodland, 6, 1, 2;4;1;4;1;4
Tidewhisper Sandcastle;Woodland, 6, 1, 3;0;4;1;2;2
Tidewhisper Sandcastle;Woodland, 6, 1, 3;2;0;5;1;5
Tidewhisper Sandcastle;Woodland, 6, 1, 3;2;1;2;6;0
Tidewhisper Sandcastle;Woodland, 6, 1, 4;2;0;2;6;0
Tidewhisper Sandcastle;Woodland, 6, 1, 6;0;0;2;4;2
Tidewhisper Sandcastle;Woodland, 6, 1, 6;0;0;3;4;1
Tidewhisper Sandcastle;Woodland, 6, 1, 6;0;1;2;1;5
Tidewhisper Sandcastle;Woodland, 6, 1, 6;0;1;2;3;2
Tidewhisper Sandcastle;Woodland, 6, 2, 0;4;1;4;0;7
Tidewhisper Sandcastle;Woodland, 6, 2, 0;5;1;3;2;6
Tidewhisper Sandcastle;Woodland, 6, 2, 1;4;4;0;4;0
Tidewhisper Sandcastle;Woodland, 6, 2, 1;7;0;4;3;2
Tidewhisper Sandcastle;Woodland, 6, 2, 2;3;4;0;0;5
Tidewhisper Sandcastle;Woodland, 6, 2, 2;5;0;5;1;3
Tidewhisper Sandcastle;Woodland, 6, 2, 3;3;3;0;5;0
Tidewhisper Sandcastle;Woodland, 6, 2, 4;1;3;0;5;0
Tidewhisper Sandcastle;Woodland, 6, 2, 5;0;3;0;4;1
Tidewhisper Sandcastle;Woodland, 6, 2, 6;0;0;2;1;7
Tidewhisper Sandcastle;Woodland, 6, 3, 0;7;1;4;0;4
Tidewhisper Sandcastle;Woodland, 6, 3, 0;8;1;3;0;5
Tidewhisper Sandcastle;Woodland, 6, 3, 0;8;2;0;0;8
Tidewhisper Sandcastle;Woodland, 6, 3, 1;3;1;4;1;6
Tidewhisper Sandcastle;Woodland, 6, 3, 1;4;4;0;2;3
Tidewhisper Sandcastle;Woodland, 6, 3, 1;5;1;4;0;5
Tidewhisper Sandcastle;Woodland, 6, 3, 2;3;1;3;1;7
Tidewhisper Sandcastle;Woodland, 6, 3, 2;4;3;0;5;0
Tidewhisper Sandcastle;Woodland, 6, 3, 2;6;1;3;1;4
Tidewhisper Sandcastle;Woodland, 6, 3, 5;0;1;2;6;0
Tidewhisper Sandcastle;Woodland, 6, 3, 5;0;3;0;1;5
Tidewhisper Sandcastle;Woodland, 6, 4, 0;8;0;3;0;8
Tidewhisper Sandcastle;Woodland, 6, 4, 0;8;0;3;1;7
Tidewhisper Sandcastle;Woodland, 6, 4, 0;8;0;3;2;6
Tidewhisper Sandcastle;Woodland, 6, 4, 0;8;0;3;3;5
Tidewhisper Sandcastle;Woodland, 6, 4, 0;8;0;3;6;0
Tidewhisper Sandcastle;Woodland, 6, 4, 0;8;2;0;1;7
Tidewhisper Sandcastle;Woodland, 6, 4, 0;8;2;0;5;1
Tidewhisper Sandcastle;Woodland, 6, 4, 1;7;0;3;0;8
Tidewhisper Sandcastle;Woodland, 6, 4, 1;7;0;3;1;7
Tidewhisper Sandcastle;Woodland, 6, 4, 1;7;0;3;2;6
Tidewhisper Sandcastle;Woodland, 6, 4, 2;6;0;3;0;8
Tidewhisper Sandcastle;Woodland, 6, 4, 2;6;0;3;2;6
Tidewhisper Sandcastle;Woodland, 6, 4, 2;6;1;1;6;0
Tidewhisper Sandcastle;Woodland, 6, 4, 5;1;2;0;0;8
Tidewhisper Sandcastle;Woodland, 6, 4, 5;1;2;0;1;7
Tidewhisper Sandcastle;Woodland, 6, 4, 5;1;2;0;5;1
Tidewhisper Sandcastle;Woodland, 6, 4, 6;0;0;3;2;6
Tidewhisper Sandcastle;Woodland, 6, 4, 6;0;0;3;6;0
Tidewhisper Sandcastle;Woodland, 6, 5, 0;8;2;0;2;6
Tidewhisper Sandcastle;Woodland, 6, 5, 0;9;1;1;6;0
Tidewhisper Sandcastle;Woodland, 6, 5, 1;7;2;0;5;1
Tidewhisper Sandcastle;Woodland, 6, 5, 1;8;1;1;6;0
Tidewhisper Sandcastle;Woodland, 6, 5, 2;6;0;2;6;1
Tidewhisper Sandcastle;Woodland, 6, 5, 5;2;1;1;6;0
Tidewhisper Sandcastle;Woodland, 6, 5, 6;0;0;2;6;1
Tidewhisper Sandcastle;Woodland, 6, 5, 6;0;1;1;1;8
Tidewhisper Sandcastle;Woodland, 6, 5, 6;0;1;1;5;2
Tidewhisper Sandcastle;Woodland, 6, 5, 6;1;0;1;6;1
Tidewhisper Sandcastle;Woodland, 6, 5, 6;1;0;2;2;6
Tidewhisper Sandcastle;Woodland, 6, 5, 6;1;0;2;6;0
Tidewhisper Sandcastle;Woodland, 6, 6, 0;8;1;1;1;8
Tidewhisper Sandcastle;Woodland, 6, 6, 0;9;0;1;7;0
Tidewhisper Sandcastle;Woodland, 6, 6, 0;9;1;1;1;7
Tidewhisper Sandcastle;Woodland, 6, 6, 0;9;1;1;2;6
Tidewhisper Sandcastle;Woodland, 6, 6, 1;7;1;1;1;8
Tidewhisper Sandcastle;Woodland, 6, 6, 1;8;0;1;7;0
Tidewhisper Sandcastle;Woodland, 6, 6, 1;8;1;0;0;9
Tidewhisper Sandcastle;Woodland, 6, 6, 1;8;1;0;2;7
Tidewhisper Sandcastle;Woodland, 6, 6, 3;5;0;2;1;8
Tidewhisper Sandcastle;Woodland, 6, 6, 5;2;0;1;7;0
Tidewhisper Sandcastle;Woodland, 6, 6, 7;0;0;1;1;8
Tidewhisper Sandcastle;Woodland, 6, 6, 7;0;0;1;2;7
Tidewhisper Sandcastle;Woodland, 6, 6, 7;0;0;1;5;2
Tidewhisper Sandcastle;Woodland, 7, 0, 0;6;0;6;2;2
Tidewhisper Sandcastle;Woodland, 7, 0, 0;6;1;4;1;4
Tidewhisper Sandcastle;Woodland, 7, 0, 0;6;1;5;2;2
Tidewhisper Sandcastle;Woodland, 7, 0, 1;5;2;4;0;4
Tidewhisper Sandcastle;Woodland, 7, 0, 1;5;3;0;5;0
Tidewhisper Sandcastle;Woodland, 7, 0, 2;2;1;5;0;6
Tidewhisper Sandcastle;Woodland, 7, 0, 2;2;5;0;1;3
Tidewhisper Sandcastle;Woodland, 7, 0, 2;2;5;0;3;0
Tidewhisper Sandcastle;Woodland, 7, 0, 2;3;1;4;0;6
Tidewhisper Sandcastle;Woodland, 7, 0, 2;4;0;4;3;3
Tidewhisper Sandcastle;Woodland, 7, 0, 2;4;1;3;2;4
Tidewhisper Sandcastle;Woodland, 7, 0, 3;0;5;0;1;3
Tidewhisper Sandcastle;Woodland, 7, 0, 3;0;5;0;3;0
Tidewhisper Sandcastle;Woodland, 7, 0, 3;3;0;4;2;4
Tidewhisper Sandcastle;Woodland, 7, 0, 4;2;1;3;5;0
Tidewhisper Sandcastle;Woodland, 7, 0, 5;0;1;3;5;0
Tidewhisper Sandcastle;Woodland, 7, 0, 5;0;2;2;2;4
Tidewhisper Sandcastle;Woodland, 7, 0, 5;0;3;0;2;4
Tidewhisper Sandcastle;Woodland, 7, 0, 5;0;3;0;5;0
Tidewhisper Sandcastle;Woodland, 7, 1, 0;4;5;0;0;4
Tidewhisper Sandcastle;Woodland, 7, 1, 0;4;5;0;3;0
Tidewhisper Sandcastle;Woodland, 7, 1, 0;6;2;3;1;4
Tidewhisper Sandcastle;Woodland, 7, 1, 1;4;1;3;0;8
Tidewhisper Sandcastle;Woodland, 7, 1, 1;5;1;2;6;0
Tidewhisper Sandcastle;Woodland, 7, 1, 1;6;1;4;1;3
Tidewhisper Sandcastle;Woodland, 7, 1, 2;4;0;5;1;4
Tidewhisper Sandcastle;Woodland, 7, 1, 3;0;5;0;2;2
Tidewhisper Sandcastle;Woodland, 7, 2, 0;7;0;5;1;3
Tidewhisper Sandcastle;Woodland, 7, 2, 0;8;0;4;3;2
Tidewhisper Sandcastle;Woodland, 7, 2, 0;8;2;0;6;0
Tidewhisper Sandcastle;Woodland, 7, 2, 1;3;5;0;2;2
Tidewhisper Sandcastle;Woodland, 7, 2, 1;3;5;0;3;0
Tidewhisper Sandcastle;Woodland, 7, 2, 2;6;2;0;6;0
Tidewhisper Sandcastle;Woodland, 7, 2, 3;2;1;3;0;8
Tidewhisper Sandcastle;Woodland, 7, 2, 3;3;1;4;1;4
Tidewhisper Sandcastle;Woodland, 7, 2, 6;0;2;0;1;7
Tidewhisper Sandcastle;Woodland, 7, 2, 6;0;2;0;2;6
Tidewhisper Sandcastle;Woodland, 7, 2, 6;0;2;0;6;0
Tidewhisper Sandcastle;Woodland, 7, 3, 0;6;0;5;2;3
Tidewhisper Sandcastle;Woodland, 7, 3, 1;3;1;4;0;7
Tidewhisper Sandcastle;Woodland, 7, 3, 1;3;5;0;1;3
Tidewhisper Sandcastle;Woodland, 7, 3, 1;4;1;3;1;7
Tidewhisper Sandcastle;Woodland, 7, 3, 1;5;1;4;1;4
Tidewhisper Sandcastle;Woodland, 7, 3, 2;6;0;4;1;4
Tidewhisper Sandcastle;Woodland, 7, 3, 2;6;1;1;1;7
Tidewhisper Sandcastle;Woodland, 7, 3, 2;6;1;1;2;6
Tidewhisper Sandcastle;Woodland, 7, 3, 2;6;2;0;1;7
Tidewhisper Sandcastle;Woodland, 7, 3, 3;0;5;0;0;4
Tidewhisper Sandcastle;Woodland, 7, 3, 3;5;2;0;6;0
Tidewhisper Sandcastle;Woodland, 7, 4, 1;7;2;0;6;0
Tidewhisper Sandcastle;Woodland, 7, 4, 2;6;0;3;1;7
Tidewhisper Sandcastle;Woodland, 7, 4, 2;6;0;3;3;5
Tidewhisper Sandcastle;Woodland, 7, 4, 2;6;0;3;6;0
Tidewhisper Sandcastle;Woodland, 7, 4, 6;0;2;0;0;8
Tidewhisper Sandcastle;Woodland, 7, 5, 0;9;1;0;0;9
Tidewhisper Sandcastle;Woodland, 7, 5, 0;9;1;0;1;8
Tidewhisper Sandcastle;Woodland, 7, 5, 6;1;0;1;1;8
Tidewhisper Sandcastle;Woodland, 7, 6, 1;8;1;0;1;8
Tidewhisper Sandcastle;Woodland, 7, 6, 1;8;1;0;7;0
Tidewhisper Sandcastle;Woodland, 7, 6, 2;7;0;1;7;0
Tidewhisper Sandcastle;Woodland, 7, 6, 2;7;1;0;0;9
Tidewhisper Sandcastle;Woodland, 7, 6, 6;1;1;0;7;0
Tidewhisper Sandcastle;Woodland, 7, 6, 7;0;0;1;7;0
Tidewhisper Sandcastle;Woodland, 7, 6, 7;0;1;0;1;8
Tidewhisper Sandcastle;Woodland, 7, 6, 7;0;1;0;2;7
Tidewhisper Sandcastle;Woodland, 7, 6, 7;0;1;0;6;1
Tidewhisper Sandcastle;Woodland, 7, 7, 0;9;1;0;2;7
Tidewhisper Sandcastle;Woodland, 7, 7, 0;9;1;0;7;0
Tidewhisper Sandcastle;Woodland, 7, 7, 0;9;1;1;3;5
Tidewhisper Sandcastle;Woodland, 7, 7, 1;8;0;1;4;5
Tidewhisper Sandcastle;Woodland, 7, 7, 1;8;1;1;2;6
Tidewhisper Sandcastle;Woodland, 7, 7, 2;6;2;0;2;6
Tidewhisper Sandcastle;Woodland, 7, 7, 2;7;1;0;1;8
Tidewhisper Sandcastle;Woodland, 7, 7, 3;6;1;0;7;0
Tidewhisper Sandcastle;Woodland, 7, 7, 7;0;1;0;3;6
Tidewhisper Sandcastle;Woodland, 7, 7, 7;0;1;0;7;0
Tidewhisper Sandcastle;Woodland, 8, 0, 0;6;0;6;0;6
Tidewhisper Sandcastle;Woodland, 8, 0, 1;5;0;6;0;6
Tidewhisper Sandcastle;Woodland, 8, 0, 1;5;0;6;1;5
Tidewhisper Sandcastle;Woodland, 8, 0, 2;2;5;0;0;4
Tidewhisper Sandcastle;Woodland, 8, 0, 2;4;0;6;0;6
Tidewhisper Sandcastle;Woodland, 8, 0, 3;3;1;3;5;0
Tidewhisper Sandcastle;Woodland, 8, 0, 5;0;1;3;1;5
Tidewhisper Sandcastle;Woodland, 8, 1, 0;6;0;4;0;8
Tidewhisper Sandcastle;Woodland, 8, 1, 0;6;0;4;1;7
Tidewhisper Sandcastle;Woodland, 8, 1, 0;6;0;5;0;7
Tidewhisper Sandcastle;Woodland, 8, 1, 0;7;0;5;0;6
Tidewhisper Sandcastle;Woodland, 8, 1, 0;7;1;2;1;7
Tidewhisper Sandcastle;Woodland, 8, 1, 0;8;0;4;0;6
Tidewhisper Sandcastle;Woodland, 8, 1, 0;8;0;4;1;5
Tidewhisper Sandcastle;Woodland, 8, 1, 1;5;0;4;0;8
Tidewhisper Sandcastle;Woodland, 8, 1, 1;6;0;5;1;5
Tidewhisper Sandcastle;Woodland, 8, 1, 2;4;0;4;1;7
Tidewhisper Sandcastle;Woodland, 8, 1, 2;4;0;5;0;7
Tidewhisper Sandcastle;Woodland, 8, 1, 2;6;1;1;0;8
Tidewhisper Sandcastle;Woodland, 8, 2, 0;6;0;5;1;6
Tidewhisper Sandcastle;Woodland, 8, 2, 1;5;0;4;1;7
Tidewhisper Sandcastle;Woodland, 8, 2, 1;6;0;5;0;6
Tidewhisper Sandcastle;Woodland, 8, 2, 1;7;0;4;0;6
Tidewhisper Sandcastle;Woodland, 8, 2, 1;7;2;0;2;6
Tidewhisper Sandcastle;Woodland, 8, 2, 2;2;5;0;2;2
Tidewhisper Sandcastle;Woodland, 8, 2, 2;4;0;4;0;8
Tidewhisper Sandcastle;Woodland, 8, 3, 1;5;0;5;0;7
Tidewhisper Sandcastle;Woodland, 8, 3, 1;7;0;4;2;4
Tidewhisper Sandcastle;Woodland, 8, 3, 1;7;1;1;3;5
Tidewhisper Sandcastle;Woodland, 8, 3, 3;3;0;4;0;8
Tidewhisper Sandcastle;Woodland, 8, 3, 3;3;0;4;1;7
Tidewhisper Sandcastle;Woodland, 8, 4, 3;5;0;3;1;7
Tidewhisper Sandcastle;Woodland, 8, 4, 3;5;0;3;6;0
Tidewhisper Sandcastle;Woodland, 8, 4, 3;5;2;0;1;7
Tidewhisper Sandcastle;Woodland, 8, 5, 0;9;0;2;0;9
Tidewhisper Sandcastle;Woodland, 8, 5, 0;9;0;2;1;8
Tidewhisper Sandcastle;Woodland, 8, 5, 1;8;0;2;0;9
Tidewhisper Sandcastle;Woodland, 8, 5, 1;8;0;2;1;8
Tidewhisper Sandcastle;Woodland, 8, 5, 2;6;2;0;3;5
Tidewhisper Sandcastle;Woodland, 8, 5, 2;7;0;2;0;9
Tidewhisper Sandcastle;Woodland, 8, 5, 2;7;0;2;1;8
Tidewhisper Sandcastle;Woodland, 8, 5, 6;1;1;1;2;6
Tidewhisper Sandcastle;Woodland, 8, 5, 6;1;1;1;6;0
Tidewhisper Sandcastle;Woodland, 8, 6, 0;9;0;2;2;7
Tidewhisper Sandcastle;Woodland, 8, 6, 1;8;0;2;2;7
Tidewhisper Sandcastle;Woodland, 8, 6, 2;7;0;2;2;7
Tidewhisper Sandcastle;Woodland, 8, 6, 2;7;0;2;3;6
Tidewhisper Sandcastle;Woodland, 8, 6, 2;7;1;0;7;0
Tidewhisper Sandcastle;Woodland, 8, 6, 6;0;2;0;3;5
Tidewhisper Sandcastle;Woodland, 8, 7, 3;6;0;2;2;7
Tidewhisper Sandcastle;Woodland, 8, 8, 0;9;0;2;3;6
Tidewhisper Sandcastle;Woodland, 8, 8, 1;8;0;2;3;6
Tidewhisper Sandcastle;Woodland, 8, 8, 3;5;2;0;3;5
Tidewhisper Sandcastle;Woodland, 8, 8, 3;6;0;2;0;9
Tidewhisper Sandcastle;Woodland, 8, 8, 7;0;0;1;3;6
Tidewhisper Sandcastle;Woodland;Farmland, 2, 0, 0;0;0;0;8;10;0;4;0
Tidewhisper Sandcastle;Woodland;Farmland, 2, 0, 0;0;0;0;10;6;0;2;0
Tidewhisper Sandcastle;Woodland;Farmland, 2, 0, 0;0;0;0;10;8;0;0;0
Tidewhisper Sandcastle;Woodland;Farmland, 2, 0, 0;0;1;5;0;13;3;0;1
Tidewhisper Sandcastle;Woodland;Farmland, 2, 0, 0;0;1;8;0;8;0;0;1
Tidewhisper Sandcastle;Woodland;Farmland, 2, 0, 0;0;6;0;0;24;0;0;6
Tidewhisper Sandcastle;Woodland;Farmland, 2, 0, 0;0;6;0;0;24;0;2;4
Tidewhisper Sandcastle;Woodland;Farmland, 2, 0, 0;1;0;0;10;6;0;1;0
Tidewhisper Sandcastle;Woodland;Farmland, 2, 0, 0;1;5;0;0;24;0;0;6
Tidewhisper Sandcastle;Woodland;Farmland, 2, 0, 0;1;5;0;0;24;0;1;5
Tidewhisper Sandcastle;Woodland;Farmland, 2, 0, 0;1;5;0;0;24;0;2;4
Tidewhisper Sandcastle;Woodland;Farmland, 2, 0, 0;1;5;0;0;24;0;4;0
Tidewhisper Sandcastle;Woodland;Farmland, 2, 0, 0;1;5;0;0;24;1;1;4
Tidewhisper Sandcastle;Woodland;Farmland, 2, 0, 0;1;5;0;0;24;3;0;1
Tidewhisper Sandcastle;Woodland;Farmland, 2, 0, 0;2;0;0;10;6;0;0;0
Tidewhisper Sandcastle;Woodland;Farmland, 2, 0, 0;2;4;0;0;24;0;0;6
Tidewhisper Sandcastle;Woodland;Farmland, 2, 0, 0;4;0;0;0;24;0;2;4
Tidewhisper Sandcastle;Woodland;Farmland, 2, 0, 0;4;0;0;0;24;0;4;0
Tidewhisper Sandcastle;Woodland;Farmland, 2, 0, 0;4;0;0;4;16;0;4;0
Tidewhisper Sandcastle;Woodland;Farmland, 2, 0, 0;4;0;0;8;10;0;0;0
Tidewhisper Sandcastle;Woodland;Farmland, 2, 0, 1;0;1;5;0;12;3;0;1
Tidewhisper Sandcastle;Woodland;Farmland, 2, 0, 1;0;5;0;0;24;1;0;5
Tidewhisper Sandcastle;Woodland;Farmland, 2, 0, 1;1;4;0;0;24;0;0;6
Tidewhisper Sandcastle;Woodland;Farmland, 2, 0, 1;1;4;0;0;24;1;1;4
Tidewhisper Sandcastle;Woodland;Farmland, 2, 0, 2;0;1;5;0;11;3;0;1
Tidewhisper Sandcastle;Woodland;Farmland, 2, 0, 2;0;4;0;0;24;0;1;5
Tidewhisper Sandcastle;Woodland;Farmland, 2, 0, 2;0;4;0;0;24;1;1;4
Tidewhisper Sandcastle;Woodland;Farmland, 2, 0, 3;0;1;0;0;24;0;2;4
Tidewhisper Sandcastle;Woodland;Farmland, 2, 0, 3;0;1;0;0;24;3;0;1
Tidewhisper Sandcastle;Woodland;Farmland, 2, 0, 3;0;1;4;0;14;3;0;1
Tidewhisper Sandcastle;Woodland;Farmland, 2, 0, 3;0;1;5;0;11;1;0;2
Tidewhisper Sandcastle;Woodland;Farmland, 2, 0, 3;0;1;5;0;11;2;0;1
Tidewhisper Sandcastle;Woodland;Farmland, 2, 0, 3;0;1;5;0;12;1;0;1
Tidewhisper Sandcastle;Woodland;Farmland, 2, 1, 0;0;0;0;5;11;0;7;0
Tidewhisper Sandcastle;Woodland;Farmland, 2, 1, 0;0;2;0;8;10;0;0;2
Tidewhisper Sandcastle;Woodland;Farmland, 2, 1, 0;0;7;0;0;19;0;7;0
Tidewhisper Sandcastle;Woodland;Farmland, 2, 1, 0;0;7;0;0;20;0;0;11
Tidewhisper Sandcastle;Woodland;Farmland, 2, 1, 0;0;7;0;0;22;0;0;9
Tidewhisper Sandcastle;Woodland;Farmland, 2, 1, 0;0;9;0;0;20;0;0;9
Tidewhisper Sandcastle;Woodland;Farmland, 2, 1, 0;0;9;0;0;22;0;2;5
Tidewhisper Sandcastle;Woodland;Farmland, 2, 1, 0;0;9;0;0;22;1;1;5
Tidewhisper Sandcastle;Woodland;Farmland, 2, 1, 0;0;10;0;0;21;0;0;7
Tidewhisper Sandcastle;Woodland;Farmland, 2, 1, 0;0;10;0;0;21;1;1;5
Tidewhisper Sandcastle;Woodland;Farmland, 2, 1, 0;0;11;0;0;20;0;2;5
Tidewhisper Sandcastle;Woodland;Farmland, 2, 1, 0;1;2;3;0;12;5;0;2
Tidewhisper Sandcastle;Woodland;Farmland, 2, 1, 0;1;6;0;0;20;0;0;11
Tidewhisper Sandcastle;Woodland;Farmland, 2, 1, 0;1;6;0;0;22;0;1;8
Tidewhisper Sandcastle;Woodland;Farmland, 2, 1, 0;1;8;0;0;19;1;0;9
Tidewhisper Sandcastle;Woodland;Farmland, 2, 1, 0;1;10;0;0;20;1;0;6
Tidewhisper Sandcastle;Woodland;Farmland, 2, 1, 0;2;0;0;8;8;0;2;0
Tidewhisper Sandcastle;Woodland;Farmland, 2, 1, 0;7;0;0;0;19;0;1;6
Tidewhisper Sandcastle;Woodland;Farmland, 2, 1, 0;7;0;0;3;8;0;4;1
Tidewhisper Sandcastle;Woodland;Farmland, 2, 1, 0;7;0;0;5;9;0;0;2
Tidewhisper Sandcastle;Woodland;Farmland, 2, 1, 1;0;2;3;0;12;5;0;2
Tidewhisper Sandcastle;Woodland;Farmland, 2, 1, 1;0;6;0;0;20;0;1;10
Tidewhisper Sandcastle;Woodland;Farmland, 2, 1, 1;0;6;0;0;22;0;0;9
Tidewhisper Sandcastle;Woodland;Farmland, 2, 1, 1;0;7;0;0;19;5;0;1
Tidewhisper Sandcastle;Woodland;Farmland, 2, 1, 1;1;5;0;0;20;0;0;11
Tidewhisper Sandcastle;Woodland;Farmland, 2, 1, 1;1;7;0;0;22;2;0;5
Tidewhisper Sandcastle;Woodland;Farmland, 2, 1, 1;1;8;0;0;21;0;1;6
Tidewhisper Sandcastle;Woodland;Farmland, 2, 1, 2;0;1;3;0;12;5;0;1
Tidewhisper Sandcastle;Woodland;Farmland, 2, 1, 2;0;5;0;0;20;0;0;11
Tidewhisper Sandcastle;Woodland;Farmland, 2, 1, 2;0;5;0;0;22;0;1;8
Tidewhisper Sandcastle;Woodland;Farmland, 2, 1, 2;0;6;0;0;19;0;0;11
Tidewhisper Sandcastle;Woodland;Farmland, 2, 1, 2;0;6;0;0;22;0;1;7
Tidewhisper Sandcastle;Woodland;Farmland, 2, 1, 2;0;8;0;0;21;0;1;6
Tidewhisper Sandcastle;Woodland;Farmland, 2, 1, 5;0;1;0;0;16;5;0;1
Tidewhisper Sandcastle;Woodland;Farmland, 2, 1, 5;0;1;0;0;17;1;1;8
Tidewhisper Sandcastle;Woodland;Farmland, 2, 1, 5;0;1;3;0;12;2;0;1
Tidewhisper Sandcastle;Woodland;Farmland, 2, 1, 5;0;2;3;0;12;0;1;2
Tidewhisper Sandcastle;Woodland;Farmland, 2, 1, 5;0;2;3;0;12;1;0;2
Tidewhisper Sandcastle;Woodland;Farmland, 2, 2, 0;0;11;0;0;18;0;7;0
Tidewhisper Sandcastle;Woodland;Farmland, 2, 2, 0;0;11;0;0;18;5;0;2
Tidewhisper Sandcastle;Woodland;Farmland, 2, 2, 0;3;0;0;8;3;0;1;1
Tidewhisper Sandcastle;Woodland;Farmland, 2, 2, 0;5;2;0;0;18;0;7;0
Tidewhisper Sandcastle;Woodland;Farmland, 2, 2, 0;6;1;0;0;18;0;6;1
Tidewhisper Sandcastle;Woodland;Farmland, 2, 2, 0;6;1;0;2;10;0;6;1
Tidewhisper Sandcastle;Woodland;Farmland, 2, 2, 0;7;0;0;0;18;0;0;11
Tidewhisper Sandcastle;Woodland;Farmland, 2, 2, 0;7;0;0;0;18;0;5;2
Tidewhisper Sandcastle;Woodland;Farmland, 2, 2, 0;7;0;0;2;10;0;5;2
Tidewhisper Sandcastle;Woodland;Farmland, 2, 2, 1;0;10;0;0;18;1;1;9
Tidewhisper Sandcastle;Woodland;Farmland, 2, 2, 1;1;9;0;0;18;1;0;10
Tidewhisper Sandcastle;Woodland;Farmland, 2, 2, 1;2;8;0;0;18;0;0;11
Tidewhisper Sandcastle;Woodland;Farmland, 2, 2, 2;1;8;0;0;18;0;0;11
Tidewhisper Sandcastle;Woodland;Farmland, 2, 2, 4;0;2;3;0;4;5;0;0
Tidewhisper Sandcastle;Woodland;Farmland, 2, 2, 5;0;2;0;0;18;0;0;11
Tidewhisper Sandcastle;Woodland;Farmland, 2, 2, 5;0;2;0;0;18;5;0;0
Tidewhisper Sandcastle;Woodland;Farmland, 2, 2, 5;0;2;3;0;4;4;0;0
Tidewhisper Sandcastle;Woodland;Farmland, 3, 0, 0;0;0;0;8;6;0;4;4
Tidewhisper Sandcastle;Woodland;Farmland, 3, 0, 0;0;0;0;8;7;0;4;3
Tidewhisper Sandcastle;Woodland;Farmland, 3, 0, 0;0;0;0;10;4;1;0;1
Tidewhisper Sandcastle;Woodland;Farmland, 3, 0, 0;0;2;5;0;7;3;0;6
Tidewhisper Sandcastle;Woodland;Farmland, 3, 0, 0;0;2;8;0;6;0;0;2
Tidewhisper Sandcastle;Woodland;Farmland, 3, 0, 0;0;11;0;0;19;1;1;4
Tidewhisper Sandcastle;Woodland;Farmland, 3, 0, 0;1;7;0;0;20;1;1;6
Tidewhisper Sandcastle;Woodland;Farmland, 3, 0, 0;1;10;0;0;19;1;1;4
Tidewhisper Sandcastle;Woodland;Farmland, 3, 0, 0;2;4;0;0;20;0;0;10
Tidewhisper Sandcastle;Woodland;Farmland, 3, 0, 0;2;10;0;0;18;2;0;4
Tidewhisper Sandcastle;Woodland;Farmland, 3, 0, 0;4;0;0;4;12;0;4;4
Tidewhisper Sandcastle;Woodland;Farmland, 3, 0, 0;4;1;0;0;19;0;4;4
Tidewhisper Sandcastle;Woodland;Farmland, 3, 0, 0;4;1;0;4;11;0;4;4
Tidewhisper Sandcastle;Woodland;Farmland, 3, 0, 0;4;2;0;4;12;0;4;2
Tidewhisper Sandcastle;Woodland;Farmland, 3, 0, 0;4;3;0;8;7;0;0;0
Tidewhisper Sandcastle;Woodland;Farmland, 3, 0, 0;4;4;0;0;16;1;0;9
Tidewhisper Sandcastle;Woodland;Farmland, 3, 0, 0;4;4;0;8;6;0;0;0
Tidewhisper Sandcastle;Woodland;Farmland, 3, 0, 1;0;1;5;0;7;3;0;6
Tidewhisper Sandcastle;Woodland;Farmland, 3, 0, 1;0;8;0;0;20;3;0;2
Tidewhisper Sandcastle;Woodland;Farmland, 3, 0, 1;0;9;0;0;20;1;1;4
Tidewhisper Sandcastle;Woodland;Farmland, 3, 0, 1;1;4;0;0;20;1;1;8
Tidewhisper Sandcastle;Woodland;Farmland, 3, 0, 1;1;5;0;0;17;0;2;10
Tidewhisper Sandcastle;Woodland;Farmland, 3, 0, 2;0;2;5;0;8;3;0;3
Tidewhisper Sandcastle;Woodland;Farmland, 3, 0, 2;0;7;0;0;20;1;1;5
Tidewhisper Sandcastle;Woodland;Farmland, 3, 0, 3;0;2;5;0;9;2;0;2
Tidewhisper Sandcastle;Woodland;Farmland, 3, 0, 3;0;4;5;0;8;1;0;2
Tidewhisper Sandcastle;Woodland;Farmland, 3, 0, 3;0;5;5;0;8;1;0;1
Tidewhisper Sandcastle;Woodland;Farmland, 3, 1, 0;0;2;0;5;7;0;7;3
Tidewhisper Sandcastle;Woodland;Farmland, 3, 1, 0;0;2;0;5;8;0;7;2
Tidewhisper Sandcastle;Woodland;Farmland, 3, 1, 0;0;13;0;0;18;1;0;6
Tidewhisper Sandcastle;Woodland;Farmland, 3, 1, 0;0;15;0;0;16;1;0;8
Tidewhisper Sandcastle;Woodland;Farmland, 3, 1, 0;0;16;0;0;15;2;0;7
Tidewhisper Sandcastle;Woodland;Farmland, 3, 1, 0;1;3;0;8;6;0;1;3
Tidewhisper Sandcastle;Woodland;Farmland, 3, 1, 0;2;0;0;6;5;0;6;2
Tidewhisper Sandcastle;Woodland;Farmland, 3, 1, 0;2;1;0;8;6;0;2;1
Tidewhisper Sandcastle;Woodland;Farmland, 3, 1, 0;2;8;0;0;18;0;2;8
Tidewhisper Sandcastle;Woodland;Farmland, 3, 1, 0;6;0;0;2;10;0;6;2
Tidewhisper Sandcastle;Woodland;Farmland, 3, 1, 0;7;2;0;5;8;0;0;2
Tidewhisper Sandcastle;Woodland;Farmland, 3, 1, 1;0;2;3;0;8;5;0;6
Tidewhisper Sandcastle;Woodland;Farmland, 3, 1, 1;0;3;4;0;7;4;0;6
Tidewhisper Sandcastle;Woodland;Farmland, 3, 1, 1;0;6;0;0;18;0;0;13
Tidewhisper Sandcastle;Woodland;Farmland, 3, 1, 1;0;12;0;0;14;0;7;1
Tidewhisper Sandcastle;Woodland;Farmland, 3, 1, 1;1;8;0;0;14;5;0;6
Tidewhisper Sandcastle;Woodland;Farmland, 3, 1, 1;1;11;0;0;18;1;0;6
Tidewhisper Sandcastle;Woodland;Farmland, 3, 1, 1;1;13;0;0;16;2;0;7
Tidewhisper Sandcastle;Woodland;Farmland, 3, 1, 1;1;14;0;0;15;2;0;7
Tidewhisper Sandcastle;Woodland;Farmland, 3, 1, 2;0;1;3;0;8;5;0;5
Tidewhisper Sandcastle;Woodland;Farmland, 3, 1, 2;0;5;0;0;18;0;0;13
Tidewhisper Sandcastle;Woodland;Farmland, 3, 1, 4;0;5;2;0;11;4;0;4
Tidewhisper Sandcastle;Woodland;Farmland, 3, 1, 5;0;3;3;0;10;0;1;3
Tidewhisper Sandcastle;Woodland;Farmland, 3, 1, 5;0;4;3;0;8;2;0;2
Tidewhisper Sandcastle;Woodland;Farmland, 3, 1, 5;0;5;3;0;8;1;0;3
Tidewhisper Sandcastle;Woodland;Farmland, 3, 2, 0;0;4;0;5;5;0;7;2
Tidewhisper Sandcastle;Woodland;Farmland, 3, 2, 0;0;4;0;8;4;0;0;4
Tidewhisper Sandcastle;Woodland;Farmland, 3, 2, 0;0;14;0;0;16;1;2;9
Tidewhisper Sandcastle;Woodland;Farmland, 3, 2, 0;0;15;0;0;15;2;1;9
Tidewhisper Sandcastle;Woodland;Farmland, 3, 2, 0;0;16;0;0;12;2;0;12
Tidewhisper Sandcastle;Woodland;Farmland, 3, 2, 0;1;15;0;0;14;1;0;11
Tidewhisper Sandcastle;Woodland;Farmland, 3, 2, 0;2;1;0;8;2;0;2;2
Tidewhisper Sandcastle;Woodland;Farmland, 3, 2, 0;5;3;0;2;11;0;7;0
Tidewhisper Sandcastle;Woodland;Farmland, 3, 2, 0;5;7;0;0;14;0;7;1
Tidewhisper Sandcastle;Woodland;Farmland, 3, 2, 0;7;2;0;5;5;0;0;4
Tidewhisper Sandcastle;Woodland;Farmland, 3, 2, 0;7;3;0;0;14;0;5;5
Tidewhisper Sandcastle;Woodland;Farmland, 3, 2, 0;7;5;0;0;11;0;5;6
Tidewhisper Sandcastle;Woodland;Farmland, 3, 2, 1;0;3;3;0;7;5;0;6
Tidewhisper Sandcastle;Woodland;Farmland, 3, 2, 1;0;12;0;0;16;0;2;11
Tidewhisper Sandcastle;Woodland;Farmland, 3, 2, 1;2;9;0;0;14;1;0;15
Tidewhisper Sandcastle;Woodland;Farmland, 3, 2, 2;1;10;0;0;16;1;0;12
Tidewhisper Sandcastle;Woodland;Farmland, 3, 2, 3;0;9;0;0;14;0;0;16
Tidewhisper Sandcastle;Woodland;Farmland, 3, 2, 3;0;9;0;0;15;0;1;14
Tidewhisper Sandcastle;Woodland;Farmland, 3, 2, 5;0;4;0;0;14;0;0;15
Tidewhisper Sandcastle;Woodland;Farmland, 3, 2, 5;0;5;3;0;8;0;0;4
Tidewhisper Sandcastle;Woodland;Farmland, 3, 3, 0;0;3;0;8;2;1;1;1
Tidewhisper Sandcastle;Woodland;Farmland, 3, 3, 0;0;17;0;0;14;1;2;9
Tidewhisper Sandcastle;Woodland;Farmland, 3, 3, 0;0;19;0;0;11;5;0;6
Tidewhisper Sandcastle;Woodland;Farmland, 3, 3, 0;0;19;0;0;12;0;3;11
Tidewhisper Sandcastle;Woodland;Farmland, 3, 3, 0;0;20;0;0;9;0;3;13
Tidewhisper Sandcastle;Woodland;Farmland, 3, 3, 0;0;20;0;0;11;0;3;11
Tidewhisper Sandcastle;Woodland;Farmland, 3, 3, 0;1;0;0;5;5;0;7;5
Tidewhisper Sandcastle;Woodland;Farmland, 3, 3, 0;1;13;0;0;11;0;2;18
Tidewhisper Sandcastle;Woodland;Farmland, 3, 3, 0;1;19;0;0;11;1;1;12
Tidewhisper Sandcastle;Woodland;Farmland, 3, 3, 0;2;0;0;5;6;0;7;3
Tidewhisper Sandcastle;Woodland;Farmland, 3, 3, 0;2;12;0;0;11;0;0;20
Tidewhisper Sandcastle;Woodland;Farmland, 3, 3, 0;5;3;0;2;10;0;7;4
Tidewhisper Sandcastle;Woodland;Farmland, 3, 3, 0;5;8;0;0;10;0;7;7
Tidewhisper Sandcastle;Woodland;Farmland, 3, 3, 0;7;2;0;2;7;0;5;8
Tidewhisper Sandcastle;Woodland;Farmland, 3, 3, 0;7;3;0;5;6;0;2;0
Tidewhisper Sandcastle;Woodland;Farmland, 3, 3, 0;7;4;0;5;7;0;0;0
Tidewhisper Sandcastle;Woodland;Farmland, 3, 3, 0;7;7;0;0;9;0;5;9
Tidewhisper Sandcastle;Woodland;Farmland, 3, 3, 0;7;8;0;0;11;0;0;15
Tidewhisper Sandcastle;Woodland;Farmland, 3, 3, 1;0;3;3;0;6;5;0;8
Tidewhisper Sandcastle;Woodland;Farmland, 3, 3, 1;0;4;3;0;6;5;0;7
Tidewhisper Sandcastle;Woodland;Farmland, 3, 3, 1;0;11;0;0;14;1;0;16
Tidewhisper Sandcastle;Woodland;Farmland, 3, 3, 1;0;16;0;0;14;1;1;10
Tidewhisper Sandcastle;Woodland;Farmland, 3, 3, 1;1;12;0;0;11;1;0;19
Tidewhisper Sandcastle;Woodland;Farmland, 3, 3, 1;1;12;0;0;14;0;2;13
Tidewhisper Sandcastle;Woodland;Farmland, 3, 3, 2;1;9;0;0;14;0;0;17
Tidewhisper Sandcastle;Woodland;Farmland, 3, 3, 5;0;7;3;0;7;0;1;3
Tidewhisper Sandcastle;Woodland;Farmland, 3, 3, 5;0;9;3;0;4;1;0;4
Tidewhisper Sandcastle;Woodland;Farmland, 4, 0, 0;0;12;0;0;18;0;0;12
Tidewhisper Sandcastle;Woodland;Farmland, 4, 0, 0;0;12;0;0;18;0;1;11
Tidewhisper Sandcastle;Woodland;Farmland, 4, 0, 0;0;12;0;0;18;1;0;11
Tidewhisper Sandcastle;Woodland;Farmland, 4, 0, 0;0;12;0;0;18;1;1;10
Tidewhisper Sandcastle;Woodland;Farmland, 4, 0, 0;1;9;0;6;10;0;1;9
Tidewhisper Sandcastle;Woodland;Farmland, 4, 0, 0;1;9;0;6;10;0;4;4
Tidewhisper Sandcastle;Woodland;Farmland, 4, 0, 0;1;9;4;0;10;1;0;11
Tidewhisper Sandcastle;Woodland;Farmland, 4, 0, 0;1;11;0;0;18;0;0;12
Tidewhisper Sandcastle;Woodland;Farmland, 4, 0, 0;1;11;0;0;18;0;1;11
Tidewhisper Sandcastle;Woodland;Farmland, 4, 0, 0;1;11;0;0;18;1;1;10
Tidewhisper Sandcastle;Woodland;Farmland, 4, 0, 0;2;8;0;6;10;0;4;4
Tidewhisper Sandcastle;Woodland;Farmland, 4, 0, 0;4;4;0;6;10;0;1;9
Tidewhisper Sandcastle;Woodland;Farmland, 4, 0, 0;4;4;0;6;10;0;2;8
Tidewhisper Sandcastle;Woodland;Farmland, 4, 0, 0;4;4;0;6;10;0;4;4
Tidewhisper Sandcastle;Woodland;Farmland, 4, 0, 0;4;6;0;0;18;0;1;11
Tidewhisper Sandcastle;Woodland;Farmland, 4, 0, 0;4;6;0;0;18;0;4;6
Tidewhisper Sandcastle;Woodland;Farmland, 4, 0, 1;0;11;0;0;18;0;0;12
Tidewhisper Sandcastle;Woodland;Farmland, 4, 0, 1;0;11;0;0;18;0;2;10
Tidewhisper Sandcastle;Woodland;Farmland, 4, 0, 1;0;11;0;0;18;0;4;6
Tidewhisper Sandcastle;Woodland;Farmland, 4, 0, 1;1;8;4;0;10;3;0;7
Tidewhisper Sandcastle;Woodland;Farmland, 4, 0, 1;1;10;0;0;18;0;1;11
Tidewhisper Sandcastle;Woodland;Farmland, 4, 0, 1;1;10;0;0;18;3;0;7
Tidewhisper Sandcastle;Woodland;Farmland, 4, 0, 2;0;9;4;0;11;3;0;5
Tidewhisper Sandcastle;Woodland;Farmland, 4, 0, 2;0;10;0;0;18;0;2;10
Tidewhisper Sandcastle;Woodland;Farmland, 4, 0, 2;0;10;0;0;18;1;0;11
Tidewhisper Sandcastle;Woodland;Farmland, 4, 0, 3;0;5;4;0;11;0;0;11
Tidewhisper Sandcastle;Woodland;Farmland, 4, 0, 3;0;5;4;0;11;3;0;6
Tidewhisper Sandcastle;Woodland;Farmland, 4, 0, 3;0;5;4;0;12;3;0;5
Tidewhisper Sandcastle;Woodland;Farmland, 4, 0, 3;0;7;0;0;18;0;1;11
Tidewhisper Sandcastle;Woodland;Farmland, 4, 0, 3;0;7;0;0;18;3;0;7
Tidewhisper Sandcastle;Woodland;Farmland, 4, 1, 0;0;13;0;0;17;0;1;13
Tidewhisper Sandcastle;Woodland;Farmland, 4, 1, 0;0;14;0;0;17;0;0;13
Tidewhisper Sandcastle;Woodland;Farmland, 4, 1, 0;0;14;0;0;17;0;1;12
Tidewhisper Sandcastle;Woodland;Farmland, 4, 1, 0;0;16;0;0;15;0;2;11
Tidewhisper Sandcastle;Woodland;Farmland, 4, 1, 0;1;12;0;0;17;0;1;13
Tidewhisper Sandcastle;Woodland;Farmland, 4, 1, 0;2;6;0;4;9;0;7;4
Tidewhisper Sandcastle;Woodland;Farmland, 4, 1, 0;2;6;0;6;8;0;5;3
Tidewhisper Sandcastle;Woodland;Farmland, 4, 1, 0;5;2;0;5;8;0;6;2
Tidewhisper Sandcastle;Woodland;Farmland, 4, 1, 0;5;2;0;6;7;0;5;2
Tidewhisper Sandcastle;Woodland;Farmland, 4, 1, 0;5;3;0;6;8;0;1;7
Tidewhisper Sandcastle;Woodland;Farmland, 4, 1, 0;6;2;0;4;6;0;6;4
Tidewhisper Sandcastle;Woodland;Farmland, 4, 1, 0;7;2;0;4;6;0;5;4
Tidewhisper Sandcastle;Woodland;Farmland, 4, 1, 0;7;4;0;4;7;0;1;9
Tidewhisper Sandcastle;Woodland;Farmland, 4, 1, 0;7;4;0;4;9;0;1;7
Tidewhisper Sandcastle;Woodland;Farmland, 4, 1, 1;0;8;0;6;9;0;1;8
Tidewhisper Sandcastle;Woodland;Farmland, 4, 1, 1;0;9;0;4;7;0;7;4
Tidewhisper Sandcastle;Woodland;Farmland, 4, 1, 1;0;11;0;0;15;0;7;5
Tidewhisper Sandcastle;Woodland;Farmland, 4, 1, 1;0;12;0;0;17;0;0;14
Tidewhisper Sandcastle;Woodland;Farmland, 4, 1, 1;0;15;0;0;15;1;1;11
Tidewhisper Sandcastle;Woodland;Farmland, 4, 1, 1;1;9;4;0;9;0;2;9
Tidewhisper Sandcastle;Woodland;Farmland, 4, 1, 1;1;9;4;0;9;3;0;6
Tidewhisper Sandcastle;Woodland;Farmland, 4, 1, 1;1;11;0;0;17;0;0;14
Tidewhisper Sandcastle;Woodland;Farmland, 4, 1, 1;1;12;0;0;17;1;0;12
Tidewhisper Sandcastle;Woodland;Farmland, 4, 1, 2;0;8;2;0;11;5;0;7
Tidewhisper Sandcastle;Woodland;Farmland, 4, 1, 2;0;11;0;0;15;5;0;6
Tidewhisper Sandcastle;Woodland;Farmland, 4, 1, 3;0;5;2;0;12;5;0;6
Tidewhisper Sandcastle;Woodland;Farmland, 4, 1, 4;0;7;1;0;12;5;0;5
Tidewhisper Sandcastle;Woodland;Farmland, 4, 1, 5;0;6;2;0;11;0;2;9
Tidewhisper Sandcastle;Woodland;Farmland, 4, 1, 5;0;6;2;0;11;1;0;10
Tidewhisper Sandcastle;Woodland;Farmland, 4, 1, 5;0;6;2;0;11;3;0;6
Tidewhisper Sandcastle;Woodland;Farmland, 4, 2, 0;0;10;0;4;5;0;7;4
Tidewhisper Sandcastle;Woodland;Farmland, 4, 2, 0;0;12;3;0;3;5;0;6
Tidewhisper Sandcastle;Woodland;Farmland, 4, 2, 0;0;16;0;0;13;0;2;14
Tidewhisper Sandcastle;Woodland;Farmland, 4, 2, 0;0;16;0;0;13;0;7;5
Tidewhisper Sandcastle;Woodland;Farmland, 4, 2, 0;0;16;0;0;13;1;1;14
Tidewhisper Sandcastle;Woodland;Farmland, 4, 2, 0;1;7;0;6;4;0;5;3
Tidewhisper Sandcastle;Woodland;Farmland, 4, 2, 0;1;9;0;4;5;0;7;4
Tidewhisper Sandcastle;Woodland;Farmland, 4, 2, 0;5;3;0;6;4;1;0;7
Tidewhisper Sandcastle;Woodland;Farmland, 4, 2, 0;5;4;0;4;4;0;7;3
Tidewhisper Sandcastle;Woodland;Farmland, 4, 2, 0;7;3;0;2;9;0;7;3
Tidewhisper Sandcastle;Woodland;Farmland, 4, 2, 0;7;3;0;4;6;0;5;2
Tidewhisper Sandcastle;Woodland;Farmland, 4, 2, 0;7;4;0;4;7;0;2;6
Tidewhisper Sandcastle;Woodland;Farmland, 4, 2, 0;7;4;0;4;7;1;1;6
Tidewhisper Sandcastle;Woodland;Farmland, 4, 2, 0;7;5;0;0;13;0;2;14
Tidewhisper Sandcastle;Woodland;Farmland, 4, 2, 0;7;5;0;0;13;0;7;5
Tidewhisper Sandcastle;Woodland;Farmland, 4, 2, 1;0;8;0;6;5;0;2;7
Tidewhisper Sandcastle;Woodland;Farmland, 4, 2, 1;0;10;3;0;4;5;0;6
Tidewhisper Sandcastle;Woodland;Farmland, 4, 2, 1;0;15;0;0;13;5;0;7
Tidewhisper Sandcastle;Woodland;Farmland, 4, 2, 1;1;14;0;0;13;0;2;14
Tidewhisper Sandcastle;Woodland;Farmland, 4, 2, 2;0;14;0;0;13;0;0;16
Tidewhisper Sandcastle;Woodland;Farmland, 4, 2, 2;0;14;0;0;13;0;2;14
Tidewhisper Sandcastle;Woodland;Farmland, 4, 2, 4;0;5;4;0;6;0;1;7
Tidewhisper Sandcastle;Woodland;Farmland, 4, 2, 5;0;6;3;0;7;0;1;7
Tidewhisper Sandcastle;Woodland;Farmland, 4, 2, 5;0;6;3;0;7;1;1;6
Tidewhisper Sandcastle;Woodland;Farmland, 4, 3, 0;0;10;3;0;4;5;0;8
Tidewhisper Sandcastle;Woodland;Farmland, 4, 3, 0;0;18;0;0;10;0;3;17
Tidewhisper Sandcastle;Woodland;Farmland, 4, 3, 0;0;20;0;0;8;0;3;17
Tidewhisper Sandcastle;Woodland;Farmland, 4, 3, 0;1;8;0;4;6;0;7;5
Tidewhisper Sandcastle;Woodland;Farmland, 4, 3, 0;1;8;0;6;4;0;2;7
Tidewhisper Sandcastle;Woodland;Farmland, 4, 3, 0;1;8;0;6;4;0;5;2
Tidewhisper Sandcastle;Woodland;Farmland, 4, 3, 0;1;10;4;0;5;1;1;8
Tidewhisper Sandcastle;Woodland;Farmland, 4, 3, 0;1;17;0;0;12;0;2;16
Tidewhisper Sandcastle;Woodland;Farmland, 4, 3, 0;1;18;0;0;9;0;3;17
Tidewhisper Sandcastle;Woodland;Farmland, 4, 3, 0;2;16;0;0;12;0;2;16
Tidewhisper Sandcastle;Woodland;Farmland, 4, 3, 0;5;2;0;4;6;0;7;5
Tidewhisper Sandcastle;Woodland;Farmland, 4, 3, 0;5;2;0;6;4;0;2;7
Tidewhisper Sandcastle;Woodland;Farmland, 4, 3, 0;7;4;0;2;6;0;7;8
Tidewhisper Sandcastle;Woodland;Farmland, 4, 3, 0;7;5;0;2;8;0;7;5
Tidewhisper Sandcastle;Woodland;Farmland, 4, 3, 0;7;6;0;4;5;0;5;2
Tidewhisper Sandcastle;Woodland;Farmland, 4, 3, 0;7;6;0;4;6;1;0;7
Tidewhisper Sandcastle;Woodland;Farmland, 4, 3, 0;7;7;0;4;5;0;1;7
Tidewhisper Sandcastle;Woodland;Farmland, 4, 3, 0;7;9;0;0;9;0;2;17
Tidewhisper Sandcastle;Woodland;Farmland, 4, 3, 0;7;9;0;0;9;0;7;8
Tidewhisper Sandcastle;Woodland;Farmland, 4, 3, 1;2;6;0;4;6;0;7;5
Tidewhisper Sandcastle;Woodland;Farmland, 4, 3, 2;0;7;4;0;4;4;0;6
Tidewhisper Sandcastle;Woodland;Farmland, 4, 3, 2;1;15;0;0;10;5;0;11
Tidewhisper Sandcastle;Woodland;Farmland, 4, 3, 4;0;4;4;0;3;4;0;5
Tidewhisper Sandcastle;Woodland;Farmland, 4, 3, 5;0;7;3;0;5;0;0;10
Tidewhisper Sandcastle;Woodland;Farmland, 4, 3, 5;0;10;0;0;10;5;0;10
Tidewhisper Sandcastle;Woodland;Farmland, 4, 3, 5;0;11;0;0;9;5;0;10
Tidewhisper Sandcastle;Woodland;Farmland, 4, 4, 0;1;15;2;0;6;1;0;15
Tidewhisper Sandcastle;Woodland;Farmland, 4, 4, 0;3;15;2;0;5;5;0;6
Tidewhisper Sandcastle;Woodland;Farmland, 4, 4, 0;7;7;0;2;6;0;7;7
Tidewhisper Sandcastle;Woodland;Farmland, 4, 4, 0;7;7;0;2;6;1;1;16
Tidewhisper Sandcastle;Woodland;Farmland, 4, 4, 1;1;16;0;2;6;0;7;7
Tidewhisper Sandcastle;Woodland;Farmland, 4, 4, 5;0;6;2;0;5;1;0;17
Tidewhisper Sandcastle;Woodland;Farmland, 4, 4, 5;0;9;2;0;2;2;0;16
Tidewhisper Sandcastle;Woodland;Farmland, 5, 0, 0;1;11;0;4;7;0;1;14
Tidewhisper Sandcastle;Woodland;Farmland, 5, 0, 0;1;11;0;4;8;0;6;4
Tidewhisper Sandcastle;Woodland;Farmland, 5, 0, 0;2;10;0;4;8;0;6;4
Tidewhisper Sandcastle;Woodland;Farmland, 5, 0, 0;4;6;0;4;6;0;6;6
Tidewhisper Sandcastle;Woodland;Farmland, 5, 0, 0;5;5;0;4;8;0;5;5
Tidewhisper Sandcastle;Woodland;Farmland, 5, 0, 0;5;6;0;3;8;0;6;4
Tidewhisper Sandcastle;Woodland;Farmland, 5, 0, 0;6;5;0;0;14;2;0;11
Tidewhisper Sandcastle;Woodland;Farmland, 5, 0, 0;6;5;0;4;7;0;4;6
Tidewhisper Sandcastle;Woodland;Farmland, 5, 0, 0;6;5;0;4;8;0;1;10
Tidewhisper Sandcastle;Woodland;Farmland, 5, 0, 0;6;5;0;4;8;0;4;5
Tidewhisper Sandcastle;Woodland;Farmland, 5, 0, 0;6;6;0;4;6;1;1;10
Tidewhisper Sandcastle;Woodland;Farmland, 5, 0, 0;6;6;0;4;7;1;0;10
Tidewhisper Sandcastle;Woodland;Farmland, 5, 0, 0;6;6;0;4;8;0;4;4
Tidewhisper Sandcastle;Woodland;Farmland, 5, 0, 1;0;11;0;4;6;0;6;6
Tidewhisper Sandcastle;Woodland;Farmland, 5, 0, 1;0;11;4;0;8;3;0;7
Tidewhisper Sandcastle;Woodland;Farmland, 5, 0, 1;0;12;0;0;14;3;0;10
Tidewhisper Sandcastle;Woodland;Farmland, 5, 0, 1;1;10;4;0;6;3;0;9
Tidewhisper Sandcastle;Woodland;Farmland, 5, 0, 1;1;10;4;0;8;3;0;7
Tidewhisper Sandcastle;Woodland;Farmland, 5, 0, 1;1;11;4;0;6;0;2;11
Tidewhisper Sandcastle;Woodland;Farmland, 5, 0, 2;0;11;0;0;14;0;1;14
Tidewhisper Sandcastle;Woodland;Farmland, 5, 0, 3;0;8;4;0;7;1;0;11
Tidewhisper Sandcastle;Woodland;Farmland, 5, 0, 3;0;9;0;0;12;3;0;11
Tidewhisper Sandcastle;Woodland;Farmland, 5, 1, 0;0;8;0;4;6;0;7;6
Tidewhisper Sandcastle;Woodland;Farmland, 5, 1, 0;0;13;0;3;5;0;8;4
Tidewhisper Sandcastle;Woodland;Farmland, 5, 1, 0;2;11;2;0;9;5;0;8
Tidewhisper Sandcastle;Woodland;Farmland, 5, 1, 0;2;11;4;0;8;3;0;5
Tidewhisper Sandcastle;Woodland;Farmland, 5, 1, 0;2;16;0;0;13;1;2;10
Tidewhisper Sandcastle;Woodland;Farmland, 5, 1, 0;3;11;0;0;13;0;1;16
Tidewhisper Sandcastle;Woodland;Farmland, 5, 1, 0;5;2;0;4;4;0;7;6
Tidewhisper Sandcastle;Woodland;Farmland, 5, 1, 0;8;4;0;3;5;1;1;11
Tidewhisper Sandcastle;Woodland;Farmland, 5, 1, 0;8;5;0;3;7;0;2;8
Tidewhisper Sandcastle;Woodland;Farmland, 5, 1, 1;0;11;0;3;5;0;8;5
Tidewhisper Sandcastle;Woodland;Farmland, 5, 1, 1;0;13;0;4;8;1;1;11
Tidewhisper Sandcastle;Woodland;Farmland, 5, 1, 1;0;13;2;0;8;5;0;8
Tidewhisper Sandcastle;Woodland;Farmland, 5, 1, 1;0;14;0;0;11;0;8;5
Tidewhisper Sandcastle;Woodland;Farmland, 5, 1, 2;0;11;0;0;13;0;1;17
Tidewhisper Sandcastle;Woodland;Farmland, 5, 1, 2;0;11;4;0;7;1;1;9
Tidewhisper Sandcastle;Woodland;Farmland, 5, 1, 2;1;11;0;0;12;0;0;19
Tidewhisper Sandcastle;Woodland;Farmland, 5, 1, 5;0;7;2;0;9;1;1;12
Tidewhisper Sandcastle;Woodland;Farmland, 5, 1, 5;0;8;2;0;8;3;0;9
Tidewhisper Sandcastle;Woodland;Farmland, 5, 1, 5;0;8;2;0;9;1;1;11
Tidewhisper Sandcastle;Woodland;Farmland, 5, 2, 0;0;8;3;0;7;5;0;8
Tidewhisper Sandcastle;Woodland;Farmland, 5, 2, 0;0;12;0;3;4;0;8;5
Tidewhisper Sandcastle;Woodland;Farmland, 5, 2, 0;0;14;0;4;6;1;0;12
Tidewhisper Sandcastle;Woodland;Farmland, 5, 2, 0;1;16;0;0;11;2;0;17
Tidewhisper Sandcastle;Woodland;Farmland, 5, 2, 0;1;17;0;0;11;2;0;16
Tidewhisper Sandcastle;Woodland;Farmland, 5, 2, 0;1;17;0;0;11;5;0;9
Tidewhisper Sandcastle;Woodland;Farmland, 5, 2, 0;2;15;0;0;11;0;2;17
Tidewhisper Sandcastle;Woodland;Farmland, 5, 2, 0;3;16;0;0;9;1;1;17
Tidewhisper Sandcastle;Woodland;Farmland, 5, 2, 0;7;6;0;4;4;1;1;6
Tidewhisper Sandcastle;Woodland;Farmland, 5, 2, 0;8;6;0;3;5;2;0;8
Tidewhisper Sandcastle;Woodland;Farmland, 5, 2, 1;0;7;0;4;4;0;7;6
Tidewhisper Sandcastle;Woodland;Farmland, 5, 2, 1;1;9;3;0;4;5;0;8
Tidewhisper Sandcastle;Woodland;Farmland, 5, 2, 1;1;15;0;0;11;0;0;19
Tidewhisper Sandcastle;Woodland;Farmland, 5, 2, 1;2;14;0;0;11;0;0;19
Tidewhisper Sandcastle;Woodland;Farmland, 5, 2, 2;0;6;4;0;5;4;0;7
Tidewhisper Sandcastle;Woodland;Farmland, 5, 2, 4;0;6;4;0;6;0;2;6
Tidewhisper Sandcastle;Woodland;Farmland, 5, 2, 5;0;8;0;0;11;5;0;10
Tidewhisper Sandcastle;Woodland;Farmland, 5, 2, 5;0;8;3;0;3;0;1;11
Tidewhisper Sandcastle;Woodland;Farmland, 5, 2, 5;0;8;3;0;7;0;0;8
Tidewhisper Sandcastle;Woodland;Farmland, 5, 2, 5;0;9;0;0;11;1;1;16
Tidewhisper Sandcastle;Woodland;Farmland, 5, 3, 0;0;21;0;0;10;2;0;15
Tidewhisper Sandcastle;Woodland;Farmland, 5, 3, 0;1;9;3;0;4;5;0;10
Tidewhisper Sandcastle;Woodland;Farmland, 5, 3, 0;6;5;0;4;4;0;6;5
Tidewhisper Sandcastle;Woodland;Farmland, 5, 3, 0;7;6;0;4;3;1;1;9
Tidewhisper Sandcastle;Woodland;Farmland, 5, 3, 0;8;6;0;3;3;1;0;12
Tidewhisper Sandcastle;Woodland;Farmland, 5, 3, 0;8;6;0;3;5;1;1;9
Tidewhisper Sandcastle;Woodland;Farmland, 5, 3, 1;0;9;4;0;4;4;0;6
Tidewhisper Sandcastle;Woodland;Farmland, 5, 3, 1;1;8;3;0;4;5;0;10
Tidewhisper Sandcastle;Woodland;Farmland, 5, 3, 1;1;10;0;3;4;0;8;6
Tidewhisper Sandcastle;Woodland;Farmland, 5, 3, 1;1;10;0;3;6;0;8;4
Tidewhisper Sandcastle;Woodland;Farmland, 5, 3, 1;1;15;0;0;10;0;2;19
Tidewhisper Sandcastle;Woodland;Farmland, 5, 3, 1;1;20;0;0;9;1;2;15
Tidewhisper Sandcastle;Woodland;Farmland, 5, 3, 2;0;18;0;0;8;5;0;13
Tidewhisper Sandcastle;Woodland;Farmland, 5, 3, 2;0;20;0;0;9;1;2;15
Tidewhisper Sandcastle;Woodland;Farmland, 5, 3, 2;1;13;0;4;2;2;1;13
Tidewhisper Sandcastle;Woodland;Farmland, 5, 3, 2;1;15;0;0;9;0;0;22
Tidewhisper Sandcastle;Woodland;Farmland, 5, 3, 2;1;18;0;0;10;1;2;14
Tidewhisper Sandcastle;Woodland;Farmland, 5, 3, 3;0;14;0;0;10;0;0;21
Tidewhisper Sandcastle;Woodland;Farmland, 5, 3, 4;0;6;4;0;4;1;0;9
Tidewhisper Sandcastle;Woodland;Farmland, 5, 3, 5;0;9;3;0;5;0;1;9
Tidewhisper Sandcastle;Woodland;Farmland, 5, 3, 5;0;10;3;0;4;0;1;9
Tidewhisper Sandcastle;Woodland;Farmland, 5, 4, 0;1;18;0;2;6;1;1;17
Tidewhisper Sandcastle;Woodland;Farmland, 5, 4, 0;1;21;0;0;8;5;0;13
Tidewhisper Sandcastle;Woodland;Farmland, 5, 4, 0;2;20;0;0;8;2;0;20
Tidewhisper Sandcastle;Woodland;Farmland, 5, 4, 1;0;17;2;0;6;0;1;17
Tidewhisper Sandcastle;Woodland;Farmland, 5, 4, 1;2;18;0;0;8;0;8;9
Tidewhisper Sandcastle;Woodland;Farmland, 5, 4, 2;0;15;2;0;5;5;0;10
Tidewhisper Sandcastle;Woodland;Farmland, 5, 4, 5;0;8;2;0;6;5;0;9
Tidewhisper Sandcastle;Woodland;Farmland, 5, 4, 5;0;9;2;0;6;0;1;16
Tidewhisper Sandcastle;Woodland;Farmland, 5, 4, 5;0;9;2;0;6;1;1;15
Tidewhisper Sandcastle;Woodland;Farmland, 5, 4, 5;0;9;2;0;6;5;0;8
Tidewhisper Sandcastle;Woodland;Farmland, 5, 4, 5;0;13;0;0;8;1;1;20
Tidewhisper Sandcastle;Woodland;Farmland, 5, 4, 5;0;13;0;0;8;5;0;13
Tidewhisper Sandcastle;Woodland;Farmland, 5, 5, 0;1;19;2;0;4;5;0;11
Tidewhisper Sandcastle;Woodland;Farmland, 5, 5, 0;2;18;2;0;4;5;0;11
Tidewhisper Sandcastle;Woodland;Farmland, 5, 5, 1;0;23;0;0;7;5;0;12
Tidewhisper Sandcastle;Woodland;Farmland, 5, 5, 1;1;19;0;0;7;0;9;7
Tidewhisper Sandcastle;Woodland;Farmland, 5, 5, 2;0;19;0;2;4;1;1;19
Tidewhisper Sandcastle;Woodland;Farmland, 5, 5, 5;0;11;2;0;4;0;2;18
Tidewhisper Sandcastle;Woodland;Farmland, 5, 5, 5;0;11;2;0;4;1;1;18
Tidewhisper Sandcastle;Woodland;Farmland, 5, 5, 5;0;11;2;0;4;5;0;11
Tidewhisper Sandcastle;Woodland;Farmland, 5, 5, 5;0;12;0;0;7;1;1;22
Tidewhisper Sandcastle;Woodland;Farmland, 6, 0, 0;0;16;0;0;16;0;0;16
Tidewhisper Sandcastle;Woodland;Farmland, 6, 0, 0;0;16;0;0;16;0;1;15
Tidewhisper Sandcastle;Woodland;Farmland, 6, 0, 0;1;13;4;0;10;3;0;9
Tidewhisper Sandcastle;Woodland;Farmland, 6, 0, 0;1;15;0;0;14;5;0;7
Tidewhisper Sandcastle;Woodland;Farmland, 6, 0, 0;1;15;0;0;16;0;1;15
Tidewhisper Sandcastle;Woodland;Farmland, 6, 0, 0;2;12;4;0;10;0;1;13
Tidewhisper Sandcastle;Woodland;Farmland, 6, 0, 0;2;14;0;0;16;0;0;16
Tidewhisper Sandcastle;Woodland;Farmland, 6, 0, 0;2;14;0;0;16;0;1;15
Tidewhisper Sandcastle;Woodland;Farmland, 6, 0, 0;2;14;0;0;16;0;2;14
Tidewhisper Sandcastle;Woodland;Farmland, 6, 0, 0;2;14;0;0;16;0;6;6
Tidewhisper Sandcastle;Woodland;Farmland, 6, 0, 0;2;14;0;0;16;1;1;14
Tidewhisper Sandcastle;Woodland;Farmland, 6, 0, 0;6;6;0;0;16;0;1;15
Tidewhisper Sandcastle;Woodland;Farmland, 6, 0, 0;6;6;0;0;16;0;6;6
Tidewhisper Sandcastle;Woodland;Farmland, 6, 0, 1;0;13;0;6;0;0;2;14
Tidewhisper Sandcastle;Woodland;Farmland, 6, 0, 1;1;12;2;0;12;5;0;7
Tidewhisper Sandcastle;Woodland;Farmland, 6, 0, 1;1;13;3;0;10;4;0;8
Tidewhisper Sandcastle;Woodland;Farmland, 6, 0, 1;1;14;0;0;16;0;0;16
Tidewhisper Sandcastle;Woodland;Farmland, 6, 0, 1;1;14;0;0;16;0;1;15
Tidewhisper Sandcastle;Woodland;Farmland, 6, 0, 1;1;14;0;0;16;1;1;14
Tidewhisper Sandcastle;Woodland;Farmland, 6, 0, 3;0;9;3;0;11;4;0;8
Tidewhisper Sandcastle;Woodland;Farmland, 6, 0, 3;0;9;4;0;10;0;1;13
Tidewhisper Sandcastle;Woodland;Farmland, 6, 0, 3;0;9;4;0;10;3;0;9
Tidewhisper Sandcastle;Woodland;Farmland, 6, 0, 4;0;9;2;0;10;4;0;9
Tidewhisper Sandcastle;Woodland;Farmland, 6, 0, 5;0;7;0;0;14;0;2;14
Tidewhisper Sandcastle;Woodland;Farmland, 6, 0, 5;0;7;0;0;14;5;0;7
Tidewhisper Sandcastle;Woodland;Farmland, 6, 0, 5;0;7;1;0;12;4;0;9
Tidewhisper Sandcastle;Woodland;Farmland, 6, 0, 5;0;7;2;0;10;0;1;15
Tidewhisper Sandcastle;Woodland;Farmland, 6, 0, 5;0;7;2;0;10;3;0;11
Tidewhisper Sandcastle;Woodland;Farmland, 6, 1, 0;0;13;0;4;3;0;8;6
Tidewhisper Sandcastle;Woodland;Farmland, 6, 1, 0;0;13;0;5;2;0;7;6
Tidewhisper Sandcastle;Woodland;Farmland, 6, 1, 0;0;14;4;0;8;3;0;9
Tidewhisper Sandcastle;Woodland;Farmland, 6, 1, 0;0;16;0;0;12;6;0;8
Tidewhisper Sandcastle;Woodland;Farmland, 6, 1, 0;0;16;0;0;13;0;0;19
Tidewhisper Sandcastle;Woodland;Farmland, 6, 1, 0;0;16;0;0;14;0;0;18
Tidewhisper Sandcastle;Woodland;Farmland, 6, 1, 0;0;16;1;0;10;6;0;8
Tidewhisper Sandcastle;Woodland;Farmland, 6, 1, 0;0;17;0;0;14;0;0;17
Tidewhisper Sandcastle;Woodland;Farmland, 6, 1, 0;0;18;0;0;14;0;0;16
Tidewhisper Sandcastle;Woodland;Farmland, 6, 1, 0;0;18;0;0;14;0;1;15
Tidewhisper Sandcastle;Woodland;Farmland, 6, 1, 0;0;19;0;0;13;0;1;15
Tidewhisper Sandcastle;Woodland;Farmland, 6, 1, 0;1;15;0;0;13;0;1;18
Tidewhisper Sandcastle;Woodland;Farmland, 6, 1, 0;2;17;0;0;13;1;0;15
Tidewhisper Sandcastle;Woodland;Farmland, 6, 1, 0;6;7;0;5;2;0;5;6
Tidewhisper Sandcastle;Woodland;Farmland, 6, 1, 0;7;6;0;5;2;0;1;12
Tidewhisper Sandcastle;Woodland;Farmland, 6, 1, 0;8;6;0;4;1;1;1;13
Tidewhisper Sandcastle;Woodland;Farmland, 6, 1, 0;8;6;0;4;3;0;1;12
Tidewhisper Sandcastle;Woodland;Farmland, 6, 1, 1;0;12;0;4;3;0;8;6
Tidewhisper Sandcastle;Woodland;Farmland, 6, 1, 1;0;15;0;0;13;0;0;19
Tidewhisper Sandcastle;Woodland;Farmland, 6, 1, 1;0;15;0;0;14;0;2;16
Tidewhisper Sandcastle;Woodland;Farmland, 6, 1, 1;0;17;0;0;14;0;1;15
Tidewhisper Sandcastle;Woodland;Farmland, 6, 1, 1;0;18;0;0;13;0;1;15
Tidewhisper Sandcastle;Woodland;Farmland, 6, 1, 1;1;13;0;5;5;0;1;13
Tidewhisper Sandcastle;Woodland;Farmland, 6, 1, 1;1;14;0;0;13;0;1;18
Tidewhisper Sandcastle;Woodland;Farmland, 6, 1, 1;1;16;0;0;14;0;1;15
Tidewhisper Sandcastle;Woodland;Farmland, 6, 1, 2;0;12;4;0;8;0;1;13
Tidewhisper Sandcastle;Woodland;Farmland, 6, 1, 3;0;9;4;0;8;0;2;12
Tidewhisper Sandcastle;Woodland;Farmland, 6, 1, 3;0;10;2;0;10;5;0;9
Tidewhisper Sandcastle;Woodland;Farmland, 6, 1, 4;0;10;0;0;11;6;0;8
Tidewhisper Sandcastle;Woodland;Farmland, 6, 1, 4;0;11;0;0;10;6;0;8
Tidewhisper Sandcastle;Woodland;Farmland, 6, 1, 6;0;8;0;0;10;4;0;11
Tidewhisper Sandcastle;Woodland;Farmland, 6, 1, 6;0;8;1;0;10;0;1;15
Tidewhisper Sandcastle;Woodland;Farmland, 6, 1, 6;0;8;1;0;10;0;2;14
Tidewhisper Sandcastle;Woodland;Farmland, 6, 1, 6;0;8;1;0;10;3;0;11
Tidewhisper Sandcastle;Woodland;Farmland, 6, 1, 6;0;8;1;0;11;3;0;10
Tidewhisper Sandcastle;Woodland;Farmland, 6, 2, 0;0;15;0;5;3;0;2;12
Tidewhisper Sandcastle;Woodland;Farmland, 6, 2, 0;0;18;0;0;11;6;0;8
Tidewhisper Sandcastle;Woodland;Farmland, 6, 2, 0;0;19;0;0;12;0;2;17
Tidewhisper Sandcastle;Woodland;Farmland, 6, 2, 0;0;19;0;0;12;1;1;17
Tidewhisper Sandcastle;Woodland;Farmland, 6, 2, 0;1;11;0;4;3;0;8;6
Tidewhisper Sandcastle;Woodland;Farmland, 6, 2, 0;1;11;4;0;4;4;0;8
Tidewhisper Sandcastle;Woodland;Farmland, 6, 2, 0;1;12;2;0;6;6;0;8
Tidewhisper Sandcastle;Woodland;Farmland, 6, 2, 0;1;18;0;0;12;0;8;6
Tidewhisper Sandcastle;Woodland;Farmland, 6, 2, 0;1;18;0;0;12;1;1;17
Tidewhisper Sandcastle;Woodland;Farmland, 6, 2, 0;8;4;0;0;12;0;8;4
Tidewhisper Sandcastle;Woodland;Farmland, 6, 2, 0;8;6;0;0;12;0;1;18
Tidewhisper Sandcastle;Woodland;Farmland, 6, 2, 1;0;13;2;0;5;6;0;8
Tidewhisper Sandcastle;Woodland;Farmland, 6, 2, 1;0;18;0;0;12;0;0;19
Tidewhisper Sandcastle;Woodland;Farmland, 6, 2, 1;0;18;0;0;12;0;1;18
Tidewhisper Sandcastle;Woodland;Farmland, 6, 2, 1;0;18;0;0;12;0;2;17
Tidewhisper Sandcastle;Woodland;Farmland, 6, 2, 1;0;18;0;0;12;1;1;17
Tidewhisper Sandcastle;Woodland;Farmland, 6, 2, 1;1;17;0;0;12;1;1;17
Tidewhisper Sandcastle;Woodland;Farmland, 6, 2, 1;2;16;0;0;12;0;1;18
Tidewhisper Sandcastle;Woodland;Farmland, 6, 2, 2;0;17;0;0;12;0;1;18
Tidewhisper Sandcastle;Woodland;Farmland, 6, 2, 2;0;17;0;0;12;1;1;17
Tidewhisper Sandcastle;Woodland;Farmland, 6, 2, 4;0;7;4;0;2;4;0;7
Tidewhisper Sandcastle;Woodland;Farmland, 6, 2, 4;0;8;4;0;4;0;1;11
Tidewhisper Sandcastle;Woodland;Farmland, 6, 2, 5;0;8;1;0;7;6;0;5
Tidewhisper Sandcastle;Woodland;Farmland, 6, 2, 6;0;8;0;0;11;0;1;17
Tidewhisper Sandcastle;Woodland;Farmland, 6, 2, 6;0;8;2;0;6;1;1;11
Tidewhisper Sandcastle;Woodland;Farmland, 6, 3, 0;2;11;0;4;2;0;8;7
Tidewhisper Sandcastle;Woodland;Farmland, 6, 3, 0;8;6;0;0;9;0;8;8
Tidewhisper Sandcastle;Woodland;Farmland, 6, 3, 0;8;7;0;0;9;0;1;21
Tidewhisper Sandcastle;Woodland;Farmland, 6, 3, 0;8;7;0;0;9;0;8;7
Tidewhisper Sandcastle;Woodland;Farmland, 6, 3, 1;1;10;4;0;3;4;0;8
Tidewhisper Sandcastle;Woodland;Farmland, 6, 3, 1;1;11;4;0;4;0;1;12
Tidewhisper Sandcastle;Woodland;Farmland, 6, 3, 1;1;12;0;5;2;1;1;14
Tidewhisper Sandcastle;Woodland;Farmland, 6, 3, 1;1;12;2;0;4;6;0;9
Tidewhisper Sandcastle;Woodland;Farmland, 6, 3, 1;1;20;0;0;9;2;0;18
Tidewhisper Sandcastle;Woodland;Farmland, 6, 3, 4;0;7;3;0;3;5;0;9
Tidewhisper Sandcastle;Woodland;Farmland, 6, 3, 5;0;9;3;0;3;4;0;7
Tidewhisper Sandcastle;Woodland;Farmland, 6, 3, 5;0;12;1;0;4;6;0;6
Tidewhisper Sandcastle;Woodland;Farmland, 6, 3, 6;0;6;1;0;4;5;0;12
Tidewhisper Sandcastle;Woodland;Farmland, 6, 4, 0;0;22;0;0;8;2;0;20
Tidewhisper Sandcastle;Woodland;Farmland, 6, 4, 0;1;18;2;0;5;0;2;17
Tidewhisper Sandcastle;Woodland;Farmland, 6, 4, 0;1;19;0;3;2;0;1;19
Tidewhisper Sandcastle;Woodland;Farmland, 6, 4, 0;8;8;0;3;1;2;0;17
Tidewhisper Sandcastle;Woodland;Farmland, 6, 4, 1;0;18;1;0;7;6;0;9
Tidewhisper Sandcastle;Woodland;Farmland, 6, 4, 1;1;18;0;0;8;6;0;11
Tidewhisper Sandcastle;Woodland;Farmland, 6, 4, 1;1;20;0;0;8;2;0;20
Tidewhisper Sandcastle;Woodland;Farmland, 6, 4, 1;2;16;2;0;5;5;0;10
Tidewhisper Sandcastle;Woodland;Farmland, 6, 4, 2;0;17;1;0;7;6;0;9
Tidewhisper Sandcastle;Woodland;Farmland, 6, 4, 5;0;10;2;0;5;0;2;17
Tidewhisper Sandcastle;Woodland;Farmland, 6, 4, 5;0;10;2;0;5;5;0;10
Tidewhisper Sandcastle;Woodland;Farmland, 6, 4, 6;0;9;1;0;7;0;1;18
Tidewhisper Sandcastle;Woodland;Farmland, 6, 4, 6;0;9;1;0;7;1;0;18
Tidewhisper Sandcastle;Woodland;Farmland, 6, 5, 0;1;19;2;0;3;2;0;19
Tidewhisper Sandcastle;Woodland;Farmland, 6, 5, 0;2;19;2;0;4;5;0;10
Tidewhisper Sandcastle;Woodland;Farmland, 6, 5, 1;1;19;0;2;5;1;1;20
Tidewhisper Sandcastle;Woodland;Farmland, 6, 5, 2;0;19;1;0;6;6;0;10
Tidewhisper Sandcastle;Woodland;Farmland, 6, 5, 2;0;21;0;0;7;0;9;9
Tidewhisper Sandcastle;Woodland;Farmland, 6, 5, 3;0;19;1;0;6;6;0;9
Tidewhisper Sandcastle;Woodland;Farmland, 6, 5, 5;0;11;2;0;3;1;1;19
Tidewhisper Sandcastle;Woodland;Farmland, 6, 5, 6;0;10;1;0;6;1;1;19
Tidewhisper Sandcastle;Woodland;Farmland, 6, 5, 6;0;11;0;0;6;6;0;12
Tidewhisper Sandcastle;Woodland;Farmland, 6, 5, 6;0;11;0;0;7;0;2;21
Tidewhisper Sandcastle;Woodland;Farmland, 6, 5, 6;0;12;0;0;7;6;0;10
Tidewhisper Sandcastle;Woodland;Farmland, 6, 6, 0;0;24;0;0;7;2;0;22
Tidewhisper Sandcastle;Woodland;Farmland, 6, 6, 0;1;21;0;2;5;1;1;20
Tidewhisper Sandcastle;Woodland;Farmland, 6, 6, 0;1;23;0;0;7;0;0;24
Tidewhisper Sandcastle;Woodland;Farmland, 6, 6, 0;1;23;0;0;7;0;9;9
Tidewhisper Sandcastle;Woodland;Farmland, 6, 6, 0;3;21;0;0;7;1;1;22
Tidewhisper Sandcastle;Woodland;Farmland, 6, 6, 0;9;5;0;0;7;0;9;9
Tidewhisper Sandcastle;Woodland;Farmland, 6, 6, 0;9;7;0;0;7;0;9;7
Tidewhisper Sandcastle;Woodland;Farmland, 6, 6, 0;9;9;0;0;7;1;1;22
Tidewhisper Sandcastle;Woodland;Farmland, 6, 6, 0;9;9;0;2;3;1;1;18
Tidewhisper Sandcastle;Woodland;Farmland, 6, 6, 1;0;22;0;0;6;7;0;10
Tidewhisper Sandcastle;Woodland;Farmland, 6, 6, 1;1;22;0;0;7;0;0;24
Tidewhisper Sandcastle;Woodland;Farmland, 6, 6, 1;1;22;0;0;7;2;0;22
Tidewhisper Sandcastle;Woodland;Farmland, 6, 6, 2;0;22;0;0;7;0;1;23
Tidewhisper Sandcastle;Woodland;Farmland, 6, 6, 2;1;18;2;0;4;1;1;19
Tidewhisper Sandcastle;Woodland;Farmland, 6, 6, 2;1;21;0;0;7;1;1;22
Tidewhisper Sandcastle;Woodland;Farmland, 6, 6, 7;0;10;0;0;6;1;1;21
Tidewhisper Sandcastle;Woodland;Farmland, 7, 0, 0;0;20;0;0;12;1;0;15
Tidewhisper Sandcastle;Woodland;Farmland, 7, 0, 0;1;13;5;0;2;1;1;13
Tidewhisper Sandcastle;Woodland;Farmland, 7, 0, 0;1;16;0;0;11;1;0;19
Tidewhisper Sandcastle;Woodland;Farmland, 7, 0, 0;1;19;0;0;12;0;2;14
Tidewhisper Sandcastle;Woodland;Farmland, 7, 0, 0;2;12;0;6;0;0;1;17
Tidewhisper Sandcastle;Woodland;Farmland, 7, 0, 0;2;13;5;0;2;3;0;9
Tidewhisper Sandcastle;Woodland;Farmland, 7, 0, 0;2;14;0;0;12;0;1;19
Tidewhisper Sandcastle;Woodland;Farmland, 7, 0, 0;4;9;0;6;0;0;6;7
Tidewhisper Sandcastle;Woodland;Farmland, 7, 0, 0;5;9;0;6;0;0;5;7
Tidewhisper Sandcastle;Woodland;Farmland, 7, 0, 0;6;7;0;5;0;0;5;9
Tidewhisper Sandcastle;Woodland;Farmland, 7, 0, 0;6;8;0;0;11;0;6;9
Tidewhisper Sandcastle;Woodland;Farmland, 7, 0, 1;0;15;0;0;12;0;0;20
Tidewhisper Sandcastle;Woodland;Farmland, 7, 0, 1;0;19;0;0;12;1;1;14
Tidewhisper Sandcastle;Woodland;Farmland, 7, 0, 1;1;13;4;0;2;4;0;9
Tidewhisper Sandcastle;Woodland;Farmland, 7, 0, 1;1;14;0;0;12;0;1;19
Tidewhisper Sandcastle;Woodland;Farmland, 7, 0, 1;1;15;0;0;12;0;6;9
Tidewhisper Sandcastle;Woodland;Farmland, 7, 0, 1;1;15;0;0;12;1;0;18
Tidewhisper Sandcastle;Woodland;Farmland, 7, 0, 2;0;15;3;0;2;5;0;7
Tidewhisper Sandcastle;Woodland;Farmland, 7, 0, 2;0;16;0;0;12;5;0;9
Tidewhisper Sandcastle;Woodland;Farmland, 7, 0, 2;0;18;0;0;11;0;1;16
Tidewhisper Sandcastle;Woodland;Farmland, 7, 0, 3;0;9;5;0;2;0;2;13
Tidewhisper Sandcastle;Woodland;Farmland, 7, 0, 4;0;9;4;0;1;0;2;14
Tidewhisper Sandcastle;Woodland;Farmland, 7, 0, 5;0;7;3;0;2;0;2;15
Tidewhisper Sandcastle;Woodland;Farmland, 7, 0, 5;0;8;0;0;12;0;1;18
Tidewhisper Sandcastle;Woodland;Farmland, 7, 0, 5;0;8;0;0;12;5;0;8
Tidewhisper Sandcastle;Woodland;Farmland, 7, 1, 0;1;19;0;0;9;0;8;8
Tidewhisper Sandcastle;Woodland;Farmland, 7, 1, 0;7;7;0;5;1;2;0;12
Tidewhisper Sandcastle;Woodland;Farmland, 7, 1, 0;7;8;0;5;1;0;4;7
Tidewhisper Sandcastle;Woodland;Farmland, 7, 1, 0;8;6;0;4;0;2;0;16
Tidewhisper Sandcastle;Woodland;Farmland, 7, 1, 0;8;7;0;4;0;1;1;15
Tidewhisper Sandcastle;Woodland;Farmland, 7, 1, 1;1;14;0;5;1;1;1;15
Tidewhisper Sandcastle;Woodland;Farmland, 7, 1, 3;0;10;5;0;1;0;1;14
Tidewhisper Sandcastle;Woodland;Farmland, 7, 1, 6;0;8;1;0;4;6;0;8
Tidewhisper Sandcastle;Woodland;Farmland, 7, 2, 0;0;22;0;0;9;0;2;19
Tidewhisper Sandcastle;Woodland;Farmland, 7, 2, 0;0;22;0;0;10;0;2;18
Tidewhisper Sandcastle;Woodland;Farmland, 7, 2, 0;0;22;0;0;10;6;0;9
Tidewhisper Sandcastle;Woodland;Farmland, 7, 2, 0;1;13;2;0;5;6;0;10
Tidewhisper Sandcastle;Woodland;Farmland, 7, 2, 0;7;7;0;5;1;1;1;10
Tidewhisper Sandcastle;Woodland;Farmland, 7, 2, 0;8;7;0;0;10;1;0;21
Tidewhisper Sandcastle;Woodland;Farmland, 7, 2, 0;8;8;0;4;1;0;2;12
Tidewhisper Sandcastle;Woodland;Farmland, 7, 2, 1;0;12;2;0;6;6;0;10
Tidewhisper Sandcastle;Woodland;Farmland, 7, 2, 1;0;19;0;0;10;0;2;20
Tidewhisper Sandcastle;Woodland;Farmland, 7, 2, 1;0;20;0;0;10;0;2;19
Tidewhisper Sandcastle;Woodland;Farmland, 7, 2, 1;0;20;0;0;10;0;8;8
Tidewhisper Sandcastle;Woodland;Farmland, 7, 2, 1;0;21;0;0;10;0;2;18
Tidewhisper Sandcastle;Woodland;Farmland, 7, 2, 1;1;20;0;0;10;0;2;18
Tidewhisper Sandcastle;Woodland;Farmland, 7, 2, 1;2;17;0;0;10;1;1;20
Tidewhisper Sandcastle;Woodland;Farmland, 7, 2, 1;2;19;0;0;10;1;1;18
Tidewhisper Sandcastle;Woodland;Farmland, 7, 2, 2;0;14;0;5;2;0;1;15
Tidewhisper Sandcastle;Woodland;Farmland, 7, 2, 2;0;19;0;0;10;1;1;19
Tidewhisper Sandcastle;Woodland;Farmland, 7, 2, 2;1;17;0;0;10;1;1;20
Tidewhisper Sandcastle;Woodland;Farmland, 7, 2, 3;0;17;0;0;10;1;1;20
Tidewhisper Sandcastle;Woodland;Farmland, 7, 2, 6;0;9;0;0;10;0;1;21
Tidewhisper Sandcastle;Woodland;Farmland, 7, 2, 6;0;9;0;0;10;6;0;9
Tidewhisper Sandcastle;Woodland;Farmland, 7, 2, 6;0;10;2;0;5;0;1;13
Tidewhisper Sandcastle;Woodland;Farmland, 7, 3, 0;1;13;2;0;4;6;0;11
Tidewhisper Sandcastle;Woodland;Farmland, 7, 3, 0;7;6;0;5;0;1;1;12
Tidewhisper Sandcastle;Woodland;Farmland, 7, 3, 0;8;8;0;4;1;1;0;13
Tidewhisper Sandcastle;Woodland;Farmland, 7, 3, 1;0;12;0;4;1;0;8;9
Tidewhisper Sandcastle;Woodland;Farmland, 7, 3, 1;0;13;0;4;1;0;8;8
Tidewhisper Sandcastle;Woodland;Farmland, 7, 3, 1;0;13;0;5;0;0;7;6
Tidewhisper Sandcastle;Woodland;Farmland, 7, 3, 1;1;13;0;5;0;0;2;15
Tidewhisper Sandcastle;Woodland;Farmland, 7, 3, 1;1;22;0;0;6;0;8;10
Tidewhisper Sandcastle;Woodland;Farmland, 7, 3, 1;1;22;0;0;8;2;0;19
Tidewhisper Sandcastle;Woodland;Farmland, 7, 3, 2;1;18;0;0;8;1;1;22
Tidewhisper Sandcastle;Woodland;Farmland, 7, 3, 6;0;11;2;0;4;0;1;13
Tidewhisper Sandcastle;Woodland;Farmland, 7, 4, 0;0;24;0;0;8;0;0;24
Tidewhisper Sandcastle;Woodland;Farmland, 7, 4, 0;0;24;0;0;8;1;1;22
Tidewhisper Sandcastle;Woodland;Farmland, 7, 4, 0;1;23;0;0;8;1;1;22
Tidewhisper Sandcastle;Woodland;Farmland, 7, 4, 0;2;19;0;3;2;2;0;18
Tidewhisper Sandcastle;Woodland;Farmland, 7, 4, 0;2;22;0;0;8;0;1;23
Tidewhisper Sandcastle;Woodland;Farmland, 7, 4, 0;8;7;0;3;2;0;8;8
Tidewhisper Sandcastle;Woodland;Farmland, 7, 4, 0;8;8;0;3;2;0;8;7
Tidewhisper Sandcastle;Woodland;Farmland, 7, 4, 0;8;11;0;0;8;0;8;11
Tidewhisper Sandcastle;Woodland;Farmland, 7, 4, 0;8;11;0;0;8;1;1;22
Tidewhisper Sandcastle;Woodland;Farmland, 7, 4, 1;1;19;2;0;4;0;2;19
Tidewhisper Sandcastle;Woodland;Farmland, 7, 4, 1;1;22;0;0;8;0;2;22
Tidewhisper Sandcastle;Woodland;Farmland, 7, 4, 1;1;22;0;0;8;1;1;22
Tidewhisper Sandcastle;Woodland;Farmland, 7, 4, 1;2;21;0;0;8;0;0;24
Tidewhisper Sandcastle;Woodland;Farmland, 7, 4, 1;2;21;0;0;8;1;1;22
Tidewhisper Sandcastle;Woodland;Farmland, 7, 4, 2;0;22;0;0;8;0;2;22
Tidewhisper Sandcastle;Woodland;Farmland, 7, 4, 2;0;22;0;0;8;6;0;12
Tidewhisper Sandcastle;Woodland;Farmland, 7, 4, 2;1;21;0;0;8;0;8;11
Tidewhisper Sandcastle;Woodland;Farmland, 7, 4, 3;0;21;0;0;8;0;0;24
Tidewhisper Sandcastle;Woodland;Farmland, 7, 4, 6;0;10;2;0;3;0;1;18
Tidewhisper Sandcastle;Woodland;Farmland, 7, 4, 6;0;11;0;0;8;6;0;11
Tidewhisper Sandcastle;Woodland;Farmland, 7, 4, 6;0;11;2;0;3;0;1;17
Tidewhisper Sandcastle;Woodland;Farmland, 7, 4, 6;0;12;0;0;8;0;1;23
Tidewhisper Sandcastle;Woodland;Farmland, 7, 5, 0;0;19;2;0;2;6;0;12
Tidewhisper Sandcastle;Woodland;Farmland, 7, 5, 0;1;24;0;0;5;6;0;14
Tidewhisper Sandcastle;Woodland;Farmland, 7, 5, 0;2;24;0;0;4;0;2;24
Tidewhisper Sandcastle;Woodland;Farmland, 7, 5, 1;1;19;2;0;4;1;1;20
Tidewhisper Sandcastle;Woodland;Farmland, 7, 5, 1;1;21;0;0;6;2;0;24
Tidewhisper Sandcastle;Woodland;Farmland, 7, 5, 2;0;23;0;2;1;1;1;20
Tidewhisper Sandcastle;Woodland;Farmland, 7, 5, 2;1;17;0;2;2;0;9;10
Tidewhisper Sandcastle;Woodland;Farmland, 7, 5, 2;1;20;0;0;6;0;0;26
Tidewhisper Sandcastle;Woodland;Farmland, 7, 5, 2;1;21;0;0;6;0;9;10
Tidewhisper Sandcastle;Woodland;Farmland, 7, 5, 6;0;14;0;0;5;6;0;13
Tidewhisper Sandcastle;Woodland;Farmland, 7, 6, 0;1;23;0;2;4;2;0;21
Tidewhisper Sandcastle;Woodland;Farmland, 7, 6, 0;2;21;0;2;3;0;9;9
Tidewhisper Sandcastle;Woodland;Farmland, 7, 6, 0;2;24;0;0;6;0;9;10
Tidewhisper Sandcastle;Woodland;Farmland, 7, 6, 0;8;10;0;2;3;0;9;8
Tidewhisper Sandcastle;Woodland;Farmland, 7, 6, 0;9;8;0;1;3;0;9;10
Tidewhisper Sandcastle;Woodland;Farmland, 7, 6, 0;9;8;0;1;4;0;9;9
Tidewhisper Sandcastle;Woodland;Farmland, 7, 6, 0;9;8;0;2;3;0;8;10
Tidewhisper Sandcastle;Woodland;Farmland, 7, 6, 0;9;9;0;2;3;0;2;21
Tidewhisper Sandcastle;Woodland;Farmland, 7, 6, 1;0;24;0;0;6;0;0;26
Tidewhisper Sandcastle;Woodland;Farmland, 7, 6, 1;1;24;0;0;6;1;1;23
Tidewhisper Sandcastle;Woodland;Farmland, 7, 6, 1;2;22;0;0;5;7;0;12
Tidewhisper Sandcastle;Woodland;Farmland, 7, 6, 2;0;21;0;2;3;0;9;9
Tidewhisper Sandcastle;Woodland;Farmland, 7, 6, 2;0;21;2;0;3;1;1;20
Tidewhisper Sandcastle;Woodland;Farmland, 7, 6, 2;0;24;0;0;5;0;0;26
Tidewhisper Sandcastle;Woodland;Farmland, 7, 6, 3;0;22;0;0;6;1;1;24
Tidewhisper Sandcastle;Woodland;Farmland, 7, 6, 6;0;11;1;0;2;7;0;9
Tidewhisper Sandcastle;Woodland;Farmland, 7, 7, 0;0;28;0;0;3;2;0;24
Tidewhisper Sandcastle;Woodland;Farmland, 7, 7, 0;0;28;0;0;4;2;0;22
Tidewhisper Sandcastle;Woodland;Farmland, 7, 7, 0;1;27;0;0;3;0;9;11
Tidewhisper Sandcastle;Woodland;Farmland, 7, 7, 0;2;19;2;0;1;6;0;14
Tidewhisper Sandcastle;Woodland;Farmland, 7, 7, 0;2;22;2;0;2;1;1;21
Tidewhisper Sandcastle;Woodland;Farmland, 7, 7, 1;1;22;0;0;4;2;0;26
Tidewhisper Sandcastle;Woodland;Farmland, 7, 7, 1;1;26;0;0;3;7;0;12
Tidewhisper Sandcastle;Woodland;Farmland, 7, 7, 1;2;25;0;0;4;1;1;22
Tidewhisper Sandcastle;Woodland;Farmland, 7, 7, 1;2;25;0;0;4;2;0;22
Tidewhisper Sandcastle;Woodland;Farmland, 8, 0, 0;0;20;0;0;12;0;0;20
Tidewhisper Sandcastle;Woodland;Farmland, 8, 0, 0;0;20;0;0;12;0;1;19
Tidewhisper Sandcastle;Woodland;Farmland, 8, 0, 0;0;22;0;0;10;0;0;22
Tidewhisper Sandcastle;Woodland;Farmland, 8, 0, 0;0;22;0;0;10;0;1;21
Tidewhisper Sandcastle;Woodland;Farmland, 8, 0, 0;1;15;0;6;0;0;6;10
Tidewhisper Sandcastle;Woodland;Farmland, 8, 0, 0;1;18;0;6;0;0;1;16
Tidewhisper Sandcastle;Woodland;Farmland, 8, 0, 0;1;18;0;6;0;0;6;7
Tidewhisper Sandcastle;Woodland;Farmland, 8, 0, 0;1;19;0;0;12;0;0;20
Tidewhisper Sandcastle;Woodland;Farmland, 8, 0, 0;1;19;0;0;12;0;1;19
Tidewhisper Sandcastle;Woodland;Farmland, 8, 0, 0;1;21;0;0;10;0;0;22
Tidewhisper Sandcastle;Woodland;Farmland, 8, 0, 0;1;21;0;0;10;0;1;21
Tidewhisper Sandcastle;Woodland;Farmland, 8, 0, 0;6;6;0;6;0;0;1;19
Tidewhisper Sandcastle;Woodland;Farmland, 8, 0, 0;6;6;0;6;0;0;6;10
Tidewhisper Sandcastle;Woodland;Farmland, 8, 0, 0;6;8;0;6;0;0;6;8
Tidewhisper Sandcastle;Woodland;Farmland, 8, 0, 0;6;8;0;6;0;1;0;17
Tidewhisper Sandcastle;Woodland;Farmland, 8, 0, 0;6;10;0;6;0;0;1;15
Tidewhisper Sandcastle;Woodland;Farmland, 8, 0, 0;6;10;0;6;0;0;6;6
Tidewhisper Sandcastle;Woodland;Farmland, 8, 0, 0;6;12;0;0;10;0;1;21
Tidewhisper Sandcastle;Woodland;Farmland, 8, 0, 0;6;12;0;0;10;0;6;12
Tidewhisper Sandcastle;Woodland;Farmland, 8, 0, 1;0;14;5;0;2;1;0;15
Tidewhisper Sandcastle;Woodland;Farmland, 8, 0, 1;0;17;3;0;2;5;0;10
Tidewhisper Sandcastle;Woodland;Farmland, 8, 0, 1;1;16;0;6;0;0;6;8
Tidewhisper Sandcastle;Woodland;Farmland, 8, 0, 1;1;20;0;0;10;0;0;22
Tidewhisper Sandcastle;Woodland;Farmland, 8, 0, 1;1;20;0;0;10;0;1;21
Tidewhisper Sandcastle;Woodland;Farmland, 8, 0, 1;1;20;0;0;10;0;6;12
Tidewhisper Sandcastle;Woodland;Farmland, 8, 0, 2;0;20;0;0;10;0;1;21
Tidewhisper Sandcastle;Woodland;Farmland, 8, 0, 3;0;10;5;0;2;1;0;15
Tidewhisper Sandcastle;Woodland;Farmland, 8, 0, 3;0;11;5;0;2;3;0;10
Tidewhisper Sandcastle;Woodland;Farmland, 8, 0, 5;0;8;3;0;2;1;0;19
Tidewhisper Sandcastle;Woodland;Farmland, 8, 0, 5;0;8;3;0;2;5;0;9
Tidewhisper Sandcastle;Woodland;Farmland, 8, 0, 5;0;9;3;0;2;5;0;8
Tidewhisper Sandcastle;Woodland;Farmland, 8, 0, 5;0;11;0;0;10;0;1;21
Tidewhisper Sandcastle;Woodland;Farmland, 8, 0, 5;0;11;3;0;2;0;1;16
Tidewhisper Sandcastle;Woodland;Farmland, 8, 1, 0;1;17;0;4;0;0;8;9
Tidewhisper Sandcastle;Woodland;Farmland, 8, 1, 0;1;17;0;5;1;0;7;7
Tidewhisper Sandcastle;Woodland;Farmland, 8, 1, 0;1;19;0;0;10;0;2;20
Tidewhisper Sandcastle;Woodland;Farmland, 8, 1, 0;1;20;0;0;7;6;0;13
Tidewhisper Sandcastle;Woodland;Farmland, 8, 1, 0;2;20;0;0;10;0;2;18
Tidewhisper Sandcastle;Woodland;Farmland, 8, 1, 0;6;10;0;4;0;0;8;7
Tidewhisper Sandcastle;Woodland;Farmland, 8, 1, 0;7;8;0;4;3;0;7;7
Tidewhisper Sandcastle;Woodland;Farmland, 8, 1, 0;7;9;0;5;1;0;1;15
Tidewhisper Sandcastle;Woodland;Farmland, 8, 1, 0;8;7;0;4;2;0;6;8
Tidewhisper Sandcastle;Woodland;Farmland, 8, 1, 0;8;8;0;4;1;0;1;17
Tidewhisper Sandcastle;Woodland;Farmland, 8, 1, 0;8;10;0;4;1;0;1;15
Tidewhisper Sandcastle;Woodland;Farmland, 8, 1, 1;0;16;0;5;2;0;1;18
Tidewhisper Sandcastle;Woodland;Farmland, 8, 1, 1;0;20;0;0;8;0;1;23
Tidewhisper Sandcastle;Woodland;Farmland, 8, 1, 1;0;20;0;0;9;0;1;22
Tidewhisper Sandcastle;Woodland;Farmland, 8, 1, 1;0;21;0;0;10;0;1;19
Tidewhisper Sandcastle;Woodland;Farmland, 8, 1, 1;1;14;5;0;2;0;2;13
Tidewhisper Sandcastle;Woodland;Farmland, 8, 1, 1;1;14;5;0;2;3;0;10
Tidewhisper Sandcastle;Woodland;Farmland, 8, 1, 1;1;19;0;0;10;1;2;18
Tidewhisper Sandcastle;Woodland;Farmland, 8, 1, 2;0;17;0;4;0;0;8;8
Tidewhisper Sandcastle;Woodland;Farmland, 8, 1, 2;0;19;0;0;9;0;0;23
Tidewhisper Sandcastle;Woodland;Farmland, 8, 1, 6;0;9;1;0;3;6;0;9
Tidewhisper Sandcastle;Woodland;Farmland, 8, 1, 6;0;13;0;0;6;1;1;20
Tidewhisper Sandcastle;Woodland;Farmland, 8, 2, 0;0;19;0;5;1;0;1;16
Tidewhisper Sandcastle;Woodland;Farmland, 8, 2, 0;0;22;0;0;10;1;1;20
Tidewhisper Sandcastle;Woodland;Farmland, 8, 2, 0;0;23;0;0;9;0;0;23
Tidewhisper Sandcastle;Woodland;Farmland, 8, 2, 0;0;23;0;0;9;1;1;21
Tidewhisper Sandcastle;Woodland;Farmland, 8, 2, 0;1;15;0;4;2;0;8;9
Tidewhisper Sandcastle;Woodland;Farmland, 8, 2, 0;1;15;0;5;1;0;7;8
Tidewhisper Sandcastle;Woodland;Farmland, 8, 2, 0;1;17;0;4;2;0;8;7
Tidewhisper Sandcastle;Woodland;Farmland, 8, 2, 0;1;23;0;0;7;6;0;12
Tidewhisper Sandcastle;Woodland;Farmland, 8, 2, 0;2;20;0;0;10;0;0;22
Tidewhisper Sandcastle;Woodland;Farmland, 8, 2, 0;2;20;0;0;10;1;1;20
Tidewhisper Sandcastle;Woodland;Farmland, 8, 2, 0;2;21;0;0;8;0;2;22
Tidewhisper Sandcastle;Woodland;Farmland, 8, 2, 0;2;21;0;0;9;0;0;23
Tidewhisper Sandcastle;Woodland;Farmland, 8, 2, 0;2;21;0;0;9;0;2;21
Tidewhisper Sandcastle;Woodland;Farmland, 8, 2, 0;2;21;0;0;9;1;1;21
Tidewhisper Sandcastle;Woodland;Farmland, 8, 2, 0;2;22;0;0;7;0;8;11
Tidewhisper Sandcastle;Woodland;Farmland, 8, 2, 0;3;20;0;0;8;0;0;24
Tidewhisper Sandcastle;Woodland;Farmland, 8, 2, 0;3;21;0;0;8;1;1;21
Tidewhisper Sandcastle;Woodland;Farmland, 8, 2, 0;6;6;0;4;1;0;8;10
Tidewhisper Sandcastle;Woodland;Farmland, 8, 2, 0;6;6;0;5;1;0;7;8
Tidewhisper Sandcastle;Woodland;Farmland, 8, 2, 0;8;7;0;2;3;0;8;11
Tidewhisper Sandcastle;Woodland;Farmland, 8, 2, 0;8;8;0;4;1;0;6;8
Tidewhisper Sandcastle;Woodland;Farmland, 8, 2, 0;8;9;0;2;3;0;8;9
Tidewhisper Sandcastle;Woodland;Farmland, 8, 2, 0;8;9;0;4;0;0;1;17
Tidewhisper Sandcastle;Woodland;Farmland, 8, 2, 0;8;9;0;4;2;0;1;15
Tidewhisper Sandcastle;Woodland;Farmland, 8, 2, 0;8;10;0;0;8;0;1;23
Tidewhisper Sandcastle;Woodland;Farmland, 8, 2, 0;8;10;0;2;4;0;8;7
Tidewhisper Sandcastle;Woodland;Farmland, 8, 2, 0;8;11;0;2;3;0;8;7
Tidewhisper Sandcastle;Woodland;Farmland, 8, 2, 1;2;19;0;0;10;0;1;21
Tidewhisper Sandcastle;Woodland;Farmland, 8, 2, 2;1;20;0;0;9;1;1;21
Tidewhisper Sandcastle;Woodland;Farmland, 8, 2, 6;0;12;2;0;2;0;2;16
Tidewhisper Sandcastle;Woodland;Farmland, 8, 3, 0;0;24;0;0;8;1;2;19
Tidewhisper Sandcastle;Woodland;Farmland, 8, 3, 0;0;25;0;0;7;2;1;19
Tidewhisper Sandcastle;Woodland;Farmland, 8, 3, 0;0;26;0;0;6;2;1;19
Tidewhisper Sandcastle;Woodland;Farmland, 8, 3, 0;1;17;0;4;1;0;8;8
Tidewhisper Sandcastle;Woodland;Farmland, 8, 3, 0;2;22;0;0;8;0;2;20
Tidewhisper Sandcastle;Woodland;Farmland, 8, 3, 0;2;22;0;0;8;2;1;19
Tidewhisper Sandcastle;Woodland;Farmland, 8, 3, 0;6;7;0;4;1;0;8;9
Tidewhisper Sandcastle;Woodland;Farmland, 8, 3, 0;6;8;0;5;0;0;7;6
Tidewhisper Sandcastle;Woodland;Farmland, 8, 3, 0;7;8;0;5;0;0;2;14
Tidewhisper Sandcastle;Woodland;Farmland, 8, 3, 0;8;8;0;2;4;0;8;10
Tidewhisper Sandcastle;Woodland;Farmland, 8, 3, 0;8;8;0;2;5;0;8;9
Tidewhisper Sandcastle;Woodland;Farmland, 8, 3, 0;8;9;0;2;5;0;8;8
Tidewhisper Sandcastle;Woodland;Farmland, 8, 3, 0;8;10;0;4;1;0;6;6
Tidewhisper Sandcastle;Woodland;Farmland, 8, 3, 1;1;22;0;0;5;1;2;23
Tidewhisper Sandcastle;Woodland;Farmland, 8, 3, 2;0;20;0;0;7;0;0;25
Tidewhisper Sandcastle;Woodland;Farmland, 8, 3, 2;0;20;0;0;7;1;1;23
Tidewhisper Sandcastle;Woodland;Farmland, 8, 3, 2;1;15;0;5;0;0;1;16
Tidewhisper Sandcastle;Woodland;Farmland, 8, 3, 3;0;8;5;0;0;1;1;12
Tidewhisper Sandcastle;Woodland;Farmland, 8, 4, 0;0;25;0;0;7;0;0;24
Tidewhisper Sandcastle;Woodland;Farmland, 8, 4, 0;2;21;0;3;2;0;8;8
Tidewhisper Sandcastle;Woodland;Farmland, 8, 4, 0;2;22;0;0;8;0;0;24
Tidewhisper Sandcastle;Woodland;Farmland, 8, 4, 0;2;22;0;0;8;1;1;22
Tidewhisper Sandcastle;Woodland;Farmland, 8, 4, 0;2;23;0;0;7;1;1;22
Tidewhisper Sandcastle;Woodland;Farmland, 8, 4, 0;3;21;0;0;6;0;0;26
Tidewhisper Sandcastle;Woodland;Farmland, 8, 4, 0;8;9;0;3;1;0;8;10
Tidewhisper Sandcastle;Woodland;Farmland, 8, 4, 0;8;9;0;3;2;1;1;20
Tidewhisper Sandcastle;Woodland;Farmland, 8, 4, 0;8;10;0;3;0;1;1;21
Tidewhisper Sandcastle;Woodland;Farmland, 8, 4, 0;8;10;0;3;1;0;8;9
Tidewhisper Sandcastle;Woodland;Farmland, 8, 4, 0;8;10;0;3;2;1;1;19
Tidewhisper Sandcastle;Woodland;Farmland, 8, 4, 0;8;11;0;3;0;0;8;9
Tidewhisper Sandcastle;Woodland;Farmland, 8, 4, 0;8;12;0;0;5;0;8;13
Tidewhisper Sandcastle;Woodland;Farmland, 8, 4, 0;8;13;0;0;5;1;1;23
Tidewhisper Sandcastle;Woodland;Farmland, 8, 4, 1;0;25;0;0;4;6;0;15
Tidewhisper Sandcastle;Woodland;Farmland, 8, 4, 1;1;20;0;3;1;0;8;10
Tidewhisper Sandcastle;Woodland;Farmland, 8, 4, 1;1;21;0;3;1;1;1;20
Tidewhisper Sandcastle;Woodland;Farmland, 8, 4, 1;1;22;0;0;7;1;1;23
Tidewhisper Sandcastle;Woodland;Farmland, 8, 4, 1;2;21;0;0;6;0;0;26
Tidewhisper Sandcastle;Woodland;Farmland, 8, 4, 1;2;23;0;0;4;0;8;13
Tidewhisper Sandcastle;Woodland;Farmland, 8, 4, 2;0;22;0;0;8;1;1;22
Tidewhisper Sandcastle;Woodland;Farmland, 8, 4, 2;1;21;0;0;8;0;2;22
Tidewhisper Sandcastle;Woodland;Farmland, 8, 4, 6;0;15;0;0;4;1;0;25
Tidewhisper Sandcastle;Woodland;Farmland, 8, 5, 0;1;26;0;0;5;1;1;22
Tidewhisper Sandcastle;Woodland;Farmland, 8, 5, 0;2;19;0;2;3;0;9;10
Tidewhisper Sandcastle;Woodland;Farmland, 8, 5, 0;9;10;0;2;2;2;0;20
Tidewhisper Sandcastle;Woodland;Farmland, 8, 5, 1;0;23;0;0;5;0;0;27
Tidewhisper Sandcastle;Woodland;Farmland, 8, 5, 1;1;18;2;0;3;6;0;12
Tidewhisper Sandcastle;Woodland;Farmland, 8, 5, 1;1;24;0;0;6;2;0;22
Tidewhisper Sandcastle;Woodland;Farmland, 8, 5, 2;0;20;2;0;4;1;1;20
Tidewhisper Sandcastle;Woodland;Farmland, 8, 5, 2;1;21;0;0;5;1;1;25
Tidewhisper Sandcastle;Woodland;Farmland, 8, 5, 6;0;10;2;0;2;6;0;10
Tidewhisper Sandcastle;Woodland;Farmland, 8, 5, 6;0;12;2;0;2;1;1;19
Tidewhisper Sandcastle;Woodland;Farmland, 8, 5, 6;0;14;0;0;5;1;1;24
Tidewhisper Sandcastle;Woodland;Farmland, 8, 5, 6;0;15;0;0;3;6;0;16
Tidewhisper Sandcastle;Woodland;Farmland, 8, 5, 6;0;16;0;0;4;6;0;14
Tidewhisper Sandcastle;Woodland;Farmland, 8, 6, 0;0;26;0;0;5;0;0;27
Tidewhisper Sandcastle;Woodland;Farmland, 8, 6, 0;0;26;0;0;6;0;0;26
Tidewhisper Sandcastle;Woodland;Farmland, 8, 6, 0;0;26;0;0;6;1;1;24
Tidewhisper Sandcastle;Woodland;Farmland, 8, 6, 0;0;27;0;0;5;0;0;26
Tidewhisper Sandcastle;Woodland;Farmland, 8, 6, 0;0;27;0;0;5;1;1;24
Tidewhisper Sandcastle;Woodland;Farmland, 8, 6, 0;1;23;1;0;2;7;0;12
Tidewhisper Sandcastle;Woodland;Farmland, 8, 6, 0;1;25;0;0;5;1;1;25
Tidewhisper Sandcastle;Woodland;Farmland, 8, 6, 0;1;25;0;0;6;1;1;24
Tidewhisper Sandcastle;Woodland;Farmland, 8, 6, 0;2;24;0;0;5;0;0;27
Tidewhisper Sandcastle;Woodland;Farmland, 8, 6, 0;2;24;0;0;5;2;0;25
Tidewhisper Sandcastle;Woodland;Farmland, 8, 6, 0;2;24;0;0;6;0;0;26
Tidewhisper Sandcastle;Woodland;Farmland, 8, 6, 0;2;24;0;0;6;1;1;24
Tidewhisper Sandcastle;Woodland;Farmland, 8, 6, 0;2;25;0;0;5;1;1;24
Tidewhisper Sandcastle;Woodland;Farmland, 8, 6, 0;9;11;0;0;6;0;9;11
Tidewhisper Sandcastle;Woodland;Farmland, 8, 6, 0;9;11;0;0;6;1;1;24
Tidewhisper Sandcastle;Woodland;Farmland, 8, 6, 1;0;25;0;0;6;1;1;24
Tidewhisper Sandcastle;Woodland;Farmland, 8, 6, 1;1;21;0;2;3;0;9;10
Tidewhisper Sandcastle;Woodland;Farmland, 8, 6, 1;1;22;1;0;2;7;0;12
Tidewhisper Sandcastle;Woodland;Farmland, 8, 6, 1;1;23;0;2;3;1;1;22
Tidewhisper Sandcastle;Woodland;Farmland, 8, 6, 1;1;24;0;0;4;7;0;13
Tidewhisper Sandcastle;Woodland;Farmland, 8, 6, 1;1;24;0;0;5;1;1;25
Tidewhisper Sandcastle;Woodland;Farmland, 8, 6, 1;1;25;0;0;5;1;1;24
Tidewhisper Sandcastle;Woodland;Farmland, 8, 6, 1;2;21;0;2;1;0;9;11
Tidewhisper Sandcastle;Woodland;Farmland, 8, 6, 1;2;23;0;0;5;1;1;25
Tidewhisper Sandcastle;Woodland;Farmland, 8, 6, 1;2;23;0;0;6;1;1;24
Tidewhisper Sandcastle;Woodland;Farmland, 8, 6, 1;2;24;0;0;4;0;9;12
Tidewhisper Sandcastle;Woodland;Farmland, 8, 6, 2;1;23;0;0;6;1;1;24
Tidewhisper Sandcastle;Woodland;Farmland, 8, 6, 6;0;12;2;0;0;6;0;12
Tidewhisper Sandcastle;Woodland;Farmland, 8, 6, 6;0;13;1;0;1;7;0;10
Tidewhisper Sandcastle;Woodland;Farmland, 8, 6, 7;0;10;0;0;3;7;0;11
Tidewhisper Sandcastle;Woodland;Farmland, 8, 6, 7;0;10;0;0;4;7;0;10
Tidewhisper Sandcastle;Woodland;Farmland, 8, 6, 7;0;12;0;0;5;1;1;24
Tidewhisper Sandcastle;Woodland;Farmland, 8, 7, 0;2;25;0;0;3;0;0;28
Tidewhisper Sandcastle;Woodland;Farmland, 8, 7, 0;2;26;0;0;3;7;0;14
Tidewhisper Sandcastle;Woodland;Farmland, 8, 7, 0;2;26;0;0;4;2;0;24
Tidewhisper Sandcastle;Woodland;Farmland, 8, 7, 0;3;21;1;0;2;7;0;13
Tidewhisper Sandcastle;Woodland;Farmland, 8, 7, 1;1;20;2;0;1;6;0;14
Tidewhisper Sandcastle;Woodland;Farmland, 8, 7, 1;1;24;0;2;1;0;9;10
Tidewhisper Sandcastle;Woodland;Farmland, 8, 7, 1;1;25;0;0;4;0;9;12
Tidewhisper Sandcastle;Woodland;Farmland, 8, 7, 1;2;23;0;0;4;0;0;28
Tidewhisper Sandcastle;Woodland;Farmland, 8, 7, 1;2;25;0;0;2;1;1;26
Tidewhisper Sandcastle;Woodland;Farmland, 8, 7, 2;0;26;0;0;2;1;1;26
Tidewhisper Sandcastle;Woodland;Farmland, 8, 7, 6;0;14;2;0;1;1;1;20
Tidewhisper Sandcastle;Woodland;Farmland, 8, 7, 7;0;10;1;0;0;7;0;9
Tidewhisper Sandcastle;Woodland;Farmland, 8, 7, 7;0;13;1;0;2;0;1;23
Tidewhisper Sandcastle;Woodland;Farmland, 8, 7, 7;0;13;1;0;2;1;1;22
Tidewhisper Sandcastle;Woodland;Farmland, 8, 7, 7;0;14;0;0;3;1;1;26
Tidewhisper Sandcastle;Woodland;Farmland, 8, 8, 0;0;28;0;0;4;0;0;28
Tidewhisper Sandcastle;Woodland;Farmland, 8, 8, 0;0;28;0;0;4;1;1;26
Tidewhisper Sandcastle;Woodland;Farmland, 8, 8, 0;1;27;0;0;4;1;1;26
Tidewhisper Sandcastle;Woodland;Farmland, 8, 8, 0;2;24;0;2;2;0;9;11
Tidewhisper Sandcastle;Woodland;Farmland, 8, 8, 0;2;24;1;0;0;7;0;14
Tidewhisper Sandcastle;Woodland;Farmland, 8, 8, 0;2;26;0;0;4;0;9;13
Tidewhisper Sandcastle;Woodland;Farmland, 8, 8, 0;2;26;0;0;4;1;1;26
Tidewhisper Sandcastle;Woodland;Farmland, 8, 8, 0;3;25;0;0;3;7;0;14
Tidewhisper Sandcastle;Woodland;Farmland, 8, 8, 0;9;11;0;2;2;0;9;11
Tidewhisper Sandcastle;Woodland;Farmland, 8, 8, 0;9;11;0;2;2;1;1;24
Tidewhisper Sandcastle;Woodland;Farmland, 8, 8, 0;9;13;0;0;4;0;9;13
Tidewhisper Sandcastle;Woodland;Farmland, 8, 8, 0;9;13;0;0;4;1;1;26
Tidewhisper Sandcastle;Woodland;Farmland, 8, 8, 1;1;24;0;2;2;1;1;24
Tidewhisper Sandcastle;Woodland;Farmland, 8, 8, 1;1;26;0;0;4;0;0;28
Tidewhisper Sandcastle;Woodland;Farmland, 8, 8, 1;1;26;0;0;4;1;1;26
Tidewhisper Sandcastle;Woodland;Farmland, 8, 8, 1;2;25;0;0;4;0;1;27
Tidewhisper Sandcastle;Woodland;Farmland, 8, 8, 2;0;23;2;0;1;2;0;22
Tidewhisper Sandcastle;Woodland;Farmland, 8, 8, 2;0;24;0;2;2;0;9;11
Tidewhisper Sandcastle;Woodland;Farmland, 8, 8, 2;1;25;0;0;4;1;1;26
Tidewhisper Sandcastle;Woodland;Farmland, 8, 8, 7;0;14;0;0;3;2;0;26
Tidewhisper Sandcastle;Woodland;Farmland, 8, 8, 7;0;14;1;0;0;1;1;24
Woodland, 2, 0, 0;8;4
Woodland, 2, 0, 0;10;2
Woodland, 2, 0, 2;10;0
Woodland, 2, 0, 3;9;0
Woodland, 2, 0, 4;8;0
Woodland, 2, 1, 2;8;2
Woodland, 3, 1, 1;8;3
Woodland, 6, 4, 8;3;8
Woodland, 8, 0, 6;6;6
Woodland, 8, 1, 6;4;8
Woodland, 8, 1, 6;5;7
Woodland, 8, 1, 7;4;7
Woodland, 8, 1, 7;5;6
Woodland, 8, 1, 8;4;6
Woodland, 8, 5, 9;2;9
Woodland;Farmland, 2, 0, 0;0;8;10;4;0
Woodland;Farmland, 2, 0, 0;0;10;6;2;0
Woodland;Farmland, 2, 0, 0;6;0;24;0;6
Woodland;Farmland, 2, 0, 0;6;0;24;1;5
Woodland;Farmland, 2, 0, 1;5;0;24;0;6
Woodland;Farmland, 2, 0, 1;5;0;24;1;5
Woodland;Farmland, 2, 0, 1;5;0;24;4;0
Woodland;Farmland, 2, 0, 2;0;10;6;0;0
Woodland;Farmland, 2, 0, 2;4;0;24;1;5
Woodland;Farmland, 2, 0, 4;0;0;24;1;5
Woodland;Farmland, 2, 0, 4;0;0;24;4;0
Woodland;Farmland, 2, 0, 4;0;4;16;4;0
Woodland;Farmland, 2, 0, 4;0;8;10;0;0
Woodland;Farmland, 2, 1, 0;0;5;11;7;0
Woodland;Farmland, 2, 1, 0;2;5;9;7;0
Woodland;Farmland, 2, 1, 0;7;0;20;0;11
Woodland;Farmland, 2, 1, 0;7;0;21;0;10
Woodland;Farmland, 2, 1, 0;9;0;22;0;7
Woodland;Farmland, 2, 1, 0;9;0;22;2;5
Woodland;Farmland, 2, 1, 0;10;0;21;0;7
Woodland;Farmland, 2, 1, 0;11;0;20;0;7
Woodland;Farmland, 2, 1, 1;2;8;9;0;2
Woodland;Farmland, 2, 1, 1;6;0;20;0;11
Woodland;Farmland, 2, 1, 1;6;0;22;0;9
Woodland;Farmland, 2, 1, 1;6;0;22;1;8
Woodland;Farmland, 2, 1, 1;7;0;18;7;0
Woodland;Farmland, 2, 1, 1;7;0;19;0;11
Woodland;Farmland, 2, 1, 1;7;0;22;0;8
Woodland;Farmland, 2, 1, 2;5;0;20;0;11
Woodland;Farmland, 2, 1, 2;8;0;21;1;6
Woodland;Farmland, 2, 1, 2;9;0;20;1;6
Woodland;Farmland, 2, 1, 3;0;8;7;1;1
Woodland;Farmland, 2, 1, 5;0;3;9;6;1
Woodland;Farmland, 2, 1, 7;0;5;6;2;0
Woodland;Farmland, 2, 1, 7;0;5;11;0;0
Woodland;Farmland, 2, 2, 0;11;0;18;2;9
Woodland;Farmland, 2, 2, 0;11;0;18;7;0
Woodland;Farmland, 2, 2, 1;10;0;18;1;10
Woodland;Farmland, 2, 2, 1;10;0;18;2;9
Woodland;Farmland, 2, 2, 2;1;8;1;2;2
Woodland;Farmland, 2, 2, 2;9;0;18;1;10
Woodland;Farmland, 2, 2, 3;8;0;18;0;11
Woodland;Farmland, 2, 2, 5;2;0;18;7;0
Woodland;Farmland, 2, 2, 5;2;2;10;7;0
Woodland;Farmland, 2, 2, 6;1;0;18;6;1
Woodland;Farmland, 2, 2, 6;1;2;10;6;1
Woodland;Farmland, 2, 2, 7;0;0;18;0;11
Woodland;Farmland, 2, 2, 7;0;0;18;5;2
Woodland;Farmland, 2, 2, 7;0;2;10;5;2
Woodland;Farmland, 2, 2, 7;0;5;5;0;4
Woodland;Farmland, 3, 0, 0;0;8;6;4;4
Woodland;Farmland, 3, 0, 0;0;8;7;4;3
Woodland;Farmland, 3, 0, 0;0;8;8;4;2
Woodland;Farmland, 3, 0, 0;11;0;19;1;5
Woodland;Farmland, 3, 0, 0;12;0;18;2;4
Woodland;Farmland, 3, 0, 1;5;0;20;1;9
Woodland;Farmland, 3, 0, 1;6;0;20;2;7
Woodland;Farmland, 3, 0, 1;8;0;20;2;5
Woodland;Farmland, 3, 0, 1;10;0;19;1;5
Woodland;Farmland, 3, 0, 4;2;4;11;4;3
Woodland;Farmland, 3, 0, 4;2;4;13;4;1
Woodland;Farmland, 3, 0, 4;2;8;8;0;0
Woodland;Farmland, 3, 0, 4;4;8;6;0;0
Woodland;Farmland, 3, 1, 0;4;5;5;7;3
Woodland;Farmland, 3, 1, 0;4;5;7;7;1
Woodland;Farmland, 3, 1, 0;4;8;6;0;4
Woodland;Farmland, 3, 1, 0;13;0;18;1;6
Woodland;Farmland, 3, 1, 1;6;0;18;1;12
Woodland;Farmland, 3, 1, 1;14;0;16;2;7
Woodland;Farmland, 3, 1, 1;15;0;15;2;7
Woodland;Farmland, 3, 1, 2;1;8;6;2;1
Woodland;Farmland, 3, 1, 2;2;5;5;7;0
Woodland;Farmland, 3, 1, 2;5;0;18;0;13
Woodland;Farmland, 3, 1, 2;11;0;18;1;6
Woodland;Farmland, 3, 1, 7;4;5;4;0;4
Woodland;Farmland, 3, 1, 7;4;5;6;0;2
Woodland;Farmland, 3, 2, 0;2;5;7;7;2
Woodland;Farmland, 3, 2, 0;12;0;16;2;12
Woodland;Farmland, 3, 2, 0;14;0;16;2;10
Woodland;Farmland, 3, 2, 1;3;8;4;0;4
Woodland;Farmland, 3, 2, 1;15;0;14;2;10
Woodland;Farmland, 3, 2, 2;2;8;2;2;1
Woodland;Farmland, 3, 2, 3;9;0;15;0;15
Woodland;Farmland, 3, 2, 3;9;0;16;0;14
Woodland;Farmland, 3, 2, 5;3;0;14;7;5
Woodland;Farmland, 3, 2, 5;4;2;9;7;1
Woodland;Farmland, 3, 2, 7;2;0;15;5;5
Woodland;Farmland, 3, 2, 7;3;0;15;0;13
Woodland;Farmland, 3, 3, 0;14;0;11;2;18
Woodland;Farmland, 3, 3, 0;17;0;10;7;7
Woodland;Farmland, 3, 3, 0;17;0;14;2;10
Woodland;Farmland, 3, 3, 0;19;0;12;2;12
Woodland;Farmland, 3, 3, 1;0;5;4;7;6
Woodland;Farmland, 3, 3, 1;0;5;7;7;3
Woodland;Farmland, 3, 3, 2;0;5;6;7;3
Woodland;Farmland, 3, 3, 2;10;0;14;0;17
Woodland;Farmland, 3, 3, 5;6;0;10;7;9
Woodland;Farmland, 3, 3, 5;9;2;6;7;2
Woodland;Farmland, 3, 3, 7;4;5;5;2;0
Woodland;Farmland, 3, 3, 7;6;5;5;0;0
Woodland;Farmland, 4, 0, 0;10;6;10;0;10
Woodland;Farmland, 4, 0, 0;12;0;18;0;12
Woodland;Farmland, 4, 0, 0;12;0;18;1;11
Woodland;Farmland, 4, 0, 1;9;6;10;4;4
Woodland;Farmland, 4, 0, 1;11;0;18;0;12
Woodland;Farmland, 4, 0, 2;8;6;10;4;4
Woodland;Farmland, 4, 0, 2;10;0;18;0;12
Woodland;Farmland, 4, 0, 2;10;0;18;4;6
Woodland;Farmland, 4, 0, 4;4;6;10;0;10
Woodland;Farmland, 4, 0, 4;4;6;10;1;9
Woodland;Farmland, 4, 0, 4;4;6;10;4;4
Woodland;Farmland, 4, 0, 4;6;0;18;1;11
Woodland;Farmland, 4, 0, 4;6;0;18;4;6
Woodland;Farmland, 4, 1, 0;8;4;9;7;4
Woodland;Farmland, 4, 1, 0;8;6;8;5;3
Woodland;Farmland, 4, 1, 0;9;6;9;1;8
Woodland;Farmland, 4, 1, 0;10;4;7;7;4
Woodland;Farmland, 4, 1, 0;13;0;17;0;14
Woodland;Farmland, 4, 1, 0;14;0;17;0;13
Woodland;Farmland, 4, 1, 0;14;0;17;1;12
Woodland;Farmland, 4, 1, 1;12;0;14;7;5
Woodland;Farmland, 4, 1, 5;2;4;8;7;2
Woodland;Farmland, 4, 1, 5;2;6;7;5;2
Woodland;Farmland, 4, 1, 5;3;6;8;1;7
Woodland;Farmland, 4, 1, 7;2;4;6;5;4
Woodland;Farmland, 4, 1, 7;4;4;7;0;10
Woodland;Farmland, 4, 1, 7;4;4;9;1;7
Woodland;Farmland, 4, 2, 0;16;0;13;2;14
Woodland;Farmland, 4, 2, 1;7;6;4;5;3
Woodland;Farmland, 4, 2, 2;14;0;13;2;14
Woodland;Farmland, 4, 2, 2;14;0;13;3;13
Woodland;Farmland, 4, 2, 2;14;0;13;7;5
Woodland;Farmland, 4, 2, 3;13;0;13;1;15
Woodland;Farmland, 4, 2, 5;3;6;4;0;8
Woodland;Farmland, 4, 2, 7;3;2;9;7;3
Woodland;Farmland, 4, 2, 7;5;0;13;2;14
Woodland;Farmland, 4, 2, 7;5;0;13;7;5
Woodland;Farmland, 4, 3, 0;9;6;4;5;2
Woodland;Farmland, 4, 3, 1;7;4;5;7;7
Woodland;Farmland, 4, 3, 1;7;4;6;7;6
Woodland;Farmland, 4, 3, 1;8;6;4;1;8
Woodland;Farmland, 4, 3, 5;2;4;6;7;5
Woodland;Farmland, 4, 3, 5;2;6;4;1;8
Woodland;Farmland, 4, 3, 7;5;2;8;7;5
Woodland;Farmland, 4, 3, 7;5;4;6;1;8
Woodland;Farmland, 4, 3, 7;5;4;6;5;2
Woodland;Farmland, 4, 3, 7;7;4;5;0;8
Woodland;Farmland, 4, 3, 7;8;2;6;7;4
Woodland;Farmland, 4, 3, 7;8;2;7;7;3
Woodland;Farmland, 4, 3, 7;9;0;9;7;8
Woodland;Farmland, 4, 4, 0;18;2;6;1;17
Woodland;Farmland, 4, 4, 0;18;2;6;7;7
Woodland;Farmland, 4, 4, 1;17;2;6;7;7
Woodland;Farmland, 4, 4, 2;16;2;6;7;7
Woodland;Farmland, 4, 4, 7;7;2;6;1;17
Woodland;Farmland, 4, 4, 7;7;2;6;7;7
Woodland;Farmland, 5, 0, 0;11;4;7;6;6
Woodland;Farmland, 5, 0, 1;10;4;8;6;5
Woodland;Farmland, 5, 0, 2;10;4;8;1;13
Woodland;Farmland, 5, 0, 4;5;4;8;6;5
Woodland;Farmland, 5, 0, 5;6;3;8;6;4
Woodland;Farmland, 5, 0, 5;6;4;8;5;4
Woodland;Farmland, 5, 0, 6;4;4;8;1;11
Woodland;Farmland, 5, 0, 6;4;4;8;4;6
Woodland;Farmland, 5, 0, 6;5;3;8;5;5
Woodland;Farmland, 5, 0, 6;5;4;7;1;11
Woodland;Farmland, 5, 0, 6;6;2;7;6;5
Woodland;Farmland, 5, 0, 6;6;4;7;1;10
Woodland;Farmland, 5, 1, 0;12;3;5;8;5
Woodland;Farmland, 5, 1, 0;13;4;8;1;13
Woodland;Farmland, 5, 1, 1;8;4;6;7;5
Woodland;Farmland, 5, 1, 1;9;3;7;8;5
Woodland;Farmland, 5, 1, 7;6;4;4;5;2
Woodland;Farmland, 5, 1, 7;6;4;6;1;7
Woodland;Farmland, 5, 1, 8;4;3;7;1;10
Woodland;Farmland, 5, 1, 8;5;3;5;1;11
Woodland;Farmland, 5, 2, 0;19;0;11;2;15
Woodland;Farmland, 5, 2, 1;12;4;6;1;13
Woodland;Farmland, 5, 2, 8;5;3;4;2;10
Woodland;Farmland, 5, 2, 8;5;3;6;2;8
Woodland;Farmland, 5, 2, 8;6;0;11;2;14
Woodland;Farmland, 5, 3, 0;12;3;4;8;6
Woodland;Farmland, 5, 3, 1;10;4;4;7;5
Woodland;Farmland, 5, 3, 1;13;4;3;2;15
Woodland;Farmland, 5, 3, 2;9;3;6;8;5
Woodland;Farmland, 5, 3, 6;5;4;4;6;5
Woodland;Farmland, 5, 3, 8;5;3;3;6;3
Woodland;Farmland, 5, 3, 8;7;0;9;8;4
Woodland;Farmland, 5, 3, 8;9;3;2;2;9
Woodland;Farmland, 6, 0, 0;16;0;16;0;16
Woodland;Farmland, 6, 0, 0;16;0;16;1;15
Woodland;Farmland, 6, 0, 1;15;0;16;0;16
Woodland;Farmland, 6, 0, 1;15;0;16;1;15
Woodland;Farmland, 6, 0, 1;15;0;16;6;6
Woodland;Farmland, 6, 0, 2;14;0;16;0;16
Woodland;Farmland, 6, 0, 2;14;0;16;1;15
Woodland;Farmland, 6, 0, 6;6;0;16;1;15
Woodland;Farmland, 6, 0, 6;6;0;16;6;6
Woodland;Farmland, 6, 1, 0;13;4;3;8;6
Woodland;Farmland, 6, 1, 0;13;5;2;7;6
Woodland;Farmland, 6, 1, 0;14;5;4;1;15
Woodland;Farmland, 6, 1, 0;16;0;13;0;19
Woodland;Farmland, 6, 1, 0;16;0;14;0;18
Woodland;Farmland, 6, 1, 0;18;0;14;0;16
Woodland;Farmland, 6, 1, 0;19;0;13;0;16
Woodland;Farmland, 6, 1, 1;15;0;13;0;19
Woodland;Farmland, 6, 1, 1;15;0;13;1;18
Woodland;Farmland, 6, 1, 1;15;0;14;1;17
Woodland;Farmland, 6, 1, 1;18;0;13;1;15
Woodland;Farmland, 6, 1, 2;14;0;13;0;19
Woodland;Farmland, 6, 1, 2;16;0;14;1;15
Woodland;Farmland, 6, 1, 2;17;0;13;1;15
Woodland;Farmland, 6, 1, 3;15;0;11;1;18
Woodland;Farmland, 6, 1, 3;15;0;14;0;16
Woodland;Farmland, 6, 1, 7;6;5;2;2;11
Woodland;Farmland, 6, 1, 8;6;4;3;1;12
Woodland;Farmland, 6, 1, 8;6;4;3;2;11
Woodland;Farmland, 6, 2, 1;18;0;12;1;18
Woodland;Farmland, 6, 2, 1;18;0;12;2;17
Woodland;Farmland, 6, 2, 1;18;0;12;8;6
Woodland;Farmland, 6, 2, 2;17;0;12;1;18
Woodland;Farmland, 6, 2, 2;17;0;12;2;17
Woodland;Farmland, 6, 2, 3;16;0;12;2;17
Woodland;Farmland, 6, 2, 8;4;0;12;8;4
Woodland;Farmland, 6, 2, 8;6;0;12;1;18
Woodland;Farmland, 6, 3, 2;14;5;1;1;14
Woodland;Farmland, 6, 3, 8;6;0;9;8;8
Woodland;Farmland, 6, 3, 8;6;0;10;8;7
Woodland;Farmland, 6, 3, 8;7;0;10;1;20
Woodland;Farmland, 6, 4, 3;19;0;8;8;9
Woodland;Farmland, 6, 5, 0;24;0;7;9;8
Woodland;Farmland, 6, 5, 9;9;0;7;2;21
Woodland;Farmland, 6, 6, 0;24;0;7;1;23
Woodland;Farmland, 6, 6, 1;21;2;5;2;20
Woodland;Farmland, 6, 6, 2;22;0;7;0;24
Woodland;Farmland, 6, 6, 2;22;0;7;9;9
Woodland;Farmland, 6, 6, 9;7;0;7;9;7
Woodland;Farmland, 6, 6, 9;9;0;7;1;23
Woodland;Farmland, 6, 6, 9;9;2;3;2;18
Woodland;Farmland, 7, 0, 1;15;0;12;1;19
Woodland;Farmland, 7, 0, 1;19;0;12;6;6
Woodland;Farmland, 7, 0, 2;18;0;12;1;15
Woodland;Farmland, 7, 0, 2;18;0;12;2;14
Woodland;Farmland, 7, 0, 6;7;0;12;1;18
Woodland;Farmland, 7, 0, 6;8;0;12;6;8
Woodland;Farmland, 7, 0, 6;8;6;0;1;13
Woodland;Farmland, 7, 1, 6;7;5;1;5;8
Woodland;Farmland, 7, 1, 8;6;4;0;2;16
Woodland;Farmland, 7, 2, 1;21;0;10;1;19
Woodland;Farmland, 7, 2, 1;21;0;10;2;18
Woodland;Farmland, 7, 2, 2;20;0;10;2;18
Woodland;Farmland, 7, 2, 3;17;0;10;0;22
Woodland;Farmland, 7, 2, 8;8;0;10;0;21
Woodland;Farmland, 7, 2, 8;8;4;1;2;12
Woodland;Farmland, 7, 4, 0;20;3;2;8;8
Woodland;Farmland, 7, 4, 0;24;0;8;0;24
Woodland;Farmland, 7, 4, 0;24;0;8;2;22
Woodland;Farmland, 7, 4, 1;19;3;2;8;8
Woodland;Farmland, 7, 4, 1;20;3;2;2;18
Woodland;Farmland, 7, 4, 1;20;3;2;8;7
Woodland;Farmland, 7, 4, 1;23;0;8;0;24
Woodland;Farmland, 7, 4, 1;23;0;8;1;23
Woodland;Farmland, 7, 4, 1;23;0;8;2;22
Woodland;Farmland, 7, 4, 1;23;0;8;8;11
Woodland;Farmland, 7, 4, 2;22;0;8;2;22
Woodland;Farmland, 7, 4, 8;8;3;2;2;18
Woodland;Farmland, 7, 4, 8;11;0;8;1;23
Woodland;Farmland, 7, 4, 8;11;0;8;8;11
Woodland;Farmland, 7, 5, 0;23;2;3;2;20
Woodland;Farmland, 7, 5, 2;21;0;6;0;26
Woodland;Farmland, 7, 5, 9;8;2;3;8;7
Woodland;Farmland, 7, 6, 0;26;0;5;1;25
Woodland;Farmland, 7, 6, 1;22;2;3;9;9
Woodland;Farmland, 7, 6, 1;22;2;4;2;22
Woodland;Farmland, 7, 6, 1;25;0;5;9;11
Woodland;Farmland, 7, 6, 8;12;2;1;9;8
Woodland;Farmland, 7, 6, 9;8;1;4;9;9
Woodland;Farmland, 7, 6, 9;8;2;1;8;12
Woodland;Farmland, 7, 6, 9;11;0;6;2;23
Woodland;Farmland, 7, 7, 1;27;0;3;9;11
Woodland;Farmland, 7, 7, 2;23;2;0;1;24
Woodland;Farmland, 7, 7, 8;12;2;0;9;9
Woodland;Farmland, 7, 7, 9;9;2;0;8;12
Woodland;Farmland, 7, 7, 9;12;1;1;9;8
Woodland;Farmland, 8, 0, 0;20;0;12;0;20
Woodland;Farmland, 8, 0, 0;20;0;12;1;19
Woodland;Farmland, 8, 0, 0;22;0;10;0;22
Woodland;Farmland, 8, 0, 0;22;0;10;1;21
Woodland;Farmland, 8, 0, 1;21;0;10;0;22
Woodland;Farmland, 8, 0, 1;21;0;10;6;12
Woodland;Farmland, 8, 0, 2;15;6;0;1;18
Woodland;Farmland, 8, 0, 2;17;6;0;6;7
Woodland;Farmland, 8, 0, 2;18;0;12;0;20
Woodland;Farmland, 8, 0, 2;18;6;0;6;6
Woodland;Farmland, 8, 0, 2;20;0;10;0;22
Woodland;Farmland, 8, 0, 6;6;6;0;6;10
Woodland;Farmland, 8, 0, 6;7;6;0;1;18
Woodland;Farmland, 8, 0, 6;7;6;0;6;9
Woodland;Farmland, 8, 0, 6;8;6;0;0;18
Woodland;Farmland, 8, 0, 6;8;6;0;6;8
Woodland;Farmland, 8, 0, 6;9;6;0;6;7
Woodland;Farmland, 8, 0, 6;10;6;0;6;6
Woodland;Farmland, 8, 0, 6;12;0;10;1;21
Woodland;Farmland, 8, 0, 6;12;0;10;6;12
Woodland;Farmland, 8, 1, 0;20;4;0;8;7
Woodland;Farmland, 8, 1, 1;16;5;1;7;8
Woodland;Farmland, 8, 1, 1;18;5;2;1;16
Woodland;Farmland, 8, 1, 2;14;4;2;8;9
Woodland;Farmland, 8, 1, 6;10;4;0;8;7
Woodland;Farmland, 8, 1, 7;8;3;3;8;7
Woodland;Farmland, 8, 1, 7;8;5;1;1;16
Woodland;Farmland, 8, 1, 7;8;5;1;6;7
Woodland;Farmland, 8, 1, 8;7;4;0;6;10
Woodland;Farmland, 8, 1, 8;7;4;2;1;17
Woodland;Farmland, 8, 1, 8;10;4;1;1;15
Woodland;Farmland, 8, 2, 0;22;0;10;2;20
Woodland;Farmland, 8, 2, 0;23;0;9;1;22
Woodland;Farmland, 8, 2, 1;15;4;2;8;9
Woodland;Farmland, 8, 2, 1;22;0;9;8;10
Woodland;Farmland, 8, 2, 2;14;4;1;8;10
Woodland;Farmland, 8, 2, 2;14;5;0;7;9
Woodland;Farmland, 8, 2, 2;15;5;1;0;19
Woodland;Farmland, 8, 2, 2;20;0;10;1;21
Woodland;Farmland, 8, 2, 2;21;0;9;0;23
Woodland;Farmland, 8, 2, 2;22;0;7;1;23
Woodland;Farmland, 8, 2, 2;22;0;8;0;23
Woodland;Farmland, 8, 2, 3;19;0;10;1;21
Woodland;Farmland, 8, 2, 3;19;0;10;2;20
Woodland;Farmland, 8, 2, 3;20;0;8;1;23
Woodland;Farmland, 8, 2, 6;6;4;1;8;10
Woodland;Farmland, 8, 2, 7;6;5;1;6;8
Woodland;Farmland, 8, 2, 7;9;5;0;0;16
Woodland;Farmland, 8, 2, 8;7;2;4;8;10
Woodland;Farmland, 8, 2, 8;7;4;2;0;18
Woodland;Farmland, 8, 2, 8;8;2;4;8;9
Woodland;Farmland, 8, 2, 8;8;4;1;0;18
Woodland;Farmland, 8, 2, 8;9;2;3;8;9
Woodland;Farmland, 8, 2, 8;9;4;2;6;6
Woodland;Farmland, 8, 2, 8;11;0;8;2;21
Woodland;Farmland, 8, 3, 0;25;0;7;0;22
Woodland;Farmland, 8, 3, 0;25;0;7;1;21
Woodland;Farmland, 8, 3, 2;15;4;0;8;10
Woodland;Farmland, 8, 3, 2;16;4;1;8;8
Woodland;Farmland, 8, 3, 2;20;0;7;0;25
Woodland;Farmland, 8, 3, 3;19;0;6;2;24
Woodland;Farmland, 8, 3, 3;19;0;8;2;22
Woodland;Farmland, 8, 3, 7;6;5;0;0;18
Woodland;Farmland, 8, 3, 8;9;2;5;8;8
Woodland;Farmland, 8, 3, 8;9;4;0;0;18
Woodland;Farmland, 8, 3, 8;9;4;0;6;8
Woodland;Farmland, 8, 3, 8;10;2;4;8;8
Woodland;Farmland, 8, 3, 8;10;4;0;0;17
Woodland;Farmland, 8, 4, 0;24;0;7;0;25
Woodland;Farmland, 8, 4, 0;25;0;7;8;11
Woodland;Farmland, 8, 4, 1;21;3;1;8;10
Woodland;Farmland, 8, 4, 1;24;0;7;2;22
Woodland;Farmland, 8, 4, 2;19;3;2;1;22
Woodland;Farmland, 8, 4, 2;21;3;1;8;9
Woodland;Farmland, 8, 4, 3;21;0;8;0;24
Woodland;Farmland, 8, 4, 8;8;3;2;1;22
Woodland;Farmland, 8, 4, 8;8;3;2;8;10
Woodland;Farmland, 8, 4, 8;9;3;0;8;11
Woodland;Farmland, 8, 4, 8;9;3;1;8;10
Woodland;Farmland, 8, 4, 8;10;3;1;8;9
Woodland;Farmland, 8, 4, 8;10;3;2;1;20
Woodland;Farmland, 8, 4, 8;10;3;2;8;8
Woodland;Farmland, 8, 4, 8;11;3;1;1;20
Woodland;Farmland, 8, 4, 8;13;0;5;2;23
Woodland;Farmland, 8, 4, 8;13;0;6;8;11
Woodland;Farmland, 8, 5, 1;21;2;4;1;23
Woodland;Farmland, 8, 5, 1;23;0;5;2;25
Woodland;Farmland, 8, 5, 9;9;2;3;1;21
Woodland;Farmland, 8, 5, 9;10;0;6;9;10
Woodland;Farmland, 8, 6, 0;26;0;5;0;27
Woodland;Farmland, 8, 6, 0;26;0;6;0;26
Woodland;Farmland, 8, 6, 0;26;0;6;2;24
Woodland;Farmland, 8, 6, 0;26;2;0;9;10
Woodland;Farmland, 8, 6, 0;27;0;5;2;24
Woodland;Farmland, 8, 6, 1;25;0;5;0;27
Woodland;Farmland, 8, 6, 1;25;0;6;0;26
Woodland;Farmland, 8, 6, 1;25;0;6;1;25
Woodland;Farmland, 8, 6, 1;25;0;6;2;24
Woodland;Farmland, 8, 6, 1;26;0;4;9;12
Woodland;Farmland, 8, 6, 1;26;0;5;2;24
Woodland;Farmland, 8, 6, 2;23;2;3;1;23
Woodland;Farmland, 8, 6, 2;24;0;5;0;27
Woodland;Farmland, 8, 6, 2;24;0;5;1;26
Woodland;Farmland, 8, 6, 2;24;0;6;2;24
Woodland;Farmland, 8, 6, 2;25;0;5;2;24
Woodland;Farmland, 8, 6, 9;10;2;0;1;25
Woodland;Farmland, 8, 6, 9;11;0;5;1;26
Woodland;Farmland, 8, 7, 1;23;2;2;1;25
Woodland;Farmland, 8, 7, 1;27;0;2;1;27
Woodland;Farmland, 8, 7, 2;24;0;4;0;28
Woodland;Farmland, 8, 7, 3;23;0;4;0;28
Woodland;Farmland, 8, 8, 0;28;0;4;0;28
Woodland;Farmland, 8, 8, 0;28;0;4;1;27
Woodland;Farmland, 8, 8, 0;28;0;4;2;26
Woodland;Farmland, 8, 8, 1;25;2;2;2;24
Woodland;Farmland, 8, 8, 1;25;2;2;9;11
Woodland;Farmland, 8, 8, 1;27;0;4;0;28
Woodland;Farmland, 8, 8, 1;27;0;4;2;26
Woodland;Farmland, 8, 8, 2;24;2;2;9;11
Woodland;Farmland, 8, 8, 2;26;0;4;1;27
Woodland;Farmland, 8, 8, 2;26;0;4;2;26
Woodland;Farmland, 8, 8, 3;25;0;4;1;27
Woodland;Farmland, 8, 8, 3;25;0;4;2;26
Woodland;Farmland, 8, 8, 3;25;0;4;9;13
Woodland;Farmland, 8, 8, 9;11;2;2;2;24
Woodland;Farmland, 8, 8, 9;11;2;2;9;11
Woodland;Farmland, 8, 8, 9;13;0;4;2;26
Woodland;Farmland, 8, 8, 9;13;0;4;9;13
